inspection_id,date,school_id,has_electricity,has_drinking_water,has_functional_toilet,has_boundary_wall,has_playground,inspector_name,remarks,school_id_clean,date_clean,has_electricity_clean,has_drinking_water_clean,has_functional_toilet_clean,has_boundary_wall_clean,has_playground_clean,infrastructure_deficit_index
INSP02966,2025/04/02,sch_0476,H,True,True,Yes,,Fariq Tripathi,Good condition,SCH0476,2025-04-02,,True,True,True,,0.0
INSP00970,13.05.2025,SCH0337,True,True,Yes,True,H,Unnati Kulkarni,Good condition,SCH0337,,True,True,True,True,,0.0
INSP01386,2025/06/26,SCH0127,True,True,False,Working,Functional,Girik Natt,Toilets locked,SCH0127,2025-06-26,True,True,False,True,True,0.14285714285714285
INSP01234,02-Jun-2025,SCH0372,False,No,True,True,Broken,Rudra Kurian,Good condition,SCH0372,,False,False,True,True,False,0.42857142857142855
INSP02997,2025/10/29,sch0517,True,True,True,True,False,Mohammed Dara,Average,SCH0517,2025-10-29,True,True,True,True,False,0.14285714285714285
INSP02408,10-30-2025,sch_0334,,False,True,False,True,,No remarks,SCH0334,,,False,True,False,True,0.2857142857142857
INSP02849,23.07.2025,S0229,Y,True,True,Yes,Broken,Meera Sachar,Needs repair,SCH0229,,True,True,True,True,False,0.14285714285714285
INSP01240,2025-12-29,0072,True,1,haan,False,0,Shivani Konda,Toilets locked,SCH0072,,True,True,True,False,False,0.2857142857142857
INSP02649,2026-01-20,SCH0516,True,Yes,Working,Haan,1,Yachana Mody,Good condition,SCH0516,,True,True,True,True,True,0.0
INSP01667,2025/05/12,sch_0182,Hai,Hai,haan,na,haan,Eiravati Choudhry,Good condition,SCH0182,2025-05-12,True,True,True,,True,0.0
INSP02398,05/01/2026,SCH0221,Yes,No,Haan,0,Yes,Ira Choudhary,No remarks,SCH0221,,True,False,True,False,True,0.2857142857142857
INSP01451,2025-12-29,S0026,True,False,True,True,Yes,,Needs repair,SCH0026,,True,False,True,True,True,0.14285714285714285
INSP00613,2025-10-04,SCH0092,Haan,True,Available,,False,Maya Chada,Good condition,SCH0092,,True,True,,,False,0.14285714285714285
INSP01189,2025-12-25,sch0063,True,0,True,True,False,Caleb Lala,Toilets locked,SCH0063,,True,False,True,True,False,0.2857142857142857
INSP00832,02-Oct-2025,S0509,Broken,,True,True,False,Xavier Gade,,SCH0509,,False,,True,True,False,0.2857142857142857
INSP02501,2025/05/10,SCH-0033,Available,True,True,No,Nahi,Kamya Ravi,Toilets locked,SCH0033,2025-05-10,,True,True,False,False,0.2857142857142857
INSP00333,10/09/2025,SCH0477,Available,,haan,False,True,Jasmit Ramachandran,Toilets locked,SCH0477,,,,True,False,True,0.14285714285714285
INSP02727,2025/10/06,SCH0522,H,Haan,Working,Working,Yes,Chasmum Uppal,Good condition,SCH0522,2025-10-06,,True,True,True,True,0.0
INSP00145,22/11/2025,sch_0215,No,True,True,True,Kharab,Yachana Mangat,Toilets locked,SCH0215,,False,True,True,True,False,0.2857142857142857
INSP02233,23-Oct-2025,SCH0428,True,True,True,True,Nahi,Samaksh Khare,Average,SCH0428,,True,True,True,True,False,0.14285714285714285
INSP01671,2025-12-22,S0042,True,Functional,Working,Under Repair,H,Manan Mangat,Needs repair,SCH0042,,True,True,True,,,0.0
INSP01776,14/09/2025,S0403,False,1,Y,1,,Manbir Sodhi,Needs repair,SCH0403,,False,True,True,True,,0.14285714285714285
INSP01733,23-Oct-2025,SCH0175,Y,H,False,True,True,Qarin Nayar,Toilets locked,SCH0175,,True,,False,True,True,0.14285714285714285
INSP02204,06.02.2026,0010,0,True,1,No,Yes,,,SCH0010,,False,True,True,False,True,0.2857142857142857
INSP02552,04-08-2025,SCH-0140,False,True,True,Functional,Yes,Gaurangi Ratti,Toilets locked,SCH0140,,False,True,True,True,True,0.14285714285714285
INSP00219,09.09.2025,sch_0325,N,Yes,True,True,False,Zehaan Deshpande,Average,SCH0325,,False,True,True,True,False,0.2857142857142857
INSP00292,25.11.2025,0371,True,True,True,False,1,Chasmum Ganguly,No remarks,SCH0371,,True,True,True,False,True,0.14285714285714285
INSP02177,26/04/2025,SCH0583,Hai,True,,na,Working,Jonathan Jain,Good condition,SCH0583,,True,True,,,True,0.0
INSP00818,16/09/2025,SCH0078,True,False,True,Hai,False,Krishna Gaba,Average,SCH0078,,True,False,True,True,False,0.2857142857142857
INSP00602,2025-11-20,sch0360,True,True,True,Y,False,Umang Sagar,Average,SCH0360,,True,True,True,True,False,0.14285714285714285
INSP00018,15/03/2026,SCH0582,Hai,Yes,H,True,N,Unnati Goel,,SCH0582,,True,True,,True,False,0.14285714285714285
INSP00171,02/04/2025,SCH0067,False,True,Kharab,na,Broken,Sneha Ghosh,Good condition,SCH0067,,False,True,False,,False,0.42857142857142855
INSP01738,02-Oct-2025,S0230,True,True,Hai,Nahi hai,Nahi,Osha Bajwa,,SCH0230,,True,True,True,,False,0.14285714285714285
INSP02283,21-Sep-2025,S0559,True,Haan,1,Haan,haan,Sai Warrior,Average,SCH0559,,True,True,True,True,True,0.0
INSP02803,2026-02-19,SCH-0238,Broken,Available,True,na,Nahi hai,Ekaraj Sehgal,,SCH0238,,False,,True,,,0.14285714285714285
INSP01408,10.03.2026,SCH0274,,True,Haan,Nahi,H,Kamala Roy,Average,SCH0274,,,True,True,False,,0.14285714285714285
INSP00179,12-09-2025,SCH0577,Working,H,True,True,Yes,Riya Kant,Good condition,SCH0577,,True,,True,True,True,0.0
INSP01337,2025-06-03,SCH0011,H,1,True,No,False,Imaran Tandon,Toilets locked,SCH0011,,,True,True,False,False,0.2857142857142857
INSP01815,2025-05-01,sch_0240,False,False,True,True,Not Available,Lavanya Choudhry,Average,SCH0240,,False,False,True,True,,0.2857142857142857
INSP02205,07/11/2025,sch0037,True,True,Functional,Nahi,Nahi,Rudra Bail,Toilets locked,SCH0037,,True,True,True,False,False,0.2857142857142857
INSP01412,05-Aug-2025,SCH0596,Nahi,Working,Functional,na,na,Sai Bhasin,Average,SCH0596,,False,True,True,,,0.14285714285714285
INSP02746,13.11.2025,SCH0422,1,True,Haan,Hai,,Isaac Kalla,,SCH0422,,True,True,True,True,,0.0
INSP01663,06/03/2026,sch_0456,0,1,haan,False,,Neel Ganesh,Needs repair,SCH0456,,False,True,True,False,,0.2857142857142857
INSP01227,29/06/2025,SCH0398,True,False,,True,True,Isaiah Mangat,,SCH0398,,True,False,,True,True,0.14285714285714285
INSP02025,2025-10-08,SCH0219,Haan,True,Functional,Hai,Available,Bhanumati Chaudhari,,SCH0219,,True,True,True,True,,0.0
INSP02771,03.02.2026,SCH0339,True,Functional,True,True,False,Rajata Mistry,Toilets locked,SCH0339,,True,True,True,True,False,0.14285714285714285
INSP02097,05.05.2025,sch_0564,na,False,True,True,,Laksh Dugar,Good condition,SCH0564,,,False,True,True,,0.14285714285714285
INSP00135,03-09-2026,SCH-0542,,H,True,False,Working,Jackson Narasimhan,Toilets locked,SCH0542,,,,True,False,True,0.14285714285714285
INSP02846,2026-02-12,SCH0258,False,1,Yes,True,False,Ishanvi Arya,Average,SCH0258,,False,True,True,True,False,0.2857142857142857
INSP02987,24/06/2025,SCH-0131,,1,Y,0,Functional,Kevin Gade,Needs repair,SCH0131,,,True,True,False,True,0.14285714285714285
INSP00103,24/02/2026,0022,haan,True,Y,Yes,True,Netra Ram,Average,SCH0022,,True,True,True,True,True,0.0
INSP00415,05-Nov-2025,SCH0093,True,True,Working,haan,True,Liam Sibal,Average,SCH0093,,True,True,True,True,True,0.0
INSP02697,2026-02-12,sch0122,Yes,1,Yes,False,True,Hritik Naidu,Toilets locked,SCH0122,,True,True,True,False,True,0.14285714285714285
INSP01484,21/12/2025,S0362,Y,Available,Yes,True,Functional,Hamsini Pandya,Toilets locked,SCH0362,,True,,True,True,True,0.0
INSP01188,2025/06/15,sch0005,Nahi hai,na,Yes,Broken,True,Max Shenoy,Toilets locked,SCH0005,2025-06-15,,,True,False,True,0.14285714285714285
INSP01730,2025-10-26,SCH0476,False,1,True,True,0,,Good condition,SCH0476,,False,True,True,True,False,0.2857142857142857
INSP02006,2025/08/02,0075,H,True,Functional,na,Nahi hai,Zashil Hegde,Average,SCH0075,2025-08-02,,True,True,,,0.0
INSP02154,12-Oct-2025,0434,True,0,Functional,True,Under Repair,,No remarks,SCH0434,,True,False,True,True,,0.14285714285714285
INSP02572,28/04/2025,SCH0556,haan,False,True,na,1,Girindra Tiwari,,SCH0556,,True,False,True,,True,0.14285714285714285
INSP01147,30.09.2025,SCH0535,True,Nahi,True,No,False,Vritti Agarwal,No remarks,SCH0535,,True,False,True,False,False,0.42857142857142855
INSP00310,20/02/2026,SCH0037,True,Working,True,True,Under Repair,,,SCH0037,,True,True,True,True,,0.0
INSP02274,2025/12/19,0434,True,1,True,haan,na,Baghyawati Chana,Toilets locked,SCH0434,2025-12-19,True,True,True,True,,0.0
INSP02440,09.01.2026,sch_0458,Broken,True,Y,True,False,Shivansh Trivedi,Toilets locked,SCH0458,,False,True,True,True,False,0.2857142857142857
INSP00193,12.03.2026,SCH0533,False,haan,True,1,Y,Shivansh Tara,No remarks,SCH0533,,False,True,True,True,True,0.14285714285714285
INSP00195,07/12/2025,SCH0346,True,Available,Yes,True,False,Nimrat Hayer,Toilets locked,SCH0346,,True,,True,True,False,0.14285714285714285
INSP00777,18.06.2025,S0058,Yes,False,Working,True,False,Oeshi Pradhan,Needs repair,SCH0058,,True,False,True,True,False,0.2857142857142857
INSP01678,03-24-2026,sch_0263,Working,H,Yes,1,False,Fitan Halder,Toilets locked,SCH0263,,True,,True,True,False,0.14285714285714285
INSP01236,03/11/2025,SCH-0442,N,True,0,False,Nahi hai,,Good condition,SCH0442,,False,True,False,False,,0.42857142857142855
INSP01394,14/09/2025,SCH0261,True,Y,Functional,False,Broken,Yamini Naidu,Needs repair,SCH0261,,True,True,True,False,False,0.2857142857142857
INSP00045,11-04-2025,SCH-0003,Haan,Functional,Broken,1,True,Nicholas Keer,No remarks,SCH0003,,True,True,False,True,True,0.14285714285714285
INSP01765,28.04.2025,S0167,False,True,N,False,False,Zinal Bhavsar,Average,SCH0167,,False,True,False,False,False,0.5714285714285714
INSP00946,2025/06/09,SCH0129,Hai,True,True,False,Haan,Isaac Khatri,,SCH0129,2025-06-09,True,True,True,False,True,0.14285714285714285
INSP02052,18/08/2025,SCH0398,Functional,Y,False,True,0,Peter Mody,No remarks,SCH0398,,True,True,False,True,False,0.2857142857142857
INSP00830,07-20-2025,SCH-0526,True,False,H,Y,False,Yatin Ghose,Toilets locked,SCH0526,,True,False,,True,False,0.2857142857142857
INSP02967,16.09.2025,sch_0153,Not Available,True,True,False,False,Falak Jaggi,Good condition,SCH0153,,,True,True,False,False,0.2857142857142857
INSP02922,2026/02/04,SCH0194,True,H,haan,Yes,0,Isaiah Nagarajan,,SCH0194,2026-02-04,True,,True,True,False,0.14285714285714285
INSP01279,2025/12/13,SCH0475,haan,True,0,True,na,Ekani Oommen,Average,SCH0475,2025-12-13,True,True,False,True,,0.14285714285714285
INSP02900,28.06.2025,S0138,Nahi,Yes,True,True,No,Maya Sastry,,SCH0138,,False,True,True,True,False,0.2857142857142857
INSP02808,30/04/2025,sch_0052,N,True,True,False,True,Vyanjana Badal,Good condition,SCH0052,,False,True,True,False,True,0.2857142857142857
INSP01802,02-28-2026,sch_0364,False,1,True,True,N,Aishani Dhillon,Needs repair,SCH0364,,False,True,True,True,False,0.2857142857142857
INSP00486,06-Sep-2025,SCH0501,,True,Haan,0,Hai,Faras Yohannan,Average,SCH0501,,,True,True,False,True,0.14285714285714285
INSP02372,03-13-2026,SCH0600,True,False,True,True,False,Upkaar Narang,Good condition,SCH0600,,True,False,True,True,False,0.2857142857142857
INSP00443,2025-05-15,SCH0530,Working,Nahi,Haan,Yes,,Gauri Deshmukh,Average,SCH0530,,True,False,True,True,,0.14285714285714285
INSP01642,26.11.2025,SCH0239,True,True,True,,True,Vasudha Jayaraman,Average,SCH0239,,True,True,True,,True,0.0
INSP02598,28/04/2025,SCH0223,Yes,Available,Hai,True,True,Pranav Master,Average,SCH0223,,True,,True,True,True,0.0
INSP01714,05/07/2025,sch0320,False,True,True,True,True,,Good condition,SCH0320,,False,True,True,True,True,0.14285714285714285
INSP02982,26-Sep-2025,SCH-0169,Under Repair,Y,,,True,Sanya Choudhry,Toilets locked,SCH0169,,,True,,,True,0.0
INSP00757,2025-10-22,SCH-0129,Broken,H,Yes,0,True,Bhanumati Sridhar,Needs repair,SCH0129,,False,,True,False,True,0.2857142857142857
INSP01881,2025/04/29,SCH0593,Y,True,haan,True,Nahi,Hemani Chander,No remarks,SCH0593,2025-04-29,True,True,True,True,False,0.14285714285714285
INSP00241,2025-11-09,sch_0360,True,True,Haan,Haan,True,Peter Rajagopalan,Needs repair,SCH0360,,True,True,True,True,True,0.0
INSP02355,01-22-2026,SCH0211,True,True,N,True,True,Alexander Gokhale,,SCH0211,,True,True,False,True,True,0.14285714285714285
INSP01666,2025-12-27,S0199,True,True,False,False,Nahi hai,Diya Saini,,SCH0199,,True,True,False,False,,0.2857142857142857
INSP02431,16.03.2026,0083,True,Working,Haan,False,Haan,Ikshita Dhillon,No remarks,SCH0083,,True,True,True,False,True,0.14285714285714285
INSP01744,02-10-2026,sch_0308,H,Functional,True,0,Hai,Ekansh Bhandari,No remarks,SCH0308,,,True,True,False,True,0.14285714285714285
INSP00140,10.07.2025,SCH0103,True,True,False,1,N,Zaitra Chandran,Good condition,SCH0103,,True,True,False,True,False,0.2857142857142857
INSP00195,07/12/2025,SCH0346,True,Available,Yes,True,False,Nimrat Hayer,Toilets locked,SCH0346,,True,,True,True,False,0.14285714285714285
INSP00347,16/09/2025,sch_0194,,True,False,H,True,Neel Murthy,,SCH0194,,,True,False,,True,0.14285714285714285
INSP01537,2025-10-29,0105,True,Functional,Haan,False,True,Chandran Gopal,,SCH0105,,True,True,True,False,True,0.14285714285714285
INSP00315,13/11/2025,SCH0483,True,Available,Hai,Nahi hai,False,Anvi Tara,Needs repair,SCH0483,,True,,True,,False,0.14285714285714285
INSP01743,2026-02-06,SCH0257,True,True,True,True,Hai,,,SCH0257,,True,True,True,True,True,0.0
INSP00323,02/10/2025,SCH0316,True,True,True,False,na,Raksha Jain,Good condition,SCH0316,,True,True,True,False,,0.14285714285714285
INSP01682,2026-01-07,sch0302,Working,1,Hai,Haan,True,Vaishnavi Rau,Average,SCH0302,,True,True,True,True,True,0.0
INSP01460,09-05-2025,0289,Working,False,True,na,,Charles Bahri,Average,SCH0289,,True,False,True,,,0.14285714285714285
INSP02034,12.01.2026,SCH-0386,Yes,False,0,False,False,Zarna Rau,,SCH0386,,True,False,False,False,False,0.5714285714285714
INSP00257,21/07/2025,sch0408,,Hai,H,True,Functional,Advay Rama,Average,SCH0408,,,True,,True,True,0.0
INSP02300,17.01.2026,SCH0566,,No,True,N,True,Balhaar Wable,Toilets locked,SCH0566,,,False,True,False,True,0.2857142857142857
INSP01732,11/12/2025,SCH0529,True,False,N,True,0,Dalaja Lala,Needs repair,SCH0529,,True,False,False,True,False,0.42857142857142855
INSP02601,01/03/2026,SCH0154,True,Haan,Functional,Nahi hai,na,Vrishti Dugar,Toilets locked,SCH0154,,True,True,True,,,0.0
INSP00204,09/06/2025,SCH-0590,True,Hai,na,1,True,Jacob Mani,No remarks,SCH0590,,True,True,,True,True,0.0
INSP01785,04-03-2025,sch_0488,False,True,True,Not Available,False,Vidhi Om,Good condition,SCH0488,,False,True,True,,False,0.2857142857142857
INSP00299,14/12/2025,sch0599,Nahi,True,H,No,False,Odika Bhandari,,SCH0599,,False,True,,False,False,0.42857142857142855
INSP00052,2025-12-07,SCH-0320,False,True,Yes,Nahi,Kharab,Daksha Kapadia,Good condition,SCH0320,,False,True,True,False,False,0.42857142857142855
INSP00215,2025-05-19,SCH0419,True,True,True,Kharab,No,Ikbal Nagy,Needs repair,SCH0419,,True,True,True,False,False,0.2857142857142857
INSP00064,03.03.2026,SCH0051,Working,Haan,Functional,False,Nahi,Forum Choudhary,Toilets locked,SCH0051,,True,True,True,False,False,0.2857142857142857
INSP02497,23.02.2026,SCH0004,Y,True,Haan,Y,False,Ayushman Vyas,Needs repair,SCH0004,,True,True,True,True,False,0.14285714285714285
INSP02801,05/08/2025,SCH-0473,Nahi hai,na,N,True,True,Lavanya Thaker,Needs repair,SCH0473,,,,False,True,True,0.14285714285714285
INSP01358,11-12-2025,SCH0527,True,Nahi,Yes,False,False,Ojasvi Chad,Toilets locked,SCH0527,,True,False,True,False,False,0.42857142857142855
INSP00300,2025-04-13,sch_0443,False,Haan,Hai,N,True,Yauvani Narang,Toilets locked,SCH0443,,False,True,True,False,True,0.2857142857142857
INSP00433,27-Aug-2025,SCH0523,Working,Functional,Functional,Y,Yes,Viraj Munshi,Toilets locked,SCH0523,,True,True,True,True,True,0.0
INSP01101,02-26-2026,sch0512,False,Haan,Hai,0,Yes,Abdul Dayal,Average,SCH0512,,False,True,True,False,True,0.2857142857142857
INSP00053,2025-04-05,SCH0112,True,True,Yes,Haan,False,Lipika Agarwal,Needs repair,SCH0112,,True,True,True,True,False,0.14285714285714285
INSP01227,29/06/2025,SCH0398,True,False,,True,True,Isaiah Mangat,,SCH0398,,True,False,,True,True,0.14285714285714285
INSP00795,2025/10/20,0458,N,1,H,True,,Caleb Pandya,No remarks,SCH0458,2025-10-20,False,True,,True,,0.14285714285714285
INSP02078,10-15-2025,SCH0542,na,True,Yes,No,False,Raghav Bakshi,Average,SCH0542,,,True,True,False,False,0.2857142857142857
INSP01252,22-Oct-2025,SCH-0450,True,Yes,Yes,False,False,Dev Sawhney,Average,SCH0450,,True,True,True,False,False,0.2857142857142857
INSP01075,2025/09/03,sch_0176,False,Yes,False,True,False,Oviya Sidhu,Average,SCH0176,2025-09-03,False,True,False,True,False,0.42857142857142855
INSP02378,2025/07/03,SCH-0441,Available,Working,True,True,Nahi,Manthan Bora,,SCH0441,2025-07-03,,True,True,True,False,0.14285714285714285
INSP01588,2025-12-12,SCH0440,Available,Available,Functional,True,H,Yatin Mander,Toilets locked,SCH0440,,,,True,True,,0.0
INSP01289,2025-10-31,sch0546,True,True,1,True,True,Brijesh Natarajan,Toilets locked,SCH0546,,True,True,True,True,True,0.0
INSP01675,2025/08/26,sch_0035,1,H,True,True,,Rachana Vaidya,No remarks,SCH0035,2025-08-26,True,,True,True,,0.0
INSP02133,12-Jan-2026,SCH0367,Available,False,True,Under Repair,Nahi,Krishna Viswanathan,Toilets locked,SCH0367,,,False,True,,False,0.2857142857142857
INSP01448,2026-03-03,sch_0422,True,1,True,,False,Isaac Pall,Average,SCH0422,,True,True,True,,False,0.14285714285714285
INSP02897,14.10.2025,sch_0263,Y,Yes,False,False,False,Idika Muni,No remarks,SCH0263,,True,True,False,False,False,0.42857142857142855
INSP00071,2025/08/20,0047,Hai,,True,False,N,Advaith Ghosh,No remarks,SCH0047,2025-08-20,True,,True,False,False,0.2857142857142857
INSP00643,30/03/2026,sch0506,Working,Functional,Working,1,True,Anjali Lalla,No remarks,SCH0506,,True,True,True,True,True,0.0
INSP02543,04-Mar-2026,SCH0164,False,Haan,Y,False,Working,Quincy Ramaswamy,No remarks,SCH0164,,False,True,True,False,True,0.2857142857142857
INSP00945,11/12/2025,SCH0073,Yes,True,Y,No,H,Omaja Ghose,Toilets locked,SCH0073,,True,True,True,False,,0.14285714285714285
INSP02852,2026-01-11,SCH0050,1,Hai,Yes,,N,Hardik Venkatesh,,SCH0050,,True,True,True,,False,0.14285714285714285
INSP02539,2025-04-21,SCH0131,True,,Hai,True,1,Jeet Swaminathan,,SCH0131,,True,,True,True,True,0.0
INSP01106,13/04/2025,SCH0254,True,,True,1,na,,No remarks,SCH0254,,True,,True,True,,0.0
INSP01175,2025-04-22,SCH0422,Broken,na,True,Nahi hai,Kharab,Amaira Tara,Average,SCH0422,,False,,True,,False,0.2857142857142857
INSP02670,2025-08-10,sch0525,0,H,Broken,True,Under Repair,Krish Kala,,SCH0525,,False,,False,True,,0.2857142857142857
INSP01757,25-Apr-2025,sch_0354,,Yes,True,True,True,Siya Kashyap,,SCH0354,,,True,True,True,True,0.0
INSP00479,2025-07-09,SCH0535,True,N,True,Nahi hai,,Eiravati Buch,Toilets locked,SCH0535,,True,False,True,,,0.14285714285714285
INSP02178,03-01-2026,S0160,haan,True,False,na,True,Madhav Rattan,Needs repair,SCH0160,,True,True,False,,True,0.14285714285714285
INSP02429,14/06/2025,0291,True,Y,False,True,False,Ekantika Nath,Needs repair,SCH0291,,True,True,False,True,False,0.2857142857142857
INSP00730,10-09-2025,SCH-0305,Y,False,Y,H,N,Eshana Dey,Needs repair,SCH0305,,True,False,True,,False,0.2857142857142857
INSP01761,2025/07/18,S0564,Nahi hai,Y,Yes,H,,Tanveer Reddy,Average,SCH0564,2025-07-18,,True,True,,,0.0
INSP02282,30/10/2025,SCH0168,True,True,haan,False,Functional,Yug Sur,Average,SCH0168,,True,True,True,False,True,0.14285714285714285
INSP00290,12-28-2025,S0416,,True,,1,True,Warjas Vala,,SCH0416,,,True,,True,True,0.0
INSP01092,23/12/2025,SCH0532,Yes,True,True,False,Y,Balendra Warrior,Needs repair,SCH0532,,True,True,True,False,True,0.14285714285714285
INSP01420,2025-05-01,sch0040,False,Y,haan,True,,Darsh Nori,Needs repair,SCH0040,,False,True,True,True,,0.14285714285714285
INSP00451,2025-07-15,0490,True,True,N,Nahi hai,na,Qushi Tella,Average,SCH0490,,True,True,False,,,0.14285714285714285
INSP02443,02-23-2026,sch0473,1,,True,Yes,,Chavvi Pradhan,,SCH0473,,True,,True,True,,0.0
INSP00808,02.07.2025,SCH0493,Working,Nahi,False,haan,,Azaan Basak,,SCH0493,,True,False,False,True,,0.2857142857142857
INSP00464,30-Jun-2025,SCH0227,True,1,Hai,Available,Nahi,Bhavya Doshi,Average,SCH0227,,True,True,True,,False,0.14285714285714285
INSP02529,2025-07-19,SCH0041,Yes,Available,No,True,1,Advik Raja,Needs repair,SCH0041,,True,,False,True,True,0.14285714285714285
INSP02699,12-03-2025,SCH-0482,Haan,True,False,True,False,,,SCH0482,,True,True,False,True,False,0.2857142857142857
INSP00568,31.03.2026,0043,1,H,False,False,Nahi,Edhitha Srivastava,Needs repair,SCH0043,,True,,False,False,False,0.42857142857142855
INSP01611,11/06/2025,SCH0493,True,Available,True,H,True,Zehaan Virk,Needs repair,SCH0493,,True,,True,,True,0.0
INSP00077,2025-08-18,SCH0186,No,Not Available,H,True,False,Aachal Chandra,Good condition,SCH0186,,False,,,True,False,0.2857142857142857
INSP00332,20-Aug-2025,SCH-0450,1,True,True,True,haan,Fiyaz Chanda,Average,SCH0450,,True,True,True,True,True,0.0
INSP00612,2026/03/17,SCH0327,True,True,Hai,0,,Geetika Raman,,SCH0327,2026-03-17,True,True,True,False,,0.14285714285714285
INSP01074,10/12/2025,S0265,Nahi hai,Available,Haan,H,Kharab,Tanvi Wagle,Toilets locked,SCH0265,,,,True,,False,0.14285714285714285
INSP00145,22/11/2025,sch_0215,No,True,True,True,Kharab,Yachana Mangat,Toilets locked,SCH0215,,False,True,True,True,False,0.2857142857142857
INSP00786,13/02/2026,SCH0313,na,False,Not Available,True,True,Zarna Bhargava,No remarks,SCH0313,,,False,,True,True,0.14285714285714285
INSP00046,14-Nov-2025,S0280,True,H,True,Y,No,Naksh Ray,Good condition,SCH0280,,True,,True,True,False,0.14285714285714285
INSP02908,12-Jun-2025,SCH0248,True,True,Nahi hai,True,False,Bhavani Gaba,Toilets locked,SCH0248,,True,True,,True,False,0.14285714285714285
INSP00344,01-06-2026,SCH-0451,Y,1,1,Working,True,Ganga Korpal,Toilets locked,SCH0451,,True,True,True,True,True,0.0
INSP02171,2025-11-27,S0171,True,True,False,False,False,Anirudh Muni,Good condition,SCH0171,,True,True,False,False,False,0.42857142857142855
INSP01560,06.09.2025,0554,True,True,True,False,No,,Needs repair,SCH0554,,True,True,True,False,False,0.2857142857142857
INSP00545,02-Jun-2025,SCH-0302,False,H,True,True,True,Ishanvi Wason,Needs repair,SCH0302,,False,,True,True,True,0.14285714285714285
INSP01024,11/08/2025,SCH0428,True,Y,Hai,True,Y,Rehaan Ahluwalia,No remarks,SCH0428,,True,True,True,True,True,0.0
INSP00153,15.10.2025,sch0540,True,H,Y,Yes,True,Geetika Kulkarni,,SCH0540,,True,,True,True,True,0.0
INSP01981,2025/05/03,sch_0499,True,1,True,0,False,,Toilets locked,SCH0499,2025-05-03,True,True,True,False,False,0.2857142857142857
INSP01323,2025-09-07,SCH0264,Haan,Functional,H,Yes,False,Triya Dutta,No remarks,SCH0264,,True,True,,True,False,0.14285714285714285
INSP01019,06-06-2025,sch_0303,Available,True,True,haan,Under Repair,Vedant Hayer,No remarks,SCH0303,,,True,True,True,,0.0
INSP02182,2026-01-29,SCH0248,Haan,Working,True,False,True,Krisha Mital,Good condition,SCH0248,,True,True,True,False,True,0.14285714285714285
INSP00001,2025-09-22,0087,True,True,True,haan,,Ira Ranganathan,Good condition,SCH0087,,True,True,True,True,,0.0
INSP01463,2025-06-28,S0247,Nahi,Working,0,True,True,Alexander Garde,Needs repair,SCH0247,,False,True,False,True,True,0.2857142857142857
INSP00622,2025/10/05,sch_0089,False,True,True,False,False,Girish Batta,Average,SCH0089,2025-10-05,False,True,True,False,False,0.42857142857142855
INSP00409,17.04.2025,sch_0069,H,True,True,Nahi,Working,Vaishnavi Sarkar,No remarks,SCH0069,,,True,True,False,True,0.14285714285714285
INSP02837,06-04-2025,sch0424,False,Under Repair,Nahi,False,Under Repair,Gabriel Biswas,Average,SCH0424,,False,,False,False,,0.42857142857142855
INSP01967,30/08/2025,SCH0105,True,na,Y,False,False,Yoshita Sridhar,Toilets locked,SCH0105,,True,,True,False,False,0.2857142857142857
INSP02845,11-29-2025,SCH0341,True,True,True,True,True,Parth Bawa,Average,SCH0341,,True,True,True,True,True,0.0
INSP01622,2026-03-15,SCH0546,True,True,False,Nahi,Y,Chaman Dubey,,SCH0546,,True,True,False,False,True,0.2857142857142857
INSP01367,2025/12/21,sch0078,True,Functional,Hai,True,Hai,Suhani Viswanathan,Good condition,SCH0078,2025-12-21,True,True,True,True,True,0.0
INSP00888,21/08/2025,sch_0179,No,Nahi hai,True,,na,Niharika Subramaniam,,SCH0179,,False,,True,,,0.14285714285714285
INSP01845,05-20-2025,SCH-0105,True,Working,True,True,Under Repair,Wridesh Patil,,SCH0105,,True,True,True,True,,0.0
INSP00033,2025/06/24,SCH-0323,Working,True,True,Yes,1,Urvi Dani,,SCH0323,2025-06-24,True,True,True,True,True,0.0
INSP00212,22/05/2025,SCH0080,Working,True,Available,False,False,Daksh Vora,Good condition,SCH0080,,True,True,,False,False,0.2857142857142857
INSP02551,2025/12/20,sch_0186,True,True,Working,1,Kharab,David Cheema,Toilets locked,SCH0186,2025-12-20,True,True,True,True,False,0.14285714285714285
INSP00015,2025-04-05,SCH0124,True,True,False,H,Y,Yashoda Jani,Average,SCH0124,,True,True,False,,True,0.14285714285714285
INSP00094,28-Oct-2025,SCH0234,Y,na,True,No,True,Ekapad Rattan,Needs repair,SCH0234,,True,,True,False,True,0.14285714285714285
INSP01256,30.08.2025,SCH0037,H,True,True,haan,True,Manya Mody,No remarks,SCH0037,,,True,True,True,True,0.0
INSP01398,2025-11-05,sch_0517,1,haan,haan,Nahi,False,Wahab Patil,Toilets locked,SCH0517,,True,True,True,False,False,0.2857142857142857
INSP02819,2025-11-10,SCH-0116,True,True,False,,Hai,,Good condition,SCH0116,,True,True,False,,True,0.14285714285714285
INSP00355,03/02/2026,SCH0410,True,Y,,True,False,Yoshita Nazareth,Average,SCH0410,,True,True,,True,False,0.14285714285714285
INSP00150,30/12/2025,SCH0428,True,False,False,No,True,Christopher Dutt,Good condition,SCH0428,,True,False,False,False,True,0.42857142857142855
INSP00255,05-May-2025,sch_0540,True,True,na,True,Available,Jai Varughese,Average,SCH0540,,True,True,,True,,0.0
INSP02030,04/04/2025,sch0010,True,True,False,True,False,,,SCH0010,,True,True,False,True,False,0.2857142857142857
INSP00599,13.04.2025,S0292,True,Y,na,True,No,Bakhshi Shan,,SCH0292,,True,True,,True,False,0.14285714285714285
INSP00185,30/05/2025,S0041,False,True,Y,False,False,Osha Iyengar,No remarks,SCH0041,,False,True,True,False,False,0.42857142857142855
INSP00579,2025/06/07,sch0345,0,Yes,Under Repair,False,False,,Average,SCH0345,2025-06-07,False,True,,False,False,0.42857142857142855
INSP01091,12-09-2025,S0447,H,Y,True,True,True,,,SCH0447,,,True,True,True,True,0.0
INSP01174,25-Nov-2025,sch_0340,1,1,True,Yes,False,Maanav Rau,Needs repair,SCH0340,,True,True,True,True,False,0.14285714285714285
INSP02252,04-12-2025,SCH0476,True,1,Working,No,Nahi,Anita Kannan,,SCH0476,,True,True,True,False,False,0.2857142857142857
INSP00472,2025-08-26,SCH-0242,Available,True,Haan,False,Available,Janya Lalla,Average,SCH0242,,,True,True,False,,0.14285714285714285
INSP01966,2026-03-13,0281,Y,Y,False,False,True,Vihaan Varma,Good condition,SCH0281,,True,True,False,False,True,0.2857142857142857
INSP01964,21/06/2025,SCH0598,H,True,H,Available,False,Jeevika Pandit,Average,SCH0598,,,True,,,False,0.14285714285714285
INSP01303,17/03/2026,sch_0359,True,Yes,,True,0,Vihaan Bora,Good condition,SCH0359,,True,True,,True,False,0.14285714285714285
INSP02998,20-Mar-2026,SCH0117,haan,1,,True,0,Arya Shenoy,Toilets locked,SCH0117,,True,True,,True,False,0.14285714285714285
INSP00258,07.06.2025,SCH-0067,False,True,H,Y,Nahi hai,Unnati Iyengar,Toilets locked,SCH0067,,False,True,,True,,0.14285714285714285
INSP01802,02-28-2026,sch_0364,False,1,True,True,N,Aishani Dhillon,Needs repair,SCH0364,,False,True,True,True,False,0.2857142857142857
INSP00933,02-Jul-2025,SCH0176,0,True,Y,True,Hai,Yashasvi Sethi,No remarks,SCH0176,,False,True,True,True,True,0.14285714285714285
INSP01685,20/11/2025,SCH0505,Available,Y,Nahi hai,Nahi hai,False,Ayushman Chand,Average,SCH0505,,,True,,,False,0.14285714285714285
INSP00719,12/06/2025,SCH0533,True,haan,True,Haan,Haan,Harinakshi Boase,,SCH0533,,True,True,True,True,True,0.0
INSP00597,06/02/2026,0014,N,True,False,True,No,Rohan Rau,No remarks,SCH0014,,False,True,False,True,False,0.42857142857142855
INSP00611,2025-09-01,S0432,haan,1,1,Functional,Hai,Nachiket Purohit,No remarks,SCH0432,,True,True,True,True,True,0.0
INSP00756,24/10/2025,sch0489,,haan,Functional,False,False,Suhani Baral,Toilets locked,SCH0489,,,True,True,False,False,0.2857142857142857
INSP02326,08-14-2025,SCH0196,Working,haan,1,True,Haan,Wazir Varty,Good condition,SCH0196,,True,True,True,True,True,0.0
INSP01507,2025/09/28,sch0177,False,,True,False,Yes,Chanchal Parmer,,SCH0177,2025-09-28,False,,True,False,True,0.2857142857142857
INSP02488,12-13-2025,SCH-0209,True,na,True,True,False,Urvi Datta,Toilets locked,SCH0209,,True,,True,True,False,0.14285714285714285
INSP01887,16-Jul-2025,0019,True,Working,True,True,Under Repair,Balvan Vohra,,SCH0019,,True,True,True,True,,0.0
INSP01339,11-Apr-2025,sch0428,0,True,False,1,H,,Good condition,SCH0428,,False,True,False,True,,0.2857142857142857
INSP02612,2025-09-08,SCH0400,,Working,haan,N,False,Wahab Thakkar,No remarks,SCH0400,,,True,True,False,False,0.2857142857142857
INSP00175,18/04/2025,sch_0427,1,Hai,Working,N,Not Available,Abdul Ratti,Average,SCH0427,,True,True,True,False,,0.14285714285714285
INSP01392,10-Jul-2025,S0428,1,H,True,True,1,Yug Pradhan,Needs repair,SCH0428,,True,,True,True,True,0.0
INSP02249,17/03/2026,SCH0026,haan,True,True,True,Under Repair,Tanmayi Goel,,SCH0026,,True,True,True,True,,0.0
INSP00121,2025/09/08,SCH0480,True,H,haan,H,True,Ekanta Ramesh,No remarks,SCH0480,2025-09-08,True,,True,,True,0.0
INSP02893,09/01/2026,sch_0257,True,1,Hai,Y,True,Maya Cheema,Toilets locked,SCH0257,,True,True,True,True,True,0.0
INSP00529,2026-03-25,sch0080,Haan,Working,haan,,True,Jacob Buch,Needs repair,SCH0080,,True,True,True,,True,0.0
INSP02568,2026-01-24,sch_0356,True,True,False,True,True,Mahika Swaminathan,,SCH0356,,True,True,False,True,True,0.14285714285714285
INSP00904,2026-02-13,S0380,,H,1,,False,Sai Vasa,Toilets locked,SCH0380,,,,True,,False,0.14285714285714285
INSP01091,12-09-2025,S0447,H,Y,True,True,True,,,SCH0447,,,True,True,True,True,0.0
INSP02916,2026-03-19,sch_0327,True,1,Nahi,False,True,Aditya Korpal,Needs repair,SCH0327,,True,True,False,False,True,0.2857142857142857
INSP00440,10-15-2025,SCH-0026,haan,True,1,True,True,Ronith Desai,Toilets locked,SCH0026,,True,True,True,True,True,0.0
INSP01379,06/04/2025,sch_0026,True,H,Yes,1,,Samar Sandal,Average,SCH0026,,True,,True,True,,0.0
INSP02773,27-Aug-2025,SCH0124,True,True,True,Available,True,Pratyush Parsa,Good condition,SCH0124,,True,True,True,,True,0.0
INSP02145,07-12-2025,SCH0522,Yes,,False,haan,H,Hemal Contractor,Good condition,SCH0522,,True,,False,True,,0.14285714285714285
INSP00189,12/10/2025,SCH-0311,True,1,True,haan,Working,Ishanvi Mangal,Average,SCH0311,,True,True,True,True,True,0.0
INSP01951,13.08.2025,SCH-0202,Haan,Y,0,haan,True,,Average,SCH0202,,True,True,False,True,True,0.14285714285714285
INSP01265,12/01/2026,SCH-0122,Y,Y,True,na,N,Maanas Murty,Toilets locked,SCH0122,,True,True,True,,False,0.14285714285714285
INSP02351,20-Apr-2025,SCH0204,True,False,Y,False,Nahi hai,Leena Wason,,SCH0204,,True,False,True,False,,0.2857142857142857
INSP01115,2025/04/09,sch_0269,,False,na,True,H,Darsh Krishna,No remarks,SCH0269,2025-04-09,,False,,True,,0.14285714285714285
INSP00271,01-12-2026,SCH0240,haan,H,Yes,True,False,Timothy Ghosh,Toilets locked,SCH0240,,True,,True,True,False,0.14285714285714285
INSP00001,2025-09-22,0087,True,True,True,haan,,Ira Ranganathan,Good condition,SCH0087,,True,True,True,True,,0.0
INSP00252,04/10/2025,SCH0111,Y,True,haan,1,False,Mohini Soni,,SCH0111,,True,True,True,True,False,0.14285714285714285
INSP00369,03-27-2026,0347,Nahi,True,Nahi hai,Yes,Haan,Geetika Mishra,Toilets locked,SCH0347,,False,True,,True,True,0.14285714285714285
INSP00388,2025-06-27,sch_0573,Available,True,H,Nahi hai,Functional,Ishaan Chandran,Average,SCH0573,,,True,,,True,0.0
INSP00292,25.11.2025,0371,True,True,True,False,1,Chasmum Ganguly,No remarks,SCH0371,,True,True,True,False,True,0.14285714285714285
INSP01422,09.01.2026,sch0024,True,True,,haan,Nahi,George Rai,Good condition,SCH0024,,True,True,,True,False,0.14285714285714285
INSP00810,25/10/2025,sch_0511,Nahi hai,True,True,False,False,Ira Lall,,SCH0511,,,True,True,False,False,0.2857142857142857
INSP01953,2025/06/06,SCH0033,Kharab,,na,Nahi hai,True,Ria Ray,No remarks,SCH0033,2025-06-06,False,,,,True,0.14285714285714285
INSP02483,2025-06-27,SCH0237,,H,1,True,True,Bhanumati Balay,Needs repair,SCH0237,,,,True,True,True,0.0
INSP00247,2025/12/19,sch0255,No,True,False,True,False,,Needs repair,SCH0255,2025-12-19,False,True,False,True,False,0.42857142857142855
INSP01238,2025/05/20,SCH0211,1,Y,na,True,Yes,Finn Oommen,No remarks,SCH0211,2025-05-20,True,True,,True,True,0.0
INSP02432,2025-08-05,S0406,True,,Haan,Under Repair,True,Lekha Khanna,Average,SCH0406,,True,,True,,True,0.0
INSP01150,09-Oct-2025,SCH0432,na,True,True,False,Nahi,Abhimanyu Gopal,Needs repair,SCH0432,,,True,True,False,False,0.2857142857142857
INSP02168,03/09/2025,S0592,Not Available,1,H,True,Not Available,Isha Nazareth,,SCH0592,,,True,,True,,0.0
INSP00977,28.08.2025,0305,1,Yes,True,Working,N,Samar Modi,Good condition,SCH0305,,True,True,True,True,False,0.14285714285714285
INSP02500,09-14-2025,SCH0294,Y,Haan,1,True,,,Needs repair,SCH0294,,True,True,True,True,,0.0
INSP00719,12/06/2025,SCH0533,True,haan,True,Haan,Haan,Harinakshi Boase,,SCH0533,,True,True,True,True,True,0.0
INSP02165,31-Oct-2025,SCH0541,True,True,haan,Hai,True,Vansha Mand,Toilets locked,SCH0541,,True,True,True,True,True,0.0
INSP00444,04-Feb-2026,SCH0458,Hai,True,Working,True,haan,Abha Om,Toilets locked,SCH0458,,True,True,True,True,True,0.0
INSP02806,12/10/2025,0599,Hai,True,False,False,True,Abhiram Karnik,Needs repair,SCH0599,,True,True,False,False,True,0.2857142857142857
INSP00565,21-Jul-2025,S0573,True,Nahi hai,True,Yes,False,Lohit Palan,Good condition,SCH0573,,True,,True,True,False,0.14285714285714285
INSP02093,29-Oct-2025,S0375,Yes,Yes,True,Working,True,Rudra Master,Toilets locked,SCH0375,,True,True,True,True,True,0.0
INSP00677,11-04-2025,SCH0143,0,True,Y,True,False,Turvi Agarwal,Needs repair,SCH0143,,False,True,True,True,False,0.2857142857142857
INSP00880,2025-07-08,SCH0590,Working,Y,True,,False,,Toilets locked,SCH0590,,True,True,True,,False,0.14285714285714285
INSP02660,07/03/2026,sch0552,True,Y,False,True,na,Nidra Bhatt,No remarks,SCH0552,,True,True,False,True,,0.14285714285714285
INSP01860,08-17-2025,SCH0576,True,True,Available,H,Nahi hai,Onveer Kalla,Toilets locked,SCH0576,,True,True,,,,0.0
INSP02795,15.12.2025,SCH0260,True,True,True,1,N,Arin Seshadri,Average,SCH0260,,True,True,True,True,False,0.14285714285714285
INSP00176,2025/11/13,SCH0556,1,True,Hai,False,False,Tanay Master,Toilets locked,SCH0556,2025-11-13,True,True,True,False,False,0.2857142857142857
INSP00556,16-Jun-2025,sch0479,na,True,Haan,False,Broken,Banjeet Garde,Toilets locked,SCH0479,,,True,True,False,False,0.2857142857142857
INSP02222,19.11.2025,SCH-0140,Functional,True,True,,,Tanvi Gupta,Average,SCH0140,,True,True,True,,,0.0
INSP01557,23/04/2025,S0097,N,True,True,Y,Yes,Vidhi Dora,Good condition,SCH0097,,False,True,True,True,True,0.14285714285714285
INSP02959,24/02/2026,SCH0062,False,H,True,Available,0,Zinal Halder,No remarks,SCH0062,,False,,True,,False,0.2857142857142857
INSP02293,2026-03-07,0237,False,haan,Haan,Broken,0,Janani Varkey,No remarks,SCH0237,,False,True,True,False,False,0.42857142857142855
INSP01809,19-Dec-2025,S0294,Available,Haan,,Nahi hai,haan,Nathaniel Mani,Needs repair,SCH0294,,,True,,,True,0.0
INSP00868,2025-04-09,sch_0321,Working,0,True,N,Kharab,,Good condition,SCH0321,,True,False,True,False,False,0.42857142857142855
INSP02119,2025-04-30,sch_0022,True,True,True,True,Haan,Dalbir Tandon,Good condition,SCH0022,,True,True,True,True,True,0.0
INSP00450,2025-12-28,SCH0066,Nahi,Hai,Haan,Nahi hai,True,,Toilets locked,SCH0066,,False,True,True,,True,0.14285714285714285
INSP01135,2025/10/20,SCH-0317,Haan,False,False,na,False,Advik Peri,Needs repair,SCH0317,2025-10-20,True,False,False,,False,0.42857142857142855
INSP01851,02-28-2026,SCH0294,True,True,True,True,True,Keya Dua,,SCH0294,,True,True,True,True,True,0.0
INSP00582,27.12.2025,S0312,False,H,False,,False,Lekha Mammen,,SCH0312,,False,,False,,False,0.42857142857142855
INSP02491,2026-01-27,SCH0066,False,Hai,Haan,Broken,True,Eta Lalla,Average,SCH0066,,False,True,True,False,True,0.2857142857142857
INSP02051,22.10.2025,SCH0072,Functional,H,Y,Available,Yes,Thomas Dhar,Good condition,SCH0072,,True,,True,,True,0.0
INSP02664,06-13-2025,sch0199,No,True,False,,Nahi hai,Bakhshi Koshy,No remarks,SCH0199,,False,True,False,,,0.2857142857142857
INSP01426,2026-01-18,SCH-0067,True,1,1,True,True,Urvi Chandra,Average,SCH0067,,True,True,True,True,True,0.0
INSP02172,05-25-2025,SCH-0172,False,Functional,haan,Yes,Hai,Upadhriti Singhal,No remarks,SCH0172,,False,True,True,True,True,0.14285714285714285
INSP00765,26/04/2025,SCH0333,na,True,False,Nahi,na,Maanas Gupta,,SCH0333,,,True,False,False,,0.2857142857142857
INSP02549,04-10-2025,SCH0193,True,Yes,True,Nahi hai,False,Advik Morar,Good condition,SCH0193,,True,True,True,,False,0.14285714285714285
INSP00508,2026/03/14,SCH0042,Hai,True,False,True,True,,Good condition,SCH0042,2026-03-14,True,True,False,True,True,0.14285714285714285
INSP01946,13/11/2025,SCH0282,haan,Yes,Hai,False,True,Yug Sachdeva,Average,SCH0282,,True,True,True,False,True,0.14285714285714285
INSP00267,2025-12-26,SCH0482,True,True,Functional,False,False,Manthan Maharaj,Needs repair,SCH0482,,True,True,True,False,False,0.2857142857142857
INSP00197,2026-01-14,SCH0416,H,False,,Functional,True,Rajata Sarraf,Average,SCH0416,,,False,,True,True,0.14285714285714285
INSP02941,04-18-2025,SCH0198,Available,,True,False,False,Jalsa Dhar,Average,SCH0198,,,,True,False,False,0.2857142857142857
INSP00089,2025-06-14,SCH0256,H,True,False,No,True,Thomas Kar,No remarks,SCH0256,,,True,False,False,True,0.2857142857142857
INSP02884,12/06/2025,SCH0265,haan,True,True,False,Y,Nitara Chandra,Needs repair,SCH0265,,True,True,True,False,True,0.14285714285714285
INSP01318,06.06.2025,S0350,Y,True,True,True,False,,Good condition,SCH0350,,True,True,True,True,False,0.14285714285714285
INSP02826,13.04.2025,SCH0414,Functional,True,True,True,True,Warinder Palan,Good condition,SCH0414,,True,True,True,True,True,0.0
INSP00679,2025/07/25,SCH0278,True,1,Nahi,True,No,Wishi Hayre,No remarks,SCH0278,2025-07-25,True,True,False,True,False,0.2857142857142857
INSP00913,2025/05/03,S0592,Under Repair,Yes,haan,haan,False,Aarini Korpal,Toilets locked,SCH0592,2025-05-03,,True,True,True,False,0.14285714285714285
INSP00728,2026/03/30,SCH-0033,H,True,True,True,True,Ridhi Gour,No remarks,SCH0033,2026-03-30,,True,True,True,True,0.0
INSP00411,23/01/2026,SCH0049,True,Working,True,True,False,Harita Bala,Needs repair,SCH0049,,True,True,True,True,False,0.14285714285714285
INSP00991,22.01.2026,SCH0546,1,True,True,Yes,False,Keya Sampath,Good condition,SCH0546,,True,True,True,True,False,0.14285714285714285
INSP00583,25/06/2025,sch0152,False,N,Y,True,False,,Needs repair,SCH0152,,False,False,True,True,False,0.42857142857142855
INSP02724,2025-12-23,sch0574,haan,Y,True,,False,Urvi D’Alia,,SCH0574,,True,True,True,,False,0.14285714285714285
INSP00026,09-25-2025,0114,,True,True,Y,1,,Needs repair,SCH0114,,,True,True,True,True,0.0
INSP02359,08-03-2025,sch0388,,True,True,True,Not Available,Eshana Devan,,SCH0388,,,True,True,True,,0.0
INSP02709,11.12.2025,sch_0525,Available,1,True,Yes,,,No remarks,SCH0525,,,True,True,True,,0.0
INSP01948,2025/11/04,S0221,True,Functional,Yes,1,1,Wahab Nadig,Toilets locked,SCH0221,2025-11-04,True,True,True,True,True,0.0
INSP02015,22/08/2025,SCH0162,True,True,haan,Nahi hai,False,Isaac Verma,Toilets locked,SCH0162,,True,True,True,,False,0.14285714285714285
INSP02164,23-Jan-2026,SCH0093,True,Working,True,False,No,Chameli Ravel,No remarks,SCH0093,,True,True,True,False,False,0.2857142857142857
INSP01840,12.03.2026,S0388,True,,True,na,Under Repair,Laksh Puri,Toilets locked,SCH0388,,True,,True,,,0.0
INSP00322,25-Aug-2025,SCH-0408,True,Nahi,Y,False,True,Harrison Sharaf,Toilets locked,SCH0408,,True,False,True,False,True,0.2857142857142857
INSP01427,25.04.2025,SCH-0474,True,True,H,True,False,Siddharth Rajagopalan,Average,SCH0474,,True,True,,True,False,0.14285714285714285
INSP02426,2025/07/14,SCH-0567,True,False,True,Available,Y,Jack Thaker,Average,SCH0567,2025-07-14,True,False,True,,True,0.14285714285714285
INSP01610,30.08.2025,SCH-0406,True,Nahi hai,,Y,No,Abhiram Kapadia,,SCH0406,,True,,,True,False,0.14285714285714285
INSP00424,2025/10/22,S0072,True,H,True,Hai,na,Jonathan Murty,Needs repair,SCH0072,2025-10-22,True,,True,True,,0.0
INSP01413,09-May-2025,S0543,True,True,1,False,1,Jairaj Buch,,SCH0543,,True,True,True,False,True,0.14285714285714285
INSP00068,08/05/2025,SCH0361,True,Working,True,False,True,Wahab Vala,,SCH0361,,True,True,True,False,True,0.14285714285714285
INSP02294,07-Mar-2026,S0319,True,True,Hai,True,False,Yashica Chatterjee,Toilets locked,SCH0319,,True,True,True,True,False,0.14285714285714285
INSP01619,09-13-2025,SCH0001,N,1,,Nahi hai,False,Devika Walia,Toilets locked,SCH0001,,False,True,,,False,0.2857142857142857
INSP02607,17.01.2026,sch_0046,True,False,,True,False,Yuvraj Dey,Average,SCH0046,,True,False,,True,False,0.2857142857142857
INSP00032,2025/05/28,SCH0556,Yes,1,haan,True,Functional,Sai Rana,Good condition,SCH0556,2025-05-28,True,True,True,True,True,0.0
INSP02679,2025-12-05,SCH0412,N,Functional,True,False,,Samesh Koshy,Good condition,SCH0412,,False,True,True,False,,0.2857142857142857
INSP00528,2025-08-11,SCH0415,na,True,True,True,True,Ekavir Jayaraman,,SCH0415,,,True,True,True,True,0.0
INSP02288,12-12-2025,SCH0332,True,True,True,Nahi hai,Y,Geetika Chatterjee,Average,SCH0332,,True,True,True,,True,0.0
INSP00458,14-Jan-2026,SCH0311,Haan,True,True,Hai,No,Zansi Dhar,No remarks,SCH0311,,True,True,True,True,False,0.14285714285714285
INSP02659,02-12-2026,SCH0175,H,True,haan,Nahi,N,Michael Doctor,Average,SCH0175,,,True,True,False,False,0.2857142857142857
INSP02902,19.04.2025,SCH0217,1,True,H,Y,True,Chasmum Sheth,,SCH0217,,True,True,,True,True,0.0
INSP02454,28-Jun-2025,SCH-0341,Y,True,1,Not Available,na,,No remarks,SCH0341,,True,True,True,,,0.0
INSP02919,01-08-2026,SCH0463,Yes,haan,Y,True,True,Gaurika Acharya,Good condition,SCH0463,,True,True,True,True,True,0.0
INSP00863,22/06/2025,SCH0195,Nahi,True,True,Yes,True,Caleb Thaman,Good condition,SCH0195,,False,True,True,True,True,0.14285714285714285
INSP02675,12-05-2025,SCH0065,True,Available,True,Under Repair,Working,Lavanya Chad,Needs repair,SCH0065,,True,,True,,True,0.0
INSP00167,01-03-2026,sch_0002,H,True,Working,Yes,True,Ekapad Bandi,Average,SCH0002,,,True,True,True,True,0.0
INSP00125,09.08.2025,SCH0213,False,Y,True,haan,0,Yashica Dhar,Average,SCH0213,,False,True,True,True,False,0.2857142857142857
INSP02595,07-04-2025,sch_0201,True,Haan,True,Hai,False,,Good condition,SCH0201,,True,True,True,True,False,0.14285714285714285
INSP00683,02-Jun-2025,SCH-0075,False,True,haan,False,Nahi,Aarna Khalsa,Average,SCH0075,,False,True,True,False,False,0.42857142857142855
INSP02330,2025/07/18,SCH0296,False,Haan,True,False,True,Manya Vasa,Average,SCH0296,2025-07-18,False,True,True,False,True,0.2857142857142857
INSP00573,26-May-2025,SCH0521,False,Not Available,False,True,H,Hema Badal,Toilets locked,SCH0521,,False,,False,True,,0.2857142857142857
INSP01199,2025-12-16,SCH-0448,True,,True,True,False,Gaurav Ramaswamy,Toilets locked,SCH0448,,True,,True,True,False,0.14285714285714285
INSP01090,03-05-2026,SCH0425,True,True,True,haan,,Sneha Bhalla,,SCH0425,,True,True,True,True,,0.0
INSP01360,13/07/2025,sch0168,Hai,1,H,True,Functional,Triya Dewan,Toilets locked,SCH0168,,True,True,,True,True,0.0
INSP02365,2025/07/03,SCH0260,True,haan,Yes,True,Working,Chanakya Manne,Good condition,SCH0260,2025-07-03,True,True,True,True,True,0.0
INSP00507,09-Nov-2025,sch_0570,True,True,True,True,1,Anamika Parmar,Average,SCH0570,,True,True,True,True,True,0.0
INSP01273,2025-12-23,SCH0191,True,True,True,True,H,Aachal Garg,Good condition,SCH0191,,True,True,True,True,,0.0
INSP02712,20/05/2025,sch0016,Available,False,True,Hai,True,Jacob Dani,Toilets locked,SCH0016,,,False,True,True,True,0.14285714285714285
INSP02046,12.04.2025,sch_0228,Under Repair,No,1,True,Yes,Warda Mander,Needs repair,SCH0228,,,False,True,True,True,0.14285714285714285
INSP01711,07-07-2025,SCH-0017,N,Y,1,H,True,Yamini Venkataraman,,SCH0017,,False,True,True,,True,0.14285714285714285
INSP02871,25/05/2025,SCH-0126,Hai,H,True,na,False,Devansh Jaggi,Average,SCH0126,,True,,True,,False,0.14285714285714285
INSP02468,2025-08-07,SCH0528,Yes,Y,True,True,True,Arjun Dyal,Toilets locked,SCH0528,,True,True,True,True,True,0.0
INSP00931,11.09.2025,S0040,True,True,True,True,Nahi hai,Chaitanya Palla,No remarks,SCH0040,,True,True,True,True,,0.0
INSP00177,27.01.2026,SCH0137,True,N,False,Nahi,,Shivani Dutt,Good condition,SCH0137,,True,False,False,False,,0.42857142857142855
INSP00595,23/04/2025,SCH0586,Available,H,haan,True,True,Upadhriti Parmar,Good condition,SCH0586,,,,True,True,True,0.0
INSP01564,2025/07/14,SCH0588,haan,True,True,Y,1,Patrick Pant,,SCH0588,2025-07-14,True,True,True,True,True,0.0
INSP02031,10-03-2025,SCH0018,False,True,False,Broken,True,Madhav Dass,Needs repair,SCH0018,,False,True,False,False,True,0.42857142857142855
INSP02452,2025/12/26,sch_0043,Hai,Available,Hai,True,False,Ikbal Viswanathan,,SCH0043,2025-12-26,True,,True,True,False,0.14285714285714285
INSP01002,27.10.2025,SCH0208,True,Y,True,True,Under Repair,Harsh Jani,Toilets locked,SCH0208,,True,True,True,True,,0.0
INSP01232,2025/04/24,SCH-0471,Nahi hai,Hai,True,,Haan,David Sant,Average,SCH0471,2025-04-24,,True,True,,True,0.0
INSP00802,06-17-2025,sch_0517,True,False,True,Nahi hai,True,Advay Dugal,No remarks,SCH0517,,True,False,True,,True,0.14285714285714285
INSP00434,2026-02-22,S0535,True,H,H,False,True,Nicholas Guha,No remarks,SCH0535,,True,,,False,True,0.14285714285714285
INSP00081,09-06-2025,sch0314,Haan,False,True,Haan,False,Kamya Sandhu,Good condition,SCH0314,,True,False,True,True,False,0.2857142857142857
INSP02263,16/06/2025,S0494,Kharab,Yes,,Functional,False,Krishna Dash,Average,SCH0494,,False,True,,True,False,0.2857142857142857
INSP01197,2026/01/10,sch_0073,True,True,,False,False,Zaid Ram,Toilets locked,SCH0073,2026-01-10,True,True,,False,False,0.2857142857142857
INSP02094,04/06/2025,sch_0431,H,Working,haan,Haan,Nahi,Urvashi Mane,No remarks,SCH0431,,,True,True,True,False,0.14285714285714285
INSP00417,25.10.2025,SCH0200,1,True,na,Nahi hai,True,Pranit Luthra,Toilets locked,SCH0200,,True,True,,,True,0.0
INSP02957,2025-09-24,SCH0212,True,True,True,True,True,Jalsa Choudhry,No remarks,SCH0212,,True,True,True,True,True,0.0
INSP00496,23-Jan-2026,SCH-0380,Yes,Haan,False,N,Hai,Sanya Bava,Toilets locked,SCH0380,,True,True,False,False,True,0.2857142857142857
INSP01628,2025/09/25,sch0044,True,True,haan,H,N,Karan D’Alia,Good condition,SCH0044,2025-09-25,True,True,True,,False,0.14285714285714285
INSP00938,11-Jun-2025,S0053,Hai,True,Haan,No,False,Advika Garde,Toilets locked,SCH0053,,True,True,True,False,False,0.2857142857142857
INSP02885,24-Aug-2025,SCH0225,Yes,Yes,True,Working,Working,Ranbir Rajagopalan,Average,SCH0225,,True,True,True,True,True,0.0
INSP00371,28/09/2025,sch0214,No,True,True,True,False,Samarth Patla,Needs repair,SCH0214,,False,True,True,True,False,0.2857142857142857
INSP01548,2025-06-20,SCH0224,True,N,True,haan,Kharab,Fitan Upadhyay,Toilets locked,SCH0224,,True,False,True,True,False,0.2857142857142857
INSP01695,2025-05-25,sch0577,False,Available,Yes,,False,Chaaya Boase,Good condition,SCH0577,,False,,True,,False,0.2857142857142857
INSP01941,2025-06-30,SCH0478,True,False,1,False,True,Vasatika Jayaraman,Toilets locked,SCH0478,,True,False,True,False,True,0.2857142857142857
INSP01787,03.04.2025,sch0258,haan,True,Nahi,True,Not Available,Jagat Sachar,Average,SCH0258,,True,True,False,True,,0.14285714285714285
INSP01927,2026-02-09,SCH0053,Yes,na,True,True,Haan,Vinaya Pau,Needs repair,SCH0053,,True,,True,True,True,0.0
INSP01573,2025-05-22,sch0553,True,0,Available,Working,True,Chatresh Devi,Toilets locked,SCH0553,,True,False,,True,True,0.14285714285714285
INSP02196,2025-04-08,SCH0194,False,1,na,True,No,Tejas Subramaniam,,SCH0194,,False,True,,True,False,0.2857142857142857
INSP00839,15.11.2025,SCH0552,True,Nahi hai,True,H,False,Banjeet Nigam,Toilets locked,SCH0552,,True,,True,,False,0.14285714285714285
INSP01243,04/02/2026,SCH0269,True,True,Functional,1,N,Hardik Anne,Good condition,SCH0269,,True,True,True,True,False,0.14285714285714285
INSP01865,2025-06-30,SCH0387,,Functional,False,H,True,Panini Raja,Average,SCH0387,,,True,False,,True,0.14285714285714285
INSP00142,25-Sep-2025,SCH0510,Under Repair,False,True,True,Nahi,Mugdha Dugal,Average,SCH0510,,,False,True,True,False,0.2857142857142857
INSP01207,11-01-2025,sch0036,Haan,,Nahi,True,Y,Yauvani Karan,No remarks,SCH0036,,True,,False,True,True,0.14285714285714285
INSP01728,06.11.2025,S0252,0,True,True,,Nahi,Wriddhish Rege,,SCH0252,,False,True,True,,False,0.2857142857142857
INSP01481,04/04/2025,SCH-0032,1,Nahi hai,,,True,Raksha Rajagopal,,SCH0032,,True,,,,True,0.0
INSP01937,21-May-2025,SCH0523,True,,Hai,True,Nahi,Agastya Patla,Average,SCH0523,,True,,True,True,False,0.14285714285714285
INSP01939,20-Dec-2025,SCH-0241,False,Y,H,True,True,Sathvik Agate,Toilets locked,SCH0241,,False,True,,True,True,0.14285714285714285
INSP00533,2026/01/08,SCH0135,Haan,False,haan,Hai,True,Harita Mukherjee,Needs repair,SCH0135,2026-01-08,True,False,True,True,True,0.14285714285714285
INSP02895,2025-12-01,SCH0104,True,haan,Yes,Working,False,Hardik Bir,Good condition,SCH0104,,True,True,True,True,False,0.14285714285714285
INSP02245,09-Oct-2025,sch_0253,True,True,Nahi hai,True,Nahi hai,Omkaar Kothari,No remarks,SCH0253,,True,True,,True,,0.0
INSP00655,13/01/2026,sch_0121,True,True,Y,True,1,Yatin Mann,No remarks,SCH0121,,True,True,True,True,True,0.0
INSP02413,12/05/2025,SCH0157,haan,,haan,False,False,Aishani Bumb,No remarks,SCH0157,,True,,True,False,False,0.2857142857142857
INSP00412,2025-04-02,sch_0426,Y,True,Not Available,True,False,Anirudh Ganesh,Needs repair,SCH0426,,True,True,,True,False,0.14285714285714285
INSP00901,10/12/2025,0096,haan,True,No,Hai,Available,Neel Roy,,SCH0096,,True,True,False,True,,0.14285714285714285
INSP00178,24/10/2025,sch0112,Working,Broken,0,False,,Inaya Batta,Needs repair,SCH0112,,True,False,False,False,,0.42857142857142855
INSP00928,07/03/2026,SCH0085,Kharab,H,True,Not Available,True,Yashoda Halder,No remarks,SCH0085,,False,,True,,True,0.14285714285714285
INSP02887,2025-10-16,SCH0295,True,True,True,False,True,Gabriel Doctor,Average,SCH0295,,True,True,True,False,True,0.14285714285714285
INSP02535,22.02.2026,sch_0228,True,True,True,Hai,False,Zansi Varty,Toilets locked,SCH0228,,True,True,True,True,False,0.14285714285714285
INSP01821,12/12/2025,SCH0457,Available,Nahi hai,True,,Working,Darpan Dara,Toilets locked,SCH0457,,,,True,,True,0.0
INSP01000,20/10/2025,SCH-0210,Y,True,True,,False,Jasmit Bora,Toilets locked,SCH0210,,True,True,True,,False,0.14285714285714285
INSP02345,21-Dec-2025,sch_0007,True,Hai,True,Yes,Y,Jagvi Borde,Good condition,SCH0007,,True,True,True,True,True,0.0
INSP00480,2025-04-08,S0216,False,False,True,N,No,Damini Jha,Good condition,SCH0216,,False,False,True,False,False,0.5714285714285714
INSP00184,13/06/2025,SCH0332,Nahi,Hai,1,True,False,Ekbal Ranganathan,Toilets locked,SCH0332,,False,True,True,True,False,0.2857142857142857
INSP00696,27/06/2025,SCH0441,False,Hai,True,Y,True,Krishna Kale,Average,SCH0441,,False,True,True,True,True,0.14285714285714285
INSP01158,11/04/2025,sch_0489,True,Working,haan,,Kharab,Neel Dutta,Toilets locked,SCH0489,,True,True,True,,False,0.14285714285714285
INSP00671,07-25-2025,SCH-0350,False,,True,Functional,False,Veda Korpal,Needs repair,SCH0350,,False,,True,True,False,0.2857142857142857
INSP00606,13-Jul-2025,sch_0261,No,Hai,Yes,Nahi,,Mekhala Verma,,SCH0261,,False,True,True,False,,0.2857142857142857
INSP02272,07-28-2025,sch_0277,Functional,Haan,H,True,Nahi hai,Janaki Shetty,No remarks,SCH0277,,True,True,,True,,0.0
INSP01799,25/04/2025,SCH0421,1,True,Hai,Under Repair,True,Warda Kade,No remarks,SCH0421,,True,True,True,,True,0.0
INSP00760,21.09.2025,sch_0181,Under Repair,1,True,H,Under Repair,Kashvi Chander,Good condition,SCH0181,,,True,True,,,0.0
INSP02875,06-03-2025,SCH0239,Available,haan,True,False,Nahi hai,Arya Dey,Good condition,SCH0239,,,True,True,False,,0.14285714285714285
INSP00686,12.12.2025,SCH-0268,True,True,,True,True,Chanakya Raval,Needs repair,SCH0268,,True,True,,True,True,0.0
INSP00487,2026-03-19,SCH0291,Working,Hai,Yes,1,True,Aarini Joshi,Average,SCH0291,,True,True,True,True,True,0.0
INSP01579,07-08-2025,SCH-0142,True,Working,Haan,H,No,Omaja Bhasin,Needs repair,SCH0142,,True,True,True,,False,0.14285714285714285
INSP00394,2025-10-05,sch0114,1,True,True,True,True,Dhruv Jain,Needs repair,SCH0114,,True,True,True,True,True,0.0
INSP01152,27/05/2025,SCH-0430,True,True,Under Repair,No,True,Laban Doshi,,SCH0430,,True,True,,False,True,0.14285714285714285
INSP02029,28/02/2026,SCH0463,Yes,haan,True,True,False,,Needs repair,SCH0463,,True,True,True,True,False,0.14285714285714285
INSP02862,30/09/2025,sch_0350,True,Yes,Haan,,Y,Reyansh Uppal,Good condition,SCH0350,,True,True,True,,True,0.0
INSP00163,2025/10/09,0005,False,True,True,N,False,Anvi Sani,Average,SCH0005,2025-10-09,False,True,True,False,False,0.42857142857142855
INSP01223,06-15-2025,sch_0325,haan,True,1,True,False,Girik Tella,Good condition,SCH0325,,True,True,True,True,False,0.14285714285714285
INSP01916,10-03-2025,SCH0302,N,Yes,False,True,False,Balveer Bhatt,Toilets locked,SCH0302,,False,True,False,True,False,0.42857142857142855
INSP01049,05-Sep-2025,sch_0416,Hai,H,Functional,True,haan,Leela Gera,Average,SCH0416,,True,,True,True,True,0.0
INSP00431,2025-08-30,SCH-0582,Available,True,False,True,True,Chakradev Contractor,No remarks,SCH0582,,,True,False,True,True,0.14285714285714285
INSP01104,2025/10/12,SCH-0386,Yes,Working,Nahi hai,na,Broken,Utkarsh Sarin,Good condition,SCH0386,2025-10-12,True,True,,,False,0.14285714285714285
INSP00439,09-05-2025,0279,Available,True,Y,True,True,Rachana Aggarwal,No remarks,SCH0279,,,True,True,True,True,0.0
INSP01884,2025-09-05,sch0133,False,Hai,True,haan,False,Aarini Sandal,No remarks,SCH0133,,False,True,True,True,False,0.2857142857142857
INSP01226,2026-01-30,SCH0070,Under Repair,1,True,Hai,False,Neha Yadav,Average,SCH0070,,,True,True,True,False,0.14285714285714285
INSP02032,10-13-2025,SCH0497,True,True,True,True,Nahi hai,Yoshita Konda,,SCH0497,,True,True,True,True,,0.0
INSP01037,11-13-2025,sch_0322,Working,H,1,H,Haan,Krish Divan,Average,SCH0322,,True,,True,,True,0.0
INSP01076,2025-10-02,SCH-0024,Nahi hai,True,True,True,1,,No remarks,SCH0024,,,True,True,True,True,0.0
INSP01749,05/02/2026,SCH-0301,H,,False,True,,,Toilets locked,SCH0301,,,,False,True,,0.14285714285714285
INSP00031,06/06/2025,SCH0159,Haan,Yes,na,na,True,Noah Misra,Average,SCH0159,,True,True,,,True,0.0
INSP02021,05/06/2025,SCH0019,True,True,na,True,False,Faras Behl,Needs repair,SCH0019,,True,True,,True,False,0.14285714285714285
INSP02103,2025-08-18,0526,True,True,1,H,False,,,SCH0526,,True,True,True,,False,0.14285714285714285
INSP00963,2025-10-18,S0375,1,True,,False,Not Available,Tanvi Seth,,SCH0375,,True,True,,False,,0.14285714285714285
INSP02285,2026/01/27,SCH0593,True,H,haan,na,1,Saumya Suri,,SCH0593,2026-01-27,True,,True,,True,0.0
INSP00174,15.12.2025,SCH0093,True,True,H,True,Nahi,Vedika Chacko,Toilets locked,SCH0093,,True,True,,True,False,0.14285714285714285
INSP02213,2025/12/15,0411,False,False,1,Nahi,Not Available,Gaurika Bail,Good condition,SCH0411,2025-12-15,False,False,True,False,,0.42857142857142855
INSP00297,2026-01-26,SCH0018,True,Available,Working,False,1,Ayush Anne,No remarks,SCH0018,,True,,True,False,True,0.14285714285714285
INSP00326,2026-02-10,sch_0180,True,Functional,False,True,1,Daksha Gole,No remarks,SCH0180,,True,True,False,True,True,0.14285714285714285
INSP01290,10-11-2025,SCH-0102,1,Hai,H,True,Broken,Nikita Baria,No remarks,SCH0102,,True,True,,True,False,0.14285714285714285
INSP00507,09-Nov-2025,sch_0570,True,True,True,True,1,Anamika Parmar,Average,SCH0570,,True,True,True,True,True,0.0
INSP00280,2025/06/29,SCH0138,N,Haan,Haan,False,No,Triya Chaudhuri,No remarks,SCH0138,2025-06-29,False,True,True,False,False,0.42857142857142855
INSP02655,2026-02-20,SCH-0117,Hai,haan,Nahi hai,Nahi,False,Aarav Mannan,,SCH0117,,True,True,,False,False,0.2857142857142857
INSP02414,08-Aug-2025,SCH0417,Y,True,haan,No,Y,Mason Kara,Average,SCH0417,,True,True,True,False,True,0.14285714285714285
INSP01984,14.09.2025,SCH0383,Kharab,True,True,False,False,Aditya Kar,Needs repair,SCH0383,,False,True,True,False,False,0.42857142857142855
INSP00813,2025/10/28,SCH0506,Y,True,haan,Hai,False,Gautam Divan,Average,SCH0506,2025-10-28,True,True,True,True,False,0.14285714285714285
INSP01217,25.04.2025,SCH0455,False,True,Haan,Nahi hai,Hai,Upasna Rao,No remarks,SCH0455,,False,True,True,,True,0.14285714285714285
INSP02617,2025-05-15,sch0155,haan,N,True,False,False,Kabir Borde,Good condition,SCH0155,,True,False,True,False,False,0.42857142857142855
INSP00701,11/09/2025,SCH0078,False,haan,True,True,True,Benjamin Jani,No remarks,SCH0078,,False,True,True,True,True,0.14285714285714285
INSP00558,21-Aug-2025,sch0236,False,Nahi hai,Haan,False,Functional,Baljiwan Yohannan,No remarks,SCH0236,,False,,True,False,True,0.2857142857142857
INSP01899,21-Sep-2025,sch0184,True,Hai,True,True,False,Mitali Singh,No remarks,SCH0184,,True,True,True,True,False,0.14285714285714285
INSP02518,2025/09/30,SCH-0344,True,True,Yes,False,True,Zayyan Varughese,Needs repair,SCH0344,2025-09-30,True,True,True,False,True,0.14285714285714285
INSP01512,2025/11/30,SCH-0487,Available,Haan,True,True,,Yashawini Seth,Good condition,SCH0487,2025-11-30,,True,True,True,,0.0
INSP00074,18.07.2025,SCH0365,True,,1,True,Functional,Raagini Krish,Average,SCH0365,,True,,True,True,True,0.0
INSP02255,2025/10/18,SCH0270,Working,True,Haan,1,No,Lavanya Subramanian,Toilets locked,SCH0270,2025-10-18,True,True,True,True,False,0.14285714285714285
INSP00049,07.05.2025,SCH-0083,Hai,True,H,Available,haan,Brijesh Mallick,Good condition,SCH0083,,True,True,,,True,0.0
INSP00603,20-Mar-2026,sch0058,True,False,True,False,True,Zinal Kant,No remarks,SCH0058,,True,False,True,False,True,0.2857142857142857
INSP00681,28.01.2026,SCH-0239,True,haan,Broken,True,False,Vinaya Dayal,No remarks,SCH0239,,True,True,False,True,False,0.2857142857142857
INSP01452,11-24-2025,SCH-0218,True,H,True,False,Available,Gopal Sridhar,No remarks,SCH0218,,True,,True,False,,0.14285714285714285
INSP01903,24.09.2025,SCH0056,True,True,Functional,False,Hai,Aarini Kapadia,Average,SCH0056,,True,True,True,False,True,0.14285714285714285
INSP02406,16.01.2026,SCH-0269,,Working,0,Y,False,Fariq Garg,,SCH0269,,,True,False,True,False,0.2857142857142857
INSP01445,11/06/2025,sch_0177,Y,Functional,haan,False,Y,Shravya Srinivas,No remarks,SCH0177,,True,True,True,False,True,0.14285714285714285
INSP02878,23.12.2025,sch0317,True,haan,na,Functional,False,Darpan Bala,Toilets locked,SCH0317,,True,True,,True,False,0.14285714285714285
INSP01578,20/09/2025,SCH-0524,Kharab,True,True,False,H,Zaid Brar,Good condition,SCH0524,,False,True,True,False,,0.2857142857142857
INSP00403,20/04/2025,sch_0590,1,,haan,True,True,Orinder Sarna,Needs repair,SCH0590,,True,,True,True,True,0.0
INSP01746,2026-02-06,SCH0303,True,na,True,False,False,Tarak Rattan,Needs repair,SCH0303,,True,,True,False,False,0.2857142857142857
INSP02755,09-Apr-2025,SCH0029,True,True,haan,Available,True,,Needs repair,SCH0029,,True,True,True,,True,0.0
INSP01555,2026-02-15,SCH0078,False,Y,True,Kharab,Kharab,Avi Om,Good condition,SCH0078,,False,True,True,False,False,0.42857142857142855
INSP02738,09.12.2025,sch0201,1,,True,False,False,Chavvi Datta,Good condition,SCH0201,,True,,True,False,False,0.2857142857142857
INSP01212,2025-10-04,SCH0380,1,haan,False,True,N,Ayushman Saxena,Toilets locked,SCH0380,,True,True,False,True,False,0.2857142857142857
INSP02561,2025/07/22,SCH0571,False,True,1,Working,Nahi,Mekhala Goyal,Average,SCH0571,2025-07-22,False,True,True,True,False,0.2857142857142857
INSP02270,2026/01/19,SCH0268,True,,No,Kharab,Available,Indali Peri,Good condition,SCH0268,2026-01-19,True,,False,False,,0.2857142857142857
INSP02237,30.12.2025,sch0357,True,True,Not Available,Working,Yes,Warda Nair,Average,SCH0357,,True,True,,True,True,0.0
INSP01513,12.01.2026,SCH0467,H,Y,No,Haan,False,Hemang Krishnamurthy,Average,SCH0467,,,True,False,True,False,0.2857142857142857
INSP02356,12/07/2025,S0030,haan,Hai,Working,True,True,Ishani Doctor,Needs repair,SCH0030,,True,True,True,True,True,0.0
INSP01875,2025-12-02,SCH0556,True,Haan,,haan,No,Urvi Loyal,No remarks,SCH0556,,True,True,,True,False,0.14285714285714285
INSP01012,04.11.2025,SCH0185,Y,True,True,Functional,True,Neha Doctor,Average,SCH0185,,True,True,True,True,True,0.0
INSP01072,04/03/2026,sch_0258,True,True,False,Hai,Nahi,Daksh Sarma,,SCH0258,,True,True,False,True,False,0.2857142857142857
INSP00680,2025-12-18,SCH-0443,False,1,na,False,False,Ethan Kurian,Good condition,SCH0443,,False,True,,False,False,0.42857142857142855
INSP01712,2025-06-30,SCH0563,False,,True,Hai,0,Lucky Wadhwa,Average,SCH0563,,False,,True,True,False,0.2857142857142857
INSP00325,03.07.2025,SCH0447,Yes,False,Hai,Nahi hai,Functional,Krishna Saxena,Toilets locked,SCH0447,,True,False,True,,True,0.14285714285714285
INSP00820,16.01.2026,SCH0307,True,True,1,False,False,Rachita Wable,Average,SCH0307,,True,True,True,False,False,0.2857142857142857
INSP01489,2025-11-01,sch_0055,True,False,True,True,Nahi,Samarth Hayre,,SCH0055,,True,False,True,True,False,0.2857142857142857
INSP01812,2026/01/29,SCH0434,Y,True,True,False,Y,Arya Dara,Good condition,SCH0434,2026-01-29,True,True,True,False,True,0.14285714285714285
INSP00811,29.10.2025,SCH0585,False,0,Kharab,Haan,True,Chasmum Vyas,,SCH0585,,False,False,False,True,True,0.42857142857142855
INSP01973,28.11.2025,sch_0396,Functional,Nahi,H,True,Yes,Sathvik Acharya,,SCH0396,,True,False,,True,True,0.14285714285714285
INSP02840,2025/04/18,SCH0232,True,True,True,False,True,,Needs repair,SCH0232,2025-04-18,True,True,True,False,True,0.14285714285714285
INSP02212,2026/03/29,SCH0046,1,True,True,Haan,Under Repair,Ekantika Manne,No remarks,SCH0046,2026-03-29,True,True,True,True,,0.0
INSP01129,2025-11-16,SCH0032,Yes,False,True,False,Available,Harish Vohra,Needs repair,SCH0032,,True,False,True,False,,0.2857142857142857
INSP00502,06.07.2025,SCH-0297,haan,Haan,haan,False,Working,,,SCH0297,,True,True,True,False,True,0.14285714285714285
INSP02642,13-Aug-2025,sch0003,H,,Yes,False,False,Bhavini Wagle,Toilets locked,SCH0003,,,,True,False,False,0.2857142857142857
INSP02125,08-Nov-2025,SCH0076,True,Available,True,True,Hai,Guneet Wali,No remarks,SCH0076,,True,,True,True,True,0.0
INSP02828,2025/07/05,SCH-0126,False,False,Haan,False,False,Elijah Sen,Average,SCH0126,2025-07-05,False,False,True,False,False,0.5714285714285714
INSP00240,2025-11-07,S0029,Working,False,True,Y,haan,Vanya Sem,No remarks,SCH0029,,True,False,True,True,True,0.14285714285714285
INSP00762,2025-05-16,SCH0543,Nahi hai,Functional,Hai,No,na,,Good condition,SCH0543,,,True,True,False,,0.14285714285714285
INSP01717,2025/12/15,SCH0390,False,True,True,Under Repair,1,Chandran Kapadia,Good condition,SCH0390,2025-12-15,False,True,True,,True,0.14285714285714285
INSP01229,03.08.2025,SCH0125,Available,Hai,,False,Yes,Prisha Bhat,Average,SCH0125,,,True,,False,True,0.14285714285714285
INSP01473,16-Oct-2025,sch0221,True,True,True,Working,True,Arunima Thakkar,Average,SCH0221,,True,True,True,True,True,0.0
INSP00953,2025/10/27,SCH0133,True,True,True,False,True,Oeshi Bhatia,No remarks,SCH0133,2025-10-27,True,True,True,False,True,0.14285714285714285
INSP01262,22/07/2025,sch0195,Hai,Y,False,Hai,Haan,Joshua Sastry,Toilets locked,SCH0195,,True,True,False,True,True,0.14285714285714285
INSP02307,22/03/2026,SCH0141,Y,False,Available,N,True,Maya Behl,Average,SCH0141,,True,False,,False,True,0.2857142857142857
INSP01654,2025-04-11,SCH0554,,True,na,True,na,Praneel Jani,Average,SCH0554,,,True,,True,,0.0
INSP01045,15-Feb-2026,sch_0366,False,haan,False,True,True,Ekta Goel,Average,SCH0366,,False,True,False,True,True,0.2857142857142857
INSP01478,16-Jan-2026,SCH-0502,False,Haan,Working,,Under Repair,Abha Memon,No remarks,SCH0502,,False,True,True,,,0.14285714285714285
INSP00512,2026/03/02,S0467,,No,False,Working,Working,Udyati Koshy,,SCH0467,2026-03-02,,False,False,True,True,0.2857142857142857
INSP01361,26-Mar-2026,SCH0572,Hai,True,False,H,False,Bhavani Prabhakar,Needs repair,SCH0572,,True,True,False,,False,0.2857142857142857
INSP02141,15-Oct-2025,SCH0513,False,True,1,True,haan,Ekaja Bal,No remarks,SCH0513,,False,True,True,True,True,0.14285714285714285
INSP00841,03-08-2026,0044,Working,True,Haan,Working,False,,,SCH0044,,True,True,True,True,False,0.14285714285714285
INSP02176,22.02.2026,0155,True,Available,1,1,False,Netra Sule,No remarks,SCH0155,,True,,True,True,False,0.14285714285714285
INSP01831,12-10-2025,S0181,,Yes,True,True,False,Vrinda Comar,Good condition,SCH0181,,,True,True,True,False,0.14285714285714285
INSP02769,2025-11-21,SCH0018,1,False,True,False,False,Qarin Dhingra,,SCH0018,,True,False,True,False,False,0.42857142857142855
INSP00638,2025-09-23,SCH-0120,1,Haan,haan,True,True,Tanvi Gaba,Good condition,SCH0120,,True,True,True,True,True,0.0
INSP01950,2025-09-29,SCH0080,True,False,No,na,True,Zinal Buch,,SCH0080,,True,False,False,,True,0.2857142857142857
INSP02954,2025/04/07,SCH0065,Yes,1,1,True,Working,Nisha Manda,Needs repair,SCH0065,2025-04-07,True,True,True,True,True,0.0
INSP01722,07-Feb-2026,SCH0268,True,True,True,True,True,Ridhi Ahuja,Good condition,SCH0268,,True,True,True,True,True,0.0
INSP00600,2025/05/26,sch_0008,False,True,True,True,1,Zayyan Om,No remarks,SCH0008,2025-05-26,False,True,True,True,True,0.14285714285714285
INSP01475,12-21-2025,sch_0235,Available,Functional,,1,True,Anita Acharya,Good condition,SCH0235,,,True,,True,True,0.0
INSP02135,03-17-2026,0131,True,na,Functional,Yes,Haan,Sneha Shanker,No remarks,SCH0131,,True,,True,True,True,0.0
INSP02602,11-11-2025,sch0514,Yes,False,True,No,,,,SCH0514,,True,False,True,False,,0.2857142857142857
INSP00109,01/09/2025,SCH0002,Haan,True,True,True,False,Sai Sarma,Good condition,SCH0002,,True,True,True,True,False,0.14285714285714285
INSP02401,02/07/2025,SCH0117,Hai,False,Haan,False,Under Repair,,,SCH0117,,True,False,True,False,,0.2857142857142857
INSP01583,2025-12-01,sch0590,Working,False,True,N,False,Guneet Pai,Average,SCH0590,,True,False,True,False,False,0.42857142857142855
INSP00319,2026-01-22,sch_0477,Under Repair,haan,True,Yes,Nahi hai,Ladli Buch,Good condition,SCH0477,,,True,True,True,,0.0
INSP02983,2026-03-20,sch_0229,Haan,Working,True,na,0,,Good condition,SCH0229,,True,True,True,,False,0.14285714285714285
INSP02725,23-Mar-2026,SCH0281,True,True,True,True,Working,,Needs repair,SCH0281,,True,True,True,True,True,0.0
INSP01095,04-17-2025,sch0469,True,Haan,True,True,Y,Ronith Kakar,Needs repair,SCH0469,,True,True,True,True,True,0.0
INSP01695,2025-05-25,sch0577,False,Available,Yes,,False,Chaaya Boase,Good condition,SCH0577,,False,,True,,False,0.2857142857142857
INSP00569,2025/06/15,sch_0449,No,True,N,0,False,Vasana Dugar,,SCH0449,2025-06-15,False,True,False,False,False,0.5714285714285714
INSP02687,2025/12/26,SCH0202,True,haan,True,False,Haan,Widisha Bhatti,Needs repair,SCH0202,2025-12-26,True,True,True,False,True,0.14285714285714285
INSP02298,27/11/2025,SCH0085,1,haan,Y,True,,Madhavi Talwar,Needs repair,SCH0085,,True,True,True,True,,0.0
INSP02872,2025/10/01,SCH0148,Y,True,True,True,True,Fiyaz Puri,No remarks,SCH0148,2025-10-01,True,True,True,True,True,0.0
INSP01546,2025-06-29,SCH0052,Nahi,Haan,True,False,No,Hemang Dar,Needs repair,SCH0052,,False,True,True,False,False,0.42857142857142855
INSP02974,2026-02-19,0569,True,1,Y,haan,Not Available,Gunbir Khare,Good condition,SCH0569,,True,True,True,True,,0.0
INSP01925,06-Feb-2026,sch0393,True,Hai,False,Y,False,Gaurang Pandey,Toilets locked,SCH0393,,True,True,False,True,False,0.2857142857142857
INSP02692,04/06/2025,SCH0189,,True,Y,False,Haan,Watika Toor,Average,SCH0189,,,True,True,False,True,0.14285714285714285
INSP02805,10-May-2025,SCH-0337,Hai,True,True,False,Kharab,,Good condition,SCH0337,,True,True,True,False,False,0.2857142857142857
INSP01469,2025-09-21,sch0230,Yes,True,True,True,True,Janya Baral,Average,SCH0230,,True,True,True,True,True,0.0
INSP00057,30.06.2025,SCH0456,True,,N,Yes,No,Wriddhish Merchant,,SCH0456,,True,,False,True,False,0.2857142857142857
INSP01789,21-Jan-2026,SCH0547,True,Y,True,Haan,True,Quincy Thaker,No remarks,SCH0547,,True,True,True,True,True,0.0
INSP02275,27.03.2026,sch0474,True,Working,Y,Y,False,Zayan Vig,Toilets locked,SCH0474,,True,True,True,True,False,0.14285714285714285
INSP02131,2025-05-26,sch0354,Available,H,Hai,False,Nahi hai,Charles Prashad,,SCH0354,,,,True,False,,0.14285714285714285
INSP02197,2025/08/02,S0131,,haan,Haan,haan,False,Dhriti Kanda,Needs repair,SCH0131,2025-08-02,,True,True,True,False,0.14285714285714285
INSP00469,19/05/2025,S0416,True,True,N,False,H,Isha Solanki,Average,SCH0416,,True,True,False,False,,0.2857142857142857
INSP01886,17.02.2026,SCH-0564,Yes,Yes,Y,0,True,Vinaya Nagar,No remarks,SCH0564,,True,True,True,False,True,0.14285714285714285
INSP00941,24.10.2025,0310,Y,Haan,Yes,na,False,Girik Butala,,SCH0310,,True,True,True,,False,0.14285714285714285
INSP00536,24/06/2025,SCH0141,1,True,True,False,True,Omisha Sankaran,Toilets locked,SCH0141,,True,True,True,False,True,0.14285714285714285
INSP01428,01-21-2026,SCH-0140,Yes,True,H,True,True,Kavya Lall,Average,SCH0140,,True,True,,True,True,0.0
INSP00555,08-16-2025,SCH0197,True,Functional,Nahi hai,na,Not Available,Yashodhara Mammen,Needs repair,SCH0197,,True,True,,,,0.0
INSP02621,2025-04-26,SCH0101,H,True,True,0,Nahi hai,Ekantika Oommen,Average,SCH0101,,,True,True,False,,0.14285714285714285
INSP02211,02-Jun-2025,SCH0566,True,True,Available,False,0,Rajeshri Mohan,Toilets locked,SCH0566,,True,True,,False,False,0.2857142857142857
INSP02536,02-14-2026,0466,Working,True,False,,Nahi hai,Forum Sachdev,,SCH0466,,True,True,False,,,0.14285714285714285
INSP00692,04.10.2025,SCH0355,True,True,1,True,,Isaiah Bali,No remarks,SCH0355,,True,True,True,True,,0.0
INSP00070,15/02/2026,SCH0496,False,Haan,Yes,N,Y,Vasana Mahajan,Good condition,SCH0496,,False,True,True,False,True,0.2857142857142857
INSP02764,26.02.2026,sch_0433,,na,True,False,True,Omya Karan,Average,SCH0433,,,,True,False,True,0.14285714285714285
INSP01740,20/07/2025,sch0394,,H,True,False,na,Hema Khosla,,SCH0394,,,,True,False,,0.14285714285714285
INSP00437,18/03/2026,S0438,True,,True,True,True,Jagat Sawhney,Good condition,SCH0438,,True,,True,True,True,0.0
INSP02122,08/12/2025,SCH0553,False,na,Working,Yes,0,Liam Tata,Needs repair,SCH0553,,False,,True,True,False,0.2857142857142857
INSP00267,2025-12-26,SCH0482,True,True,Functional,False,False,Manthan Maharaj,Needs repair,SCH0482,,True,True,True,False,False,0.2857142857142857
INSP01004,2026/03/29,SCH-0145,Available,True,Haan,haan,1,Chatura Ben,Toilets locked,SCH0145,2026-03-29,,True,True,True,True,0.0
INSP01254,07-19-2025,sch_0379,True,1,H,,Available,Anmol Puri,Needs repair,SCH0379,,True,True,,,,0.0
INSP00566,04-04-2025,SCH-0304,Broken,Y,False,False,True,Isaiah Nayar,Needs repair,SCH0304,,False,True,False,False,True,0.42857142857142855
INSP00314,07-27-2025,sch0189,True,1,No,Working,True,,Good condition,SCH0189,,True,True,False,True,True,0.14285714285714285
INSP00234,24-Nov-2025,0340,Y,True,1,True,Nahi hai,,No remarks,SCH0340,,True,True,True,True,,0.0
INSP02381,2025/12/07,sch_0273,True,1,Y,,False,Samesh Bala,Good condition,SCH0273,2025-12-07,True,True,True,,False,0.14285714285714285
INSP00735,08/06/2025,SCH0481,True,True,True,Y,No,Aryan Seth,,SCH0481,,True,True,True,True,False,0.14285714285714285
INSP01378,2025/04/10,SCH0030,True,Working,1,No,False,Mahika Sarkar,Needs repair,SCH0030,2025-04-10,True,True,True,False,False,0.2857142857142857
INSP00112,30.06.2025,sch_0399,True,H,Kharab,True,0,Anusha Kalita,Needs repair,SCH0399,,True,,False,True,False,0.2857142857142857
INSP01345,05-Nov-2025,SCH0236,True,Y,True,Functional,Kharab,Ishita Deep,,SCH0236,,True,True,True,True,False,0.14285714285714285
INSP01506,2025-04-16,SCH-0055,Yes,False,True,H,False,Advika Ahuja,No remarks,SCH0055,,True,False,True,,False,0.2857142857142857
INSP01053,04.04.2025,SCH0468,True,True,True,haan,False,Chameli Gour,,SCH0468,,True,True,True,True,False,0.14285714285714285
INSP02321,11-Jul-2025,SCH-0528,True,Hai,Kharab,,True,Balendra Saxena,Good condition,SCH0528,,True,True,False,,True,0.14285714285714285
INSP02043,2025-12-21,SCH-0141,False,True,True,False,False,Alexander Sami,Toilets locked,SCH0141,,False,True,True,False,False,0.42857142857142855
INSP00473,14/08/2025,SCH-0183,1,Haan,True,na,na,Henry Hayre,Needs repair,SCH0183,,True,True,True,,,0.0
INSP01377,2025/11/12,SCH0389,False,Hai,True,Available,Not Available,Dalbir Keer,,SCH0389,2025-11-12,False,True,True,,,0.14285714285714285
INSP01614,2025-06-10,SCH0483,Available,True,Available,False,False,Ekta Kari,Good condition,SCH0483,,,True,,False,False,0.2857142857142857
INSP01178,2025/07/13,SCH0211,Working,True,True,1,na,Aishani Behl,,SCH0211,2025-07-13,True,True,True,True,,0.0
INSP01753,2025/06/25,SCH-0344,Hai,,Functional,True,True,Dalbir Patel,Needs repair,SCH0344,2025-06-25,True,,True,True,True,0.0
INSP01374,20/02/2026,SCH0430,True,H,na,True,False,Qushi Bhandari,,SCH0430,,True,,,True,False,0.14285714285714285
INSP02210,05-23-2025,S0214,Yes,True,True,Nahi,Working,Oeshi Kuruvilla,Toilets locked,SCH0214,,True,True,True,False,True,0.14285714285714285
INSP01341,21.09.2025,sch_0238,True,False,H,Nahi hai,Nahi hai,Qabil Dubey,Needs repair,SCH0238,,True,False,,,,0.14285714285714285
INSP00747,27-Nov-2025,sch0027,True,True,True,True,1,Darsh Raja,No remarks,SCH0027,,True,True,True,True,True,0.0
INSP02003,18.10.2025,S0009,True,Yes,True,Nahi hai,,Aradhana Parmar,Toilets locked,SCH0009,,True,True,True,,,0.0
INSP01300,12-28-2025,SCH0084,na,True,H,Nahi hai,True,Upma Chander,Needs repair,SCH0084,,,True,,,True,0.0
INSP00362,2026/01/04,SCH-0386,Available,N,Yes,Haan,False,,No remarks,SCH0386,2026-01-04,,False,True,True,False,0.2857142857142857
INSP00136,2025-11-24,SCH0281,True,True,True,Working,Nahi hai,Banjeet Rajagopalan,Needs repair,SCH0281,,True,True,True,True,,0.0
INSP01591,11/08/2025,SCH-0032,True,Y,Hai,Haan,True,Manan Tripathi,No remarks,SCH0032,,True,True,True,True,True,0.0
INSP02286,28-May-2025,SCH0150,Yes,True,N,Yes,Y,,Average,SCH0150,,True,True,False,True,True,0.14285714285714285
INSP00860,01-10-2026,SCH0343,Nahi,True,False,True,No,Aadi Johal,Good condition,SCH0343,,False,True,False,True,False,0.42857142857142855
INSP02380,2026-01-06,SCH0332,Hai,haan,Hai,Yes,False,Girik Narain,No remarks,SCH0332,,True,True,True,True,False,0.14285714285714285
INSP00367,2025/09/07,SCH-0321,False,False,True,False,Not Available,Udyati Garde,,SCH0321,2025-09-07,False,False,True,False,,0.42857142857142855
INSP01867,15.07.2025,S0459,1,False,Yes,True,True,Osha Chaudhary,Needs repair,SCH0459,,True,False,True,True,True,0.14285714285714285
INSP00030,08-Jan-2026,0484,Y,True,haan,haan,,Panini Choudhary,Needs repair,SCH0484,,True,True,True,True,,0.0
INSP02632,18.02.2026,SCH-0051,True,Nahi,True,Nahi hai,0,Upma Bir,Toilets locked,SCH0051,,True,False,True,,False,0.2857142857142857
INSP00023,2025/07/26,SCH0082,True,True,1,Working,True,,Needs repair,SCH0082,2025-07-26,True,True,True,True,True,0.0
INSP02507,2025-04-19,S0501,True,True,haan,0,True,Abeer Pingle,Average,SCH0501,,True,True,True,False,True,0.14285714285714285
INSP01134,01/07/2025,sch0284,Working,True,True,False,1,,No remarks,SCH0284,,True,True,True,False,True,0.14285714285714285
INSP01035,27/02/2026,S0442,1,True,haan,False,H,Nirja Cherian,Average,SCH0442,,True,True,True,False,,0.14285714285714285
INSP00421,07-07-2025,sch_0273,,Y,haan,H,False,Om Shah,Good condition,SCH0273,,,True,True,,False,0.14285714285714285
INSP01538,11/03/2026,sch0496,H,Hai,False,False,No,Lucky Prabhu,Good condition,SCH0496,,,True,False,False,False,0.42857142857142855
INSP00461,10.12.2025,sch0399,No,True,No,False,True,Bhanumati Balasubramanian,No remarks,SCH0399,,False,True,False,False,True,0.42857142857142855
INSP00044,09-28-2025,SCH0456,Yes,True,H,N,False,Girindra Chana,Needs repair,SCH0456,,True,True,,False,False,0.2857142857142857
INSP00088,23-Nov-2025,SCH0282,False,Nahi,True,,Yes,Yuvraj Bhargava,Good condition,SCH0282,,False,False,True,,True,0.2857142857142857
INSP00930,10.12.2025,SCH0012,True,True,Nahi,Y,True,Watika Subramaniam,No remarks,SCH0012,,True,True,False,True,True,0.14285714285714285
INSP01125,2026/01/18,SCH-0530,True,True,Yes,Yes,Yes,Gauri Chaudry,,SCH0530,2026-01-18,True,True,True,True,True,0.0
INSP01772,04-11-2025,SCH0231,True,False,1,True,Y,Indira Wali,Toilets locked,SCH0231,,True,False,True,True,True,0.14285714285714285
INSP01018,2026-01-07,SCH-0531,Haan,haan,Hai,True,True,Udant Kumer,Needs repair,SCH0531,,True,True,True,True,True,0.0
INSP00283,28/02/2026,sch0486,True,True,False,False,,Abhiram Singh,,SCH0486,,True,True,False,False,,0.2857142857142857
INSP00694,2025-05-14,SCH0341,True,True,True,True,False,Maya Saraf,Average,SCH0341,,True,True,True,True,False,0.14285714285714285
INSP01942,2026-02-12,sch0137,True,1,Y,Working,N,Reyansh Kata,Average,SCH0137,,True,True,True,True,False,0.14285714285714285
INSP02910,09/06/2025,sch_0070,Haan,Hai,No,True,True,Krisha Tailor,Toilets locked,SCH0070,,True,True,False,True,True,0.14285714285714285
INSP02990,2026/03/08,sch_0521,Available,Hai,Not Available,True,Nahi hai,Upma Soman,Needs repair,SCH0521,2026-03-08,,True,,True,,0.0
INSP02112,28-Sep-2025,sch_0265,False,1,Y,Hai,True,Jhalak Vig,Toilets locked,SCH0265,,False,True,True,True,True,0.14285714285714285
INSP00534,2025-12-24,SCH-0219,True,H,True,Yes,Broken,Aadi Mukhopadhyay,Toilets locked,SCH0219,,True,,True,True,False,0.14285714285714285
INSP01179,2025/06/19,S0336,Y,haan,Hai,,Under Repair,Ekantika Char,,SCH0336,2025-06-19,True,True,True,,,0.0
INSP02581,11/01/2026,SCH0014,True,True,H,Nahi hai,Y,David Dyal,,SCH0014,,True,True,,,True,0.0
INSP00790,02.05.2025,SCH0457,,True,True,True,Kharab,,Average,SCH0457,,,True,True,True,False,0.14285714285714285
INSP02482,2025-07-03,sch_0513,True,True,Available,1,True,Leena Mohan,Toilets locked,SCH0513,,True,True,,True,True,0.0
INSP02516,24-Oct-2025,S0293,Yes,Functional,1,Nahi,,Samaksh Thakkar,,SCH0293,,True,True,True,False,,0.14285714285714285
INSP02228,2025/07/28,SCH0210,Yes,True,True,1,na,Dominic Salvi,Average,SCH0210,2025-07-28,True,True,True,True,,0.0
INSP00875,18/06/2025,S0146,1,True,Yes,Available,na,Diya Suresh,,SCH0146,,True,True,True,,,0.0
INSP00766,20-Feb-2026,0268,H,True,True,Haan,Available,Ayush Bakshi,Needs repair,SCH0268,,,True,True,True,,0.0
INSP01042,21/02/2026,SCH0330,True,True,True,False,Haan,Gautami Ganguly,Good condition,SCH0330,,True,True,True,False,True,0.14285714285714285
INSP00791,2025-07-28,SCH0466,False,Available,True,Kharab,,Ishanvi Khatri,No remarks,SCH0466,,False,,True,False,,0.2857142857142857
INSP02816,27-Sep-2025,S0503,True,True,Haan,Y,H,Warda Chander,No remarks,SCH0503,,True,True,True,True,,0.0
INSP01566,14/06/2025,0298,True,Y,True,True,N,Sathvik Mallick,Good condition,SCH0298,,True,True,True,True,False,0.14285714285714285
INSP02311,2026/02/27,SCH-0090,True,Available,Hai,True,Under Repair,Abhimanyu Srinivasan,,SCH0090,2026-02-27,True,,True,True,,0.0
INSP02190,2025/11/17,SCH0600,Y,H,Yes,False,0,Sanya Gokhale,Average,SCH0600,2025-11-17,True,,True,False,False,0.2857142857142857
INSP02305,2025-07-07,SCH0151,True,Yes,False,False,No,Nitara Devi,Good condition,SCH0151,,True,True,False,False,False,0.42857142857142855
INSP02989,04-20-2025,sch_0380,False,True,1,True,Nahi,Advika Mitra,,SCH0380,,False,True,True,True,False,0.2857142857142857
INSP00222,13.10.2025,SCH0015,True,1,True,,1,Warjas Goda,,SCH0015,,True,True,True,,True,0.0
INSP00544,06-Aug-2025,SCH0233,Hai,True,haan,True,False,Amara Tiwari,,SCH0233,,True,True,True,True,False,0.14285714285714285
INSP01424,01/08/2025,SCH-0354,False,na,Y,True,False,Nikita Sampath,,SCH0354,,False,,True,True,False,0.2857142857142857
INSP02259,2025-06-29,SCH0136,H,True,True,True,False,Vedant Prashad,Needs repair,SCH0136,,,True,True,True,False,0.14285714285714285
INSP00706,10-02-2025,S0307,True,Hai,1,na,,Vincent Singh,Average,SCH0307,,True,True,True,,,0.0
INSP02466,2025/09/10,0421,True,True,True,False,False,Arya Pal,Needs repair,SCH0421,2025-09-10,True,True,True,False,False,0.2857142857142857
INSP01007,2025/08/20,SCH0410,True,Y,True,,0,Darsh Lala,,SCH0410,2025-08-20,True,True,True,,False,0.14285714285714285
INSP01794,2025-12-08,sch0208,True,True,True,False,Y,Ekani Rajagopal,Average,SCH0208,,True,True,True,False,True,0.14285714285714285
INSP02782,2025-10-05,SCH0592,True,na,haan,Haan,True,Anmol Palla,Needs repair,SCH0592,,True,,True,True,True,0.0
INSP02930,2026/02/27,sch0288,Yes,,True,Broken,True,Peter Lala,Needs repair,SCH0288,2026-02-27,True,,True,False,True,0.14285714285714285
INSP00979,04-08-2025,SCH0488,True,Working,1,Nahi hai,False,Shaurya Krishnan,Needs repair,SCH0488,,True,True,True,,False,0.14285714285714285
INSP01905,22.09.2025,sch0562,True,True,True,False,na,Ganga Bahri,Needs repair,SCH0562,,True,True,True,False,,0.14285714285714285
INSP01799,25/04/2025,SCH0421,1,True,Hai,Under Repair,True,Warda Kade,No remarks,SCH0421,,True,True,True,,True,0.0
INSP00273,08-09-2025,SCH0413,haan,No,True,No,Functional,Eiravati Gara,,SCH0413,,True,False,True,False,True,0.2857142857142857
INSP00522,24/12/2025,S0509,1,True,Yes,Nahi,True,Jason Swamy,Needs repair,SCH0509,,True,True,True,False,True,0.14285714285714285
INSP00523,15/10/2025,SCH0419,True,haan,Nahi,Yes,False,Gagan Acharya,Good condition,SCH0419,,True,True,False,True,False,0.2857142857142857
INSP00437,18/03/2026,S0438,True,,True,True,True,Jagat Sawhney,Good condition,SCH0438,,True,,True,True,True,0.0
INSP01069,30/08/2025,SCH0439,True,1,True,H,True,Qadim Barad,Needs repair,SCH0439,,True,True,True,,True,0.0
INSP02068,01-Jul-2025,SCH0378,Yes,True,H,False,True,Tanay Vala,,SCH0378,,True,True,,False,True,0.14285714285714285
INSP00351,19.08.2025,SCH-0141,False,True,Working,1,,Rachit Das,,SCH0141,,False,True,True,True,,0.14285714285714285
INSP02248,18-Dec-2025,SCH0306,True,1,False,False,False,Yatan Sandal,Good condition,SCH0306,,True,True,False,False,False,0.42857142857142855
INSP01850,24/07/2025,sch0161,True,False,True,Nahi,False,Nisha Datta,Needs repair,SCH0161,,True,False,True,False,False,0.42857142857142855
INSP02439,2025-10-31,SCH-0212,True,True,True,No,True,Chakradhar Kohli,Good condition,SCH0212,,True,True,True,False,True,0.14285714285714285
INSP00652,08-May-2025,SCH0276,H,True,True,Working,True,,,SCH0276,,,True,True,True,True,0.0
INSP01808,09-19-2025,SCH0007,Haan,Yes,haan,Kharab,True,Mugdha Jayaraman,Toilets locked,SCH0007,,True,True,True,False,True,0.14285714285714285
INSP02726,03.02.2026,SCH0314,False,H,0,Available,True,Warhi Shetty,Needs repair,SCH0314,,False,,False,,True,0.2857142857142857
INSP02528,10-27-2025,SCH0096,False,1,Yes,True,True,Urvi Chaudhry,,SCH0096,,False,True,True,True,True,0.14285714285714285
INSP01346,29/08/2025,SCH-0341,True,True,Nahi hai,True,False,Samar Keer,Toilets locked,SCH0341,,True,True,,True,False,0.14285714285714285
INSP01079,11.05.2025,sch_0420,N,H,Hai,H,0,Rishi Mani,No remarks,SCH0420,,False,,True,,False,0.2857142857142857
INSP02745,21.01.2026,sch_0436,True,True,1,False,False,Janya Jayaraman,Toilets locked,SCH0436,,True,True,True,False,False,0.2857142857142857
INSP00169,2025/11/04,sch0373,Yes,Available,True,True,False,Samuel Barad,Good condition,SCH0373,2025-11-04,True,,True,True,False,0.14285714285714285
INSP02636,01.02.2026,0209,True,True,True,haan,Y,Fariq Samra,No remarks,SCH0209,,True,True,True,True,True,0.0
INSP02604,14.04.2025,SCH-0411,True,True,Functional,Yes,Yes,Anay Karan,,SCH0411,,True,True,True,True,True,0.0
INSP02924,07-18-2025,SCH0042,False,True,haan,True,False,Manthan Bali,Good condition,SCH0042,,False,True,True,True,False,0.2857142857142857
INSP02070,07-27-2025,S0344,True,Haan,Hai,No,Yes,Reyansh Narayanan,Average,SCH0344,,True,True,True,False,True,0.14285714285714285
INSP02324,2025-08-13,SCH0493,True,na,Nahi hai,False,Y,Ati Wagle,Average,SCH0493,,True,,,False,True,0.14285714285714285
INSP01934,25-May-2025,sch_0404,False,True,Nahi hai,Yes,True,Wahab Chaudhry,Average,SCH0404,,False,True,,True,True,0.14285714285714285
INSP01638,21/01/2026,sch0392,False,No,Haan,Yes,False,Keya Jain,Good condition,SCH0392,,False,False,True,True,False,0.42857142857142855
INSP01838,08-30-2025,SCH0579,True,H,1,False,Y,Peter Varkey,Average,SCH0579,,True,,True,False,True,0.14285714285714285
INSP01376,2025-07-23,SCH0513,True,True,True,1,Y,Tejas Patla,Good condition,SCH0513,,True,True,True,True,True,0.0
INSP02354,2025/09/25,SCH0484,False,True,True,False,Broken,Charles Patla,No remarks,SCH0484,2025-09-25,False,True,True,False,False,0.42857142857142855
INSP00220,2025-06-23,sch0228,Y,1,,Functional,False,Ayush Chada,No remarks,SCH0228,,True,True,,True,False,0.14285714285714285
INSP00368,06/04/2025,SCH0445,Haan,True,True,True,False,,Toilets locked,SCH0445,,True,True,True,True,False,0.14285714285714285
INSP02804,04.08.2025,SCH0220,,True,1,Haan,True,Pushti Wagle,,SCH0220,,,True,True,True,True,0.0
INSP00950,28.12.2025,S0446,True,haan,True,True,False,Varenya Ramaswamy,,SCH0446,,True,True,True,True,False,0.14285714285714285
INSP02399,27.01.2026,S0077,True,,Haan,False,na,Anamika Parekh,No remarks,SCH0077,,True,,True,False,,0.14285714285714285
INSP02253,2026-02-13,SCH0533,False,True,1,Hai,Nahi hai,,Needs repair,SCH0533,,False,True,True,True,,0.14285714285714285
INSP01457,17.10.2025,SCH-0334,0,True,na,Yes,False,Yauvani Gade,,SCH0334,,False,True,,True,False,0.2857142857142857
INSP00352,27.04.2025,SCH-0196,1,True,Haan,True,False,Charita Kant,Needs repair,SCH0196,,True,True,True,True,False,0.14285714285714285
INSP01098,29-Jan-2026,SCH-0340,Nahi hai,True,,,No,Theodore Chaudhari,,SCH0340,,,True,,,False,0.14285714285714285
INSP01264,2025/06/25,SCH0083,haan,True,True,False,False,,,SCH0083,2025-06-25,True,True,True,False,False,0.2857142857142857
INSP02239,06-19-2025,sch0190,Nahi hai,Yes,Yes,True,Hai,Yatan Iyengar,Needs repair,SCH0190,,,True,True,True,True,0.0
INSP00491,29.06.2025,SCH0218,,True,Yes,False,Y,Zashil Narang,,SCH0218,,,True,True,False,True,0.14285714285714285
INSP02827,16/10/2025,SCH0196,Y,1,False,True,Nahi hai,Mekhala Wadhwa,Good condition,SCH0196,,True,True,False,True,,0.14285714285714285
INSP02494,09.03.2026,SCH-0516,Haan,True,Functional,N,Y,Nathaniel Das,Toilets locked,SCH0516,,True,True,True,False,True,0.14285714285714285
INSP00499,2025/04/24,sch0447,False,Y,Working,True,Not Available,Qabil Varty,No remarks,SCH0447,2025-04-24,False,True,True,True,,0.14285714285714285
INSP02789,01/09/2025,SCH0100,True,True,Haan,Y,na,Alka Prabhu,,SCH0100,,True,True,True,True,,0.0
INSP00211,09/02/2026,sch_0164,haan,True,No,N,False,Ekapad Kulkarni,Needs repair,SCH0164,,True,True,False,False,False,0.42857142857142855
INSP00898,03/07/2025,sch0006,False,False,False,True,True,Warda Basak,Needs repair,SCH0006,,False,False,False,True,True,0.42857142857142855
INSP01205,2026/02/12,SCH0352,Functional,Haan,True,haan,Not Available,Wakeeta Dar,No remarks,SCH0352,2026-02-12,True,True,True,True,,0.0
INSP00651,31.12.2025,SCH0206,True,Yes,N,True,Nahi hai,Henry Om,Needs repair,SCH0206,,True,True,False,True,,0.14285714285714285
INSP00228,03-23-2026,SCH0168,Hai,True,Haan,True,True,,,SCH0168,,True,True,True,True,True,0.0
INSP00366,02-20-2026,sch0238,Y,Available,Y,True,Nahi hai,Ira Bhagat,,SCH0238,,True,,True,True,,0.0
INSP02223,2025-06-10,SCH0369,0,True,0,True,False,,,SCH0369,,False,True,False,True,False,0.42857142857142855
INSP00277,2026/02/17,SCH-0318,True,Hai,True,True,True,Robert Tandon,Good condition,SCH0318,2026-02-17,True,True,True,True,True,0.0
INSP02099,14/05/2025,0073,True,True,True,True,na,Janaki Kulkarni,Average,SCH0073,,True,True,True,True,,0.0
INSP01114,19-Nov-2025,sch_0431,Y,False,H,N,1,Mitesh Bains,Toilets locked,SCH0431,,True,False,,False,True,0.2857142857142857
INSP00737,12-Jan-2026,SCH0465,haan,haan,True,True,Yes,Siddharth Kakar,No remarks,SCH0465,,True,True,True,True,True,0.0
INSP02575,01-07-2026,sch0335,True,Hai,Available,No,False,Laksh Nayak,Average,SCH0335,,True,True,,False,False,0.2857142857142857
INSP01994,08-12-2025,sch_0017,na,True,Yes,N,Nahi hai,,No remarks,SCH0017,,,True,True,False,,0.14285714285714285
INSP00408,09.06.2025,S0411,na,True,True,False,1,Eesha Khalsa,Needs repair,SCH0411,,,True,True,False,True,0.14285714285714285
INSP02417,03/04/2025,SCH0482,True,No,Y,Y,Functional,Devansh Sathe,Needs repair,SCH0482,,True,False,True,True,True,0.14285714285714285
INSP02506,2025-05-01,SCH0521,True,Y,Available,1,No,Xalak Dixit,Average,SCH0521,,True,True,,True,False,0.14285714285714285
INSP02458,2026/01/17,sch0411,True,Y,na,,N,Alexander Varughese,Average,SCH0411,2026-01-17,True,True,,,False,0.14285714285714285
INSP02247,2025-06-03,sch0378,,Yes,False,Nahi,False,Jackson Sinha,No remarks,SCH0378,,,True,False,False,False,0.42857142857142855
INSP01666,2025-12-27,S0199,True,True,False,False,Nahi hai,Diya Saini,,SCH0199,,True,True,False,False,,0.2857142857142857
INSP02531,2025/07/06,SCH0580,True,Available,1,H,False,Azad Sengupta,No remarks,SCH0580,2025-07-06,True,,True,,False,0.14285714285714285
INSP01771,2025-08-11,SCH0085,Haan,Not Available,,True,N,Azaan Ramanathan,Toilets locked,SCH0085,,True,,,True,False,0.14285714285714285
INSP00008,2025/06/04,SCH0059,True,True,True,haan,False,Falak Karpe,Good condition,SCH0059,2025-06-04,True,True,True,True,False,0.14285714285714285
INSP01492,12/12/2025,sch_0268,False,False,Haan,1,,,,SCH0268,,False,False,True,True,,0.2857142857142857
INSP01533,30/05/2025,SCH0032,Y,True,haan,Y,False,Charles Sagar,Average,SCH0032,,True,True,True,True,False,0.14285714285714285
INSP01801,26-Sep-2025,0417,haan,True,1,True,False,Barkha Upadhyay,Needs repair,SCH0417,,True,True,True,True,False,0.14285714285714285
INSP00416,22/07/2025,SCH0024,Under Repair,True,True,True,No,Jason Kannan,Needs repair,SCH0024,,,True,True,True,False,0.14285714285714285
INSP01607,21/01/2026,SCH0064,True,,True,Yes,Haan,Jasmit Kurian,Average,SCH0064,,True,,True,True,True,0.0
INSP00840,30-Aug-2025,sch0226,Haan,Haan,True,,Hai,Omisha Dua,Toilets locked,SCH0226,,True,True,True,,True,0.0
INSP01763,07-02-2025,0420,True,True,No,False,True,,Good condition,SCH0420,,True,True,False,False,True,0.2857142857142857
INSP00865,01-11-2026,S0583,False,True,Kharab,N,True,Atharv Dara,Average,SCH0583,,False,True,False,False,True,0.42857142857142855
INSP00200,2025-11-26,0193,True,Yes,True,Y,No,Oviya Keer,Average,SCH0193,,True,True,True,True,False,0.14285714285714285
INSP01117,2025/09/23,SCH0413,Y,Working,True,Nahi hai,N,Varsha Mohanty,,SCH0413,2025-09-23,True,True,True,,False,0.14285714285714285
INSP00284,24/04/2025,SCH-0493,False,True,False,N,Working,Bhavani Tak,,SCH0493,,False,True,False,False,True,0.42857142857142855
INSP00232,10/01/2026,SCH-0433,True,True,Nahi hai,True,False,Jairaj D’Alia,Average,SCH0433,,True,True,,True,False,0.14285714285714285
INSP02992,2026/03/22,SCH0015,False,True,True,False,False,Megha Keer,No remarks,SCH0015,2026-03-22,False,True,True,False,False,0.42857142857142855
INSP01081,2025/04/10,SCH-0226,haan,True,H,True,na,Vritti Bhalla,Toilets locked,SCH0226,2025-04-10,True,True,,True,,0.0
INSP00097,11-07-2025,sch_0429,True,Hai,True,True,Hai,Abhiram Kapadia,Average,SCH0429,,True,True,True,True,True,0.0
INSP01508,2025/07/29,SCH-0310,Yes,H,Functional,Nahi,Yes,Vidhi Butala,Good condition,SCH0310,2025-07-29,True,,True,False,True,0.14285714285714285
INSP02760,10/09/2025,SCH0170,Working,True,True,True,True,Anmol Venkataraman,No remarks,SCH0170,,True,True,True,True,True,0.0
INSP01813,2025/12/14,SCH0532,haan,True,True,False,True,Hemani Lad,,SCH0532,2025-12-14,True,True,True,False,True,0.14285714285714285
INSP02936,08-14-2025,SCH0151,Functional,Yes,True,False,False,Ojas Gola,Toilets locked,SCH0151,,True,True,True,False,False,0.2857142857142857
INSP01201,06-Dec-2025,SCH0297,Hai,False,Hai,False,0,Samar Bhatt,,SCH0297,,True,False,True,False,False,0.42857142857142855
INSP02587,2025/04/24,sch0338,True,True,False,True,True,David Shanker,No remarks,SCH0338,2025-04-24,True,True,False,True,True,0.14285714285714285
INSP01412,05-Aug-2025,SCH0596,Nahi,Working,Functional,na,na,Sai Bhasin,Average,SCH0596,,False,True,True,,,0.14285714285714285
INSP02720,12.03.2026,sch0294,Haan,True,True,H,Haan,Janani Keer,Average,SCH0294,,True,True,True,,True,0.0
INSP02556,2025/11/17,SCH-0524,True,Y,Functional,No,True,Jagat Kade,No remarks,SCH0524,2025-11-17,True,True,True,False,True,0.14285714285714285
INSP01890,09-21-2025,SCH-0312,True,Hai,Hai,False,Kharab,Samaksh Kant,No remarks,SCH0312,,True,True,True,False,False,0.2857142857142857
INSP00105,28-Jul-2025,SCH0086,,Yes,True,Working,1,Maya Tella,,SCH0086,,,True,True,True,True,0.0
INSP02350,2025-09-29,SCH0094,haan,True,haan,1,H,,Needs repair,SCH0094,,True,True,True,True,,0.0
INSP01928,19-Jul-2025,SCH-0096,Available,True,Y,True,True,Sai Karan,No remarks,SCH0096,,,True,True,True,True,0.0
INSP02715,2025-05-10,SCH0239,0,True,1,Yes,Y,Anvi Gara,Needs repair,SCH0239,,False,True,True,True,True,0.14285714285714285
INSP01124,31-Jan-2026,SCH0364,Under Repair,H,False,Available,Working,Gavin Mall,,SCH0364,,,,False,,True,0.14285714285714285
INSP02009,11/12/2025,SCH0146,True,Functional,H,haan,True,Vrinda Ratta,,SCH0146,,True,True,,True,True,0.0
INSP00806,2025-12-28,sch_0231,False,True,True,Nahi hai,False,,Good condition,SCH0231,,False,True,True,,False,0.2857142857142857
INSP02409,15.03.2026,SCH0182,True,True,Haan,True,Nahi,Riya Dewan,No remarks,SCH0182,,True,True,True,True,False,0.14285714285714285
INSP02582,2026/03/23,sch_0500,True,True,True,False,,Maya Mammen,No remarks,SCH0500,2026-03-23,True,True,True,False,,0.14285714285714285
INSP00745,2025/09/20,sch_0264,Available,haan,True,True,Haan,Ijaya Ramesh,No remarks,SCH0264,2025-09-20,,True,True,True,True,0.0
INSP00227,2025-12-07,0420,Y,Working,Y,False,True,Bhavika Gandhi,Needs repair,SCH0420,,True,True,True,False,True,0.14285714285714285
INSP01222,2025/11/10,SCH-0556,False,Hai,False,True,False,,No remarks,SCH0556,2025-11-10,False,True,False,True,False,0.42857142857142855
INSP01293,2025-11-20,sch_0385,True,True,True,Haan,False,Wyatt Doctor,Toilets locked,SCH0385,,True,True,True,True,False,0.14285714285714285
INSP02421,11-20-2025,sch_0110,N,H,False,True,N,Yash Sagar,Needs repair,SCH0110,,False,,False,True,False,0.42857142857142855
INSP00323,02/10/2025,SCH0316,True,True,True,False,na,Raksha Jain,Good condition,SCH0316,,True,True,True,False,,0.14285714285714285
INSP02092,30/03/2026,SCH-0466,Y,Hai,H,False,False,Maanav Gour,Needs repair,SCH0466,,True,True,,False,False,0.2857142857142857
INSP01030,11/03/2026,SCH0547,True,True,Hai,Kharab,False,Vedhika Saha,Average,SCH0547,,True,True,True,False,False,0.2857142857142857
INSP00890,2025-09-20,SCH-0423,False,True,Y,False,1,,No remarks,SCH0423,,False,True,True,False,True,0.2857142857142857
INSP01617,28.02.2026,sch_0432,haan,Working,True,False,Working,Chanchal Bhardwaj,Average,SCH0432,,True,True,True,False,True,0.14285714285714285
INSP01111,04/01/2026,SCH0438,Hai,haan,Y,False,Nahi,Avni Kuruvilla,,SCH0438,,True,True,True,False,False,0.2857142857142857
INSP02116,14.07.2025,sch_0215,Functional,Available,Functional,False,False,Pavani Saini,Needs repair,SCH0215,,True,,True,False,False,0.2857142857142857
INSP00271,01-12-2026,SCH0240,haan,H,Yes,True,False,Timothy Ghosh,Toilets locked,SCH0240,,True,,True,True,False,0.14285714285714285
INSP02763,2025/11/05,sch0330,False,True,haan,True,False,Isha Walia,No remarks,SCH0330,2025-11-05,False,True,True,True,False,0.2857142857142857
INSP01043,28-Oct-2025,SCH0379,Y,True,Hai,H,True,,,SCH0379,,True,True,True,,True,0.0
INSP01777,2025-06-04,SCH0080,haan,True,True,True,True,Zaitra Keer,Needs repair,SCH0080,,True,True,True,True,True,0.0
INSP00465,2025-09-07,SCH0211,True,No,1,True,False,,Needs repair,SCH0211,,True,False,True,True,False,0.2857142857142857
INSP00882,02.04.2025,sch_0313,Yes,,haan,True,,Hardik Guha,No remarks,SCH0313,,True,,True,True,,0.0
INSP02156,2025-04-28,S0302,,Haan,True,No,0,Aadhya Baral,Good condition,SCH0302,,,True,True,False,False,0.2857142857142857
INSP00863,22/06/2025,SCH0195,Nahi,True,True,Yes,True,Caleb Thaman,Good condition,SCH0195,,False,True,True,True,True,0.14285714285714285
INSP01423,2025-07-04,SCH0416,True,Hai,True,False,False,Geetika Garde,Average,SCH0416,,True,True,True,False,False,0.2857142857142857
INSP02255,2025/10/18,SCH0270,Working,True,Haan,1,No,Lavanya Subramanian,Toilets locked,SCH0270,2025-10-18,True,True,True,True,False,0.14285714285714285
INSP00773,2025-09-09,SCH0413,True,True,True,False,1,Vidhi Karpe,Toilets locked,SCH0413,,True,True,True,False,True,0.14285714285714285
INSP01768,26.11.2025,SCH0544,True,True,True,Not Available,False,Pranit Deep,Needs repair,SCH0544,,True,True,True,,False,0.14285714285714285
INSP01065,27-Jun-2025,SCH-0074,Haan,True,False,Haan,N,Jalsa Gokhale,Good condition,SCH0074,,True,True,False,True,False,0.2857142857142857
INSP00213,05-23-2025,SCH0284,True,True,Y,No,False,Vasudha Bal,No remarks,SCH0284,,True,True,True,False,False,0.2857142857142857
INSP00013,2026-01-05,SCH0345,Not Available,True,True,True,False,Advik Edwin,No remarks,SCH0345,,,True,True,True,False,0.14285714285714285
INSP02568,2026-01-24,sch_0356,True,True,False,True,True,Mahika Swaminathan,,SCH0356,,True,True,False,True,True,0.14285714285714285
INSP00423,17.10.2025,SCH0321,na,True,,N,True,Sathvik Balasubramanian,Average,SCH0321,,,True,,False,True,0.14285714285714285
INSP02368,05.09.2025,SCH0384,1,Functional,True,Functional,Y,Zinal Chaudhary,Toilets locked,SCH0384,,True,True,True,True,True,0.0
INSP01054,22-Jun-2025,SCH-0476,Yes,,False,True,,Varenya Ramakrishnan,Needs repair,SCH0476,,True,,False,True,,0.14285714285714285
INSP01230,07/10/2025,SCH0456,Available,H,0,H,Available,Lila Contractor,No remarks,SCH0456,,,,False,,,0.14285714285714285
INSP01456,03-11-2026,SCH0323,haan,1,Hai,1,Nahi hai,,Toilets locked,SCH0323,,True,True,True,True,,0.0
INSP00742,06/11/2025,sch0455,False,,Haan,na,True,Oviya Panchal,Needs repair,SCH0455,,False,,True,,True,0.14285714285714285
INSP02776,2025/07/09,SCH0139,True,haan,Y,False,True,Lakshit Sur,,SCH0139,2025-07-09,True,True,True,False,True,0.14285714285714285
INSP02700,2026/03/17,SCH-0252,True,True,Y,Hai,False,Rachita Rana,Needs repair,SCH0252,2026-03-17,True,True,True,True,False,0.14285714285714285
INSP02329,13.03.2026,SCH0596,Yes,N,H,Hai,Nahi hai,Baljiwan Mani,,SCH0596,,True,False,,True,,0.14285714285714285
INSP00799,2026/01/19,SCH-0035,False,Working,Under Repair,Haan,N,Megha Sanghvi,Average,SCH0035,2026-01-19,False,True,,True,False,0.2857142857142857
INSP01432,2025-05-20,0057,1,Nahi hai,True,Available,haan,Hamsini Dugar,Toilets locked,SCH0057,,True,,True,,True,0.0
INSP02427,11-Sep-2025,SCH0074,False,Yes,False,True,0,Pooja Kunda,Needs repair,SCH0074,,False,True,False,True,False,0.42857142857142855
INSP00510,2025/05/08,sch_0101,False,True,Working,True,Yes,Radha Sunder,Average,SCH0101,2025-05-08,False,True,True,True,True,0.14285714285714285
INSP00645,2025-10-18,SCH-0589,Available,True,Nahi,Functional,False,Amaira Padmanabhan,Average,SCH0589,,,True,False,True,False,0.2857142857142857
INSP00598,2025-10-06,S0276,Working,True,True,,False,Niharika Pillai,Needs repair,SCH0276,,True,True,True,,False,0.14285714285714285
INSP02714,2025-07-10,S0592,False,True,False,False,Under Repair,Andrew Batta,Good condition,SCH0592,,False,True,False,False,,0.42857142857142855
INSP01162,28-May-2025,sch_0527,Working,haan,True,True,False,Sathvik Lala,Average,SCH0527,,True,True,True,True,False,0.14285714285714285
INSP01362,13.07.2025,SCH0206,False,False,True,False,,Vritti Som,No remarks,SCH0206,,False,False,True,False,,0.42857142857142855
INSP00858,05-Jul-2025,SCH-0189,Not Available,haan,True,True,True,Imaran Mohan,No remarks,SCH0189,,,True,True,True,True,0.0
INSP02780,12-Dec-2025,SCH0072,True,Available,,Nahi hai,False,Charita Mangat,No remarks,SCH0072,,True,,,,False,0.14285714285714285
INSP00519,07-27-2025,sch0309,Y,Broken,True,na,True,,No remarks,SCH0309,,True,False,True,,True,0.14285714285714285
INSP00965,07-02-2025,S0287,Functional,Yes,haan,1,haan,Kashish Sankaran,Toilets locked,SCH0287,,True,True,True,True,True,0.0
INSP02968,2025/10/04,SCH0074,Hai,False,Nahi hai,False,haan,Kavya Shan,,SCH0074,2025-10-04,True,False,,False,True,0.2857142857142857
INSP00574,08-17-2025,sch0434,Yes,Y,Broken,Yes,True,Yashasvi More,No remarks,SCH0434,,True,True,False,True,True,0.14285714285714285
INSP00103,24/02/2026,0022,haan,True,Y,Yes,True,Netra Ram,Average,SCH0022,,True,True,True,True,True,0.0
INSP02865,2025/04/27,SCH0095,False,True,0,True,Functional,Isaiah Rastogi,Average,SCH0095,2025-04-27,False,True,False,True,True,0.2857142857142857
INSP02544,2025/05/10,sch_0046,True,1,1,Hai,Hai,,,SCH0046,2025-05-10,True,True,True,True,True,0.0
INSP02107,2025/12/27,SCH-0459,Haan,1,True,False,True,Fitan Devan,Needs repair,SCH0459,2025-12-27,True,True,True,False,True,0.14285714285714285
INSP02754,12.10.2025,SCH0363,N,Y,H,True,False,Vansha Buch,Good condition,SCH0363,,False,True,,True,False,0.2857142857142857
INSP01308,15-Jul-2025,sch0173,True,Y,Nahi,1,1,Jack Subramanian,,SCH0173,,True,True,False,True,True,0.14285714285714285
INSP01587,18/04/2025,SCH0254,True,haan,1,Broken,True,Ryan Srinivasan,Needs repair,SCH0254,,True,True,True,False,True,0.14285714285714285
INSP00124,2025/12/18,SCH0515,0,na,Haan,H,False,Deepa Parmar,Average,SCH0515,2025-12-18,False,,True,,False,0.2857142857142857
INSP01498,2025-10-26,SCH-0324,Available,True,Yes,False,False,Advik Lata,No remarks,SCH0324,,,True,True,False,False,0.2857142857142857
INSP00221,19/07/2025,sch0090,Y,Available,True,False,Working,Finn Ranganathan,Needs repair,SCH0090,,True,,True,False,True,0.14285714285714285
INSP00204,09/06/2025,SCH-0590,True,Hai,na,1,True,Jacob Mani,No remarks,SCH0590,,True,True,,True,True,0.0
INSP00359,02.09.2025,SCH0288,False,True,Hai,False,True,Irya Bhatnagar,No remarks,SCH0288,,False,True,True,False,True,0.2857142857142857
INSP02530,2025/04/13,S0084,Y,Functional,haan,False,Yes,Amaira Upadhyay,Needs repair,SCH0084,2025-04-13,True,True,True,False,True,0.14285714285714285
INSP02777,22.10.2025,SCH0270,True,True,False,True,False,Advika Chacko,,SCH0270,,True,True,False,True,False,0.2857142857142857
INSP02113,05-14-2025,SCH0325,True,True,True,Hai,False,Kiaan Wable,Toilets locked,SCH0325,,True,True,True,True,False,0.14285714285714285
INSP01796,26/03/2026,sch0041,Y,1,True,Nahi hai,False,Hitesh Atwal,Good condition,SCH0041,,True,True,True,,False,0.14285714285714285
INSP01698,29-Dec-2025,SCH0552,H,H,False,True,Nahi hai,Chakradev Sengupta,Average,SCH0552,,,,False,True,,0.14285714285714285
INSP00260,2025/12/14,SCH0057,haan,True,False,Under Repair,haan,Zayyan Solanki,No remarks,SCH0057,2025-12-14,True,True,False,,True,0.14285714285714285
INSP02913,21.10.2025,SCH0015,Functional,False,True,H,False,Atharv Varty,Good condition,SCH0015,,True,False,True,,False,0.2857142857142857
INSP02415,2025-10-23,SCH0259,Y,Yes,Yes,False,False,Akshay Bahri,No remarks,SCH0259,,True,True,True,False,False,0.2857142857142857
INSP01351,2025-11-01,SCH0462,Hai,1,True,Y,True,Ekantika Nazareth,Average,SCH0462,,True,True,True,True,True,0.0
INSP02517,05-23-2025,sch0266,False,Not Available,Y,Nahi hai,False,Pranit Tata,,SCH0266,,False,,True,,False,0.2857142857142857
INSP02378,2025/07/03,SCH-0441,Available,Working,True,True,Nahi,Manthan Bora,,SCH0441,2025-07-03,,True,True,True,False,0.14285714285714285
INSP01107,04/12/2025,SCH0179,True,False,haan,False,Y,Devika Kari,Good condition,SCH0179,,True,False,True,False,True,0.2857142857142857
INSP02532,2025-09-26,S0116,True,True,Not Available,True,True,William Biswas,Needs repair,SCH0116,,True,True,,True,True,0.0
INSP01878,20.03.2026,0053,True,True,H,True,True,Onkar Din,Good condition,SCH0053,,True,True,,True,True,0.0
INSP01657,15/05/2025,sch_0163,True,False,True,False,Haan,Vidhi Mall,No remarks,SCH0163,,True,False,True,False,True,0.2857142857142857
INSP01094,02/11/2025,sch_0489,Y,Yes,True,Working,1,Advika Munshi,,SCH0489,,True,True,True,True,True,0.0
INSP02856,2026-01-07,sch_0547,Hai,Y,True,False,False,Wishi Narang,,SCH0547,,True,True,True,False,False,0.2857142857142857
INSP02449,2025/11/20,sch_0486,Available,,na,na,False,George Om,,SCH0486,2025-11-20,,,,,False,0.14285714285714285
INSP00457,18.12.2025,0232,True,True,True,Yes,True,Zehaan Guha,,SCH0232,,True,True,True,True,True,0.0
INSP00463,26/10/2025,SCH-0078,True,False,Y,na,Haan,Oeshi Krishna,Average,SCH0078,,True,False,True,,True,0.14285714285714285
INSP00613,2025-10-04,SCH0092,Haan,True,Available,,False,Maya Chada,Good condition,SCH0092,,True,True,,,False,0.14285714285714285
INSP01692,07-01-2025,SCH-0156,True,Yes,Yes,haan,Kharab,Aditya Mukhopadhyay,Needs repair,SCH0156,,True,True,True,True,False,0.14285714285714285
INSP01668,2025-04-10,SCH-0339,True,0,True,False,H,,Average,SCH0339,,True,False,True,False,,0.2857142857142857
INSP01414,2025/05/15,0096,False,True,True,True,haan,Nirja Chawla,Toilets locked,SCH0096,2025-05-15,False,True,True,True,True,0.14285714285714285
INSP00382,01-19-2026,sch_0242,Hai,1,False,Nahi hai,True,Harsh Chadha,No remarks,SCH0242,,True,True,False,,True,0.14285714285714285
INSP02939,2025-09-22,sch0433,Hai,Yes,True,N,True,Varsha Tandon,Average,SCH0433,,True,True,True,False,True,0.14285714285714285
INSP01534,07.10.2025,S0208,Nahi,False,True,True,haan,Libni Deol,,SCH0208,,False,False,True,True,True,0.2857142857142857
INSP02473,03-Nov-2025,SCH-0205,True,,Hai,,Hai,Upadhriti Rai,,SCH0205,,True,,True,,True,0.0
INSP02442,2026/02/21,sch_0512,N,na,True,Yes,Hai,Krish Sinha,Good condition,SCH0512,2026-02-21,False,,True,True,True,0.14285714285714285
INSP00966,19-Jun-2025,sch_0426,False,True,Available,True,Working,Aishani Kara,No remarks,SCH0426,,False,True,,True,True,0.14285714285714285
INSP02842,18/07/2025,SCH0113,Y,True,False,False,haan,Chakrika Kata,Good condition,SCH0113,,True,True,False,False,True,0.2857142857142857
INSP01778,12-Mar-2026,sch0556,True,True,True,False,False,Urvashi Batra,Toilets locked,SCH0556,,True,True,True,False,False,0.2857142857142857
INSP00943,05/05/2025,S0356,False,Yes,Haan,False,na,Anmol Deshmukh,Good condition,SCH0356,,False,True,True,False,,0.2857142857142857
INSP00060,31-May-2025,sch_0564,Available,,True,H,True,Geetika Kapoor,Average,SCH0564,,,,True,,True,0.0
INSP02391,2026/01/07,sch_0301,False,Hai,True,Functional,na,Irya Mittal,,SCH0301,2026-01-07,False,True,True,True,,0.14285714285714285
INSP02859,12-Mar-2026,SCH0279,False,H,N,Y,Working,,Average,SCH0279,,False,,False,True,True,0.2857142857142857
INSP01766,05/01/2026,0360,H,Yes,False,False,na,Ayush Mann,Needs repair,SCH0360,,,True,False,False,,0.2857142857142857
INSP01576,11-Aug-2025,SCH0099,Hai,True,True,Available,Broken,Omya Swaminathan,Toilets locked,SCH0099,,True,True,True,,False,0.14285714285714285
INSP02484,19/03/2026,SCH-0510,True,1,H,False,False,Panini Nayar,Good condition,SCH0510,,True,True,,False,False,0.2857142857142857
INSP02411,22.12.2025,SCH-0105,False,False,Available,True,Y,Andrew Chahal,Toilets locked,SCH0105,,False,False,,True,True,0.2857142857142857
INSP01028,22/01/2026,SCH0107,na,True,Hai,Nahi,1,Isha Vohra,Good condition,SCH0107,,,True,True,False,True,0.14285714285714285
INSP00658,21.03.2026,sch_0117,,True,True,Nahi,Y,Peter Rao,Good condition,SCH0117,,,True,True,False,True,0.14285714285714285
INSP01314,11-Aug-2025,sch_0351,False,True,na,Yes,Nahi hai,Siya Sahni,Toilets locked,SCH0351,,False,True,,True,,0.14285714285714285
INSP00846,28-Jun-2025,SCH-0190,Y,,haan,Nahi,Y,,Needs repair,SCH0190,,True,,True,False,True,0.14285714285714285
INSP00543,24.01.2026,sch_0327,True,Haan,Functional,,True,Advaith Rajagopal,Toilets locked,SCH0327,,True,True,True,,True,0.0
INSP00870,20.08.2025,S0454,True,True,Working,Yes,False,Rachana Mani,No remarks,SCH0454,,True,True,True,True,False,0.14285714285714285
INSP01710,15-May-2025,SCH0016,True,Y,Hai,N,False,Harrison Bera,Toilets locked,SCH0016,,True,True,True,False,False,0.2857142857142857
INSP01310,08/09/2025,SCH0249,haan,True,True,True,False,,Needs repair,SCH0249,,True,True,True,True,False,0.14285714285714285
INSP02227,11-Aug-2025,sch_0097,Y,1,Available,,False,Xiti Walla,Needs repair,SCH0097,,True,True,,,False,0.14285714285714285
INSP02579,12-Dec-2025,sch_0008,True,Haan,Available,1,na,Frederick Mistry,Good condition,SCH0008,,True,True,,True,,0.0
INSP01447,2026-03-24,SCH0035,Available,True,True,Hai,N,Advay Rege,,SCH0035,,,True,True,True,False,0.14285714285714285
INSP02644,11/12/2025,sch_0130,True,True,True,1,N,Madhavi Dey,Average,SCH0130,,True,True,True,True,False,0.14285714285714285
INSP01656,03.12.2025,SCH0543,False,Working,True,H,Y,Maanas Basu,No remarks,SCH0543,,False,True,True,,True,0.14285714285714285
INSP01504,2025-10-29,sch_0236,Y,True,Yes,na,Not Available,Akshay Iyengar,No remarks,SCH0236,,True,True,True,,,0.0
INSP01085,2026-02-07,SCH-0262,Y,True,True,False,,Yashasvi Amble,Average,SCH0262,,True,True,True,False,,0.14285714285714285
INSP00299,14/12/2025,sch0599,Nahi,True,H,No,False,Odika Bhandari,,SCH0599,,False,True,,False,False,0.42857142857142855
INSP02379,30/03/2026,SCH-0284,True,,True,1,True,Oscar Basak,No remarks,SCH0284,,True,,True,True,True,0.0
INSP01433,2025-05-30,0590,Y,Yes,False,Y,Nahi,Akshay Narayan,Average,SCH0590,,True,True,False,True,False,0.2857142857142857
INSP02546,2025/11/06,SCH0182,True,na,1,True,Yes,Anjali Magar,Needs repair,SCH0182,2025-11-06,True,,True,True,True,0.0
INSP01892,31.08.2025,SCH-0238,True,True,True,H,False,Jairaj Hegde,Good condition,SCH0238,,True,True,True,,False,0.14285714285714285
INSP01062,13-May-2025,SCH0009,False,Hai,N,Haan,Available,Lipika Cherian,Average,SCH0009,,False,True,False,True,,0.2857142857142857
INSP00436,12-23-2025,SCH0581,True,True,True,True,Broken,Aachal Pai,Good condition,SCH0581,,True,True,True,True,False,0.14285714285714285
INSP02474,10/01/2026,sch0352,True,True,True,True,H,Abeer Toor,No remarks,SCH0352,,True,True,True,True,,0.0
INSP00238,09-08-2025,sch_0166,No,Available,Y,True,,Hiral Goda,Toilets locked,SCH0166,,False,,True,True,,0.14285714285714285
INSP01488,2025/08/17,SCH-0242,True,True,Yes,True,haan,Irya Prabhu,Toilets locked,SCH0242,2025-08-17,True,True,True,True,True,0.0
INSP02728,2025-06-30,SCH0282,False,Hai,Y,Hai,True,Hiral Morar,,SCH0282,,False,True,True,True,True,0.14285714285714285
INSP00110,23-Apr-2025,SCH0119,No,Functional,True,False,False,Eiravati Chaudhuri,Toilets locked,SCH0119,,False,True,True,False,False,0.42857142857142855
INSP02084,2025/09/11,SCH0283,,No,1,Yes,0,Naveen Bhandari,Good condition,SCH0283,2025-09-11,,False,True,True,False,0.2857142857142857
INSP00782,2026-01-10,SCH0162,True,True,Working,1,True,Tanveer Dyal,Toilets locked,SCH0162,,True,True,True,True,True,0.0
INSP02165,31-Oct-2025,SCH0541,True,True,haan,Hai,True,Vansha Mand,Toilets locked,SCH0541,,True,True,True,True,True,0.0
INSP00164,02-05-2026,sch0163,0,na,Haan,1,Broken,Vedhika Bora,Good condition,SCH0163,,False,,True,True,False,0.2857142857142857
INSP00289,27.12.2025,SCH0457,True,True,True,True,False,Parth Bhatnagar,,SCH0457,,True,True,True,True,False,0.14285714285714285
INSP00064,03.03.2026,SCH0051,Working,Haan,Functional,False,Nahi,Forum Choudhary,Toilets locked,SCH0051,,True,True,True,False,False,0.2857142857142857
INSP00253,07/07/2025,SCH-0006,,True,False,True,Hai,Nicholas Agate,Toilets locked,SCH0006,,,True,False,True,True,0.14285714285714285
INSP01118,07.08.2025,SCH-0382,Working,Yes,False,Nahi,Haan,Aishani Keer,Needs repair,SCH0382,,True,True,False,False,True,0.2857142857142857
INSP02127,15.12.2025,sch_0350,Working,True,Yes,1,Nahi,Tara Oza,Good condition,SCH0350,,True,True,True,True,False,0.14285714285714285
INSP01739,06.06.2025,SCH0436,,Y,False,True,Yes,Zilmil Kumar,,SCH0436,,,True,False,True,True,0.14285714285714285
INSP00768,2026/02/19,sch_0172,False,False,True,False,0,Chatura Pradhan,Good condition,SCH0172,2026-02-19,False,False,True,False,False,0.5714285714285714
INSP00788,07.06.2025,SCH0421,True,True,True,False,True,Jeet Roy,Average,SCH0421,,True,True,True,False,True,0.14285714285714285
INSP01443,09-30-2025,sch_0463,True,True,True,True,True,Jairaj Chaudhary,Good condition,SCH0463,,True,True,True,True,True,0.0
INSP00927,04-03-2025,sch0420,na,True,False,True,True,,Good condition,SCH0420,,,True,False,True,True,0.14285714285714285
INSP01836,19/07/2025,SCH-0134,Haan,na,Y,N,Yes,Lavanya Seshadri,Average,SCH0134,,True,,True,False,True,0.14285714285714285
INSP01074,10/12/2025,S0265,Nahi hai,Available,Haan,H,Kharab,Tanvi Wagle,Toilets locked,SCH0265,,,,True,,False,0.14285714285714285
INSP01287,2025/05/29,SCH0119,H,Yes,,Y,Y,Qarin Bhavsar,No remarks,SCH0119,2025-05-29,,True,,True,True,0.0
INSP01554,2026/01/21,SCH-0575,Functional,True,Yes,Nahi,,Urvashi Mann,Average,SCH0575,2026-01-21,True,True,True,False,,0.14285714285714285
INSP02457,2025-08-02,sch0475,Working,Nahi hai,True,Y,Nahi hai,Liam Munshi,Good condition,SCH0475,,True,,True,True,,0.0
INSP02230,2025-05-20,SCH-0207,True,True,Working,True,False,Nachiket Gara,Good condition,SCH0207,,True,True,True,True,False,0.14285714285714285
INSP02752,21.11.2025,sch_0255,Y,haan,Yes,Y,Functional,Urmi Shetty,No remarks,SCH0255,,True,True,True,True,True,0.0
INSP02313,08-17-2025,sch_0542,Yes,Hai,Yes,True,Working,Gunbir Pingle,Average,SCH0542,,True,True,True,True,True,0.0
INSP02563,23.01.2026,0049,True,True,Yes,False,Kharab,,Average,SCH0049,,True,True,True,False,False,0.2857142857142857
INSP00848,2025/07/02,SCH0009,1,True,N,0,Yes,Vasatika Khanna,Good condition,SCH0009,2025-07-02,True,True,False,False,True,0.2857142857142857
INSP01438,01/01/2026,SCH-0081,Working,Nahi,True,True,Nahi,Diya Anand,Toilets locked,SCH0081,,True,False,True,True,False,0.2857142857142857
INSP02541,27.07.2025,SCH0566,,1,Haan,Nahi hai,Nahi hai,Vamakshi Sura,Good condition,SCH0566,,,True,True,,,0.0
INSP00462,01.04.2025,SCH0277,Nahi,1,True,True,False,Tanmayi Vasa,Toilets locked,SCH0277,,False,True,True,True,False,0.2857142857142857
INSP02357,2025/06/29,SCH0059,Working,True,,False,Y,Robert Rattan,,SCH0059,2025-06-29,True,True,,False,True,0.14285714285714285
INSP01603,2025-04-10,sch_0473,Y,Functional,Hai,True,Functional,,Toilets locked,SCH0473,,True,True,True,True,True,0.0
INSP00158,07-17-2025,sch0331,Y,H,Yes,True,True,Umang Pai,Toilets locked,SCH0331,,True,,True,True,True,0.0
INSP02523,30/07/2025,SCH-0256,Available,True,False,False,False,Anita Dhingra,Good condition,SCH0256,,,True,False,False,False,0.42857142857142855
INSP02087,11-06-2025,sch_0140,True,Y,Functional,True,Kharab,Noah Narayanan,Good condition,SCH0140,,True,True,True,True,False,0.14285714285714285
INSP01805,12.05.2025,sch0594,H,Y,True,Available,Y,Gavin Chahal,Needs repair,SCH0594,,,True,True,,True,0.0
INSP00678,02-17-2026,SCH0230,True,True,Y,,N,Praneel Borde,Average,SCH0230,,True,True,True,,False,0.14285714285714285
INSP01874,10-17-2025,S0304,False,True,Not Available,False,False,Luke Pingle,Toilets locked,SCH0304,,False,True,,False,False,0.42857142857142855
INSP02373,2026-02-22,SCH-0532,Nahi,Yes,Available,No,True,,Toilets locked,SCH0532,,False,True,,False,True,0.2857142857142857
INSP00239,04.03.2026,SCH-0449,Hai,0,True,False,1,,,SCH0449,,True,False,True,False,True,0.2857142857142857
INSP00980,2025/07/20,SCH-0600,True,True,True,True,False,Geetika Srinivasan,Needs repair,SCH0600,2025-07-20,True,True,True,True,False,0.14285714285714285
INSP01221,27/05/2025,S0542,True,True,Nahi hai,False,na,Chanchal Narula,Toilets locked,SCH0542,,True,True,,False,,0.14285714285714285
INSP00244,11-09-2025,SCH-0353,True,True,True,1,True,Samaksh Barad,Toilets locked,SCH0353,,True,True,True,True,True,0.0
INSP00101,16-Sep-2025,SCH0478,Yes,True,Nahi,Hai,Functional,Jalsa Chaudry,Good condition,SCH0478,,True,True,False,True,True,0.14285714285714285
INSP00316,2025/07/14,SCH0212,Haan,True,True,H,N,,Average,SCH0212,2025-07-14,True,True,True,,False,0.14285714285714285
INSP01011,03/03/2026,sch0556,Nahi hai,Haan,True,Working,True,Umang Sahota,No remarks,SCH0556,,,True,True,True,True,0.0
INSP02584,2026/02/10,SCH0380,False,Haan,True,True,True,Jacob Jha,Toilets locked,SCH0380,2026-02-10,False,True,True,True,True,0.14285714285714285
INSP02583,20-Oct-2025,0116,False,True,Functional,H,True,Nirja Rama,,SCH0116,,False,True,True,,True,0.14285714285714285
INSP01056,2025/09/03,SCH-0467,True,True,True,,False,Alka Gopal,No remarks,SCH0467,2025-09-03,True,True,True,,False,0.14285714285714285
INSP00262,25.06.2025,SCH0232,True,Y,Working,Functional,Yes,Utkarsh Oak,No remarks,SCH0232,,True,True,True,True,True,0.0
INSP02664,06-13-2025,sch0199,No,True,False,,Nahi hai,Bakhshi Koshy,No remarks,SCH0199,,False,True,False,,,0.2857142857142857
INSP01834,11.09.2025,SCH-0295,Y,True,Y,0,True,,Good condition,SCH0295,,True,True,True,False,True,0.14285714285714285
INSP00196,02-Nov-2025,sch_0465,False,Under Repair,,Haan,False,Om Issac,,SCH0465,,False,,,True,False,0.2857142857142857
INSP01980,06-Jul-2025,sch0115,Y,,True,True,False,,Average,SCH0115,,True,,True,True,False,0.14285714285714285
INSP02950,2026-02-26,SCH0314,False,True,1,Y,1,Mahika Sankaran,Average,SCH0314,,False,True,True,True,True,0.14285714285714285
INSP02384,2025-10-28,SCH-0346,Nahi,Not Available,Working,Broken,False,Zehaan Dugar,Toilets locked,SCH0346,,False,,True,False,False,0.42857142857142855
INSP00180,09.09.2025,SCH0417,Kharab,Hai,True,False,True,Urishilla Shere,Good condition,SCH0417,,False,True,True,False,True,0.2857142857142857
INSP00835,24.02.2026,SCH-0572,False,False,True,False,Nahi,Krishna Sama,No remarks,SCH0572,,False,False,True,False,False,0.5714285714285714
INSP00843,2026/02/10,SCH0229,No,,True,Yes,False,Vaishnavi Salvi,No remarks,SCH0229,2026-02-10,False,,True,True,False,0.2857142857142857
INSP02441,2026/02/07,SCH0485,H,,True,Working,True,Nirja Khurana,No remarks,SCH0485,2026-02-07,,,True,True,True,0.0
INSP01581,01.08.2025,SCH0205,True,True,True,Nahi hai,False,Anirudh Purohit,Toilets locked,SCH0205,,True,True,True,,False,0.14285714285714285
INSP01038,01-23-2026,sch_0465,Functional,,Yes,Functional,Under Repair,Vrishti Balakrishnan,Good condition,SCH0465,,True,,True,True,,0.0
INSP00341,2025/05/07,SCH0098,True,Y,False,True,Nahi,Lohit Bala,Needs repair,SCH0098,2025-05-07,True,True,False,True,False,0.2857142857142857
INSP01180,2025-10-02,SCH0451,,0,,N,Nahi,Rachana Chander,Needs repair,SCH0451,,,False,,False,False,0.42857142857142855
INSP01988,26.12.2025,SCH0188,Functional,Nahi hai,False,True,False,Veda Rao,Average,SCH0188,,True,,False,True,False,0.2857142857142857
INSP00749,03-09-2026,SCH0065,True,0,False,,False,Kala Kale,No remarks,SCH0065,,True,False,False,,False,0.42857142857142855
INSP01193,30-Apr-2025,SCH0137,True,1,haan,N,Yes,Faraj Sura,Average,SCH0137,,True,True,True,False,True,0.14285714285714285
INSP00663,2025-11-30,S0424,True,Nahi hai,True,True,No,Manan Bhattacharyya,,SCH0424,,True,,True,True,False,0.14285714285714285
INSP00481,2025-05-29,sch_0019,Working,True,,0,True,Amaira Balakrishnan,No remarks,SCH0019,,True,True,,False,True,0.14285714285714285
INSP00804,12-03-2025,SCH-0524,True,Hai,True,Nahi,False,Waida Handa,Good condition,SCH0524,,True,True,True,False,False,0.2857142857142857
INSP00795,2025/10/20,0458,N,1,H,True,,Caleb Pandya,No remarks,SCH0458,2025-10-20,False,True,,True,,0.14285714285714285
INSP01455,26-Dec-2025,SCH0322,True,Y,True,Available,na,Nihal Dasgupta,,SCH0322,,True,True,True,,,0.0
INSP01499,2025-08-01,0512,Haan,Nahi hai,,0,Yes,Urvi Warrior,Good condition,SCH0512,,True,,,False,True,0.14285714285714285
INSP02562,25/03/2026,sch_0118,False,True,H,True,True,,Toilets locked,SCH0118,,False,True,,True,True,0.14285714285714285
INSP00550,17-Oct-2025,sch_0554,haan,haan,na,False,False,Unnati Chacko,Toilets locked,SCH0554,,True,True,,False,False,0.2857142857142857
INSP01741,09/06/2025,sch0125,True,,Y,True,True,Yochana Dhillon,Needs repair,SCH0125,,True,,True,True,True,0.0
INSP00784,2025-06-06,SCH0334,Nahi hai,True,False,Nahi,Nahi,Daksh Sachdev,No remarks,SCH0334,,,True,False,False,False,0.42857142857142855
INSP02848,04-18-2025,SCH0146,Yes,False,Not Available,Not Available,True,Lajita Mohanty,Average,SCH0146,,True,False,,,True,0.14285714285714285
INSP02314,2025-04-22,SCH0159,N,True,Hai,True,Working,Lila Sundaram,Average,SCH0159,,False,True,True,True,True,0.14285714285714285
INSP00743,24/04/2025,SCH-0420,H,Available,Available,No,H,Tanay Borde,Needs repair,SCH0420,,,,,False,,0.14285714285714285
INSP02578,2025/11/21,SCH0514,Y,Hai,True,True,True,Manan Kapur,Toilets locked,SCH0514,2025-11-21,True,True,True,True,True,0.0
INSP02611,05-19-2025,S0097,Working,Working,False,na,True,,Average,SCH0097,,True,True,False,,True,0.14285714285714285
INSP01764,2026-01-31,sch_0019,Yes,True,haan,,Yes,,Good condition,SCH0019,,True,True,True,,True,0.0
INSP02273,25.05.2025,SCH0483,True,,Available,True,False,Wishi Sachdeva,No remarks,SCH0483,,True,,,True,False,0.14285714285714285
INSP02085,12-Sep-2025,SCH0286,,True,True,Functional,True,Ekta Gala,Good condition,SCH0286,,,True,True,True,True,0.0
INSP01781,2025/09/19,SCH0492,True,True,Available,True,False,Divya Chaudhuri,Needs repair,SCH0492,2025-09-19,True,True,,True,False,0.14285714285714285
INSP02419,01-08-2026,sch_0221,Yes,True,True,Yes,False,Kamala Sampath,No remarks,SCH0221,,True,True,True,True,False,0.14285714285714285
INSP01128,18-Mar-2026,SCH0022,True,Y,Haan,Nahi,1,Neel Singhal,Toilets locked,SCH0022,,True,True,True,False,True,0.14285714285714285
INSP00248,24-Mar-2026,SCH-0286,Working,True,Working,Available,Kharab,Wyatt Parmar,Toilets locked,SCH0286,,True,True,True,,False,0.14285714285714285
INSP00872,12-06-2025,SCH0577,True,Working,1,True,Working,Chavvi Upadhyay,Average,SCH0577,,True,True,True,True,True,0.0
INSP01026,02-Mar-2026,sch_0592,,Y,haan,True,False,Veer Biswas,Toilets locked,SCH0592,,,True,True,True,False,0.14285714285714285
INSP02955,21-Dec-2025,sch_0306,False,True,Yes,False,H,Faris Dave,No remarks,SCH0306,,False,True,True,False,,0.2857142857142857
INSP02860,21/05/2025,SCH0335,True,Haan,Yes,Yes,True,Jeevika Rama,Toilets locked,SCH0335,,True,True,True,True,True,0.0
INSP00627,2026/02/14,0256,False,Yes,True,,No,,Average,SCH0256,2026-02-14,False,True,True,,False,0.2857142857142857
INSP00348,18-Jan-2026,SCH0025,True,True,True,True,No,,,SCH0025,,True,True,True,True,False,0.14285714285714285
INSP00279,26/04/2025,sch_0174,1,Haan,True,,Yes,Hemal Lalla,Good condition,SCH0174,,True,True,True,,True,0.0
INSP01989,2025/08/29,SCH0436,True,True,,True,Working,Damyanti Kashyap,Good condition,SCH0436,2025-08-29,True,True,,True,True,0.0
INSP02404,2026-03-06,0011,True,1,Hai,True,N,Warjas Deol,No remarks,SCH0011,,True,True,True,True,False,0.14285714285714285
INSP00656,03-May-2025,SCH-0143,Hai,True,False,False,No,Ati Sandhu,,SCH0143,,True,True,False,False,False,0.42857142857142855
INSP01357,11/11/2025,SCH0106,1,True,No,Y,Under Repair,Lajita Saha,Toilets locked,SCH0106,,True,True,False,True,,0.14285714285714285
INSP01033,16/08/2025,SCH0150,Under Repair,True,Haan,1,Functional,Kiaan Raval,No remarks,SCH0150,,,True,True,True,True,0.0
INSP00908,25/11/2025,S0572,Functional,Haan,True,False,Y,Ojasvi Thaman,No remarks,SCH0572,,True,True,True,False,True,0.14285714285714285
INSP02761,08-Apr-2025,SCH0334,,True,True,True,False,Champak Upadhyay,Good condition,SCH0334,,,True,True,True,False,0.14285714285714285
INSP02721,10/11/2025,sch_0164,True,haan,True,1,False,Harita Saran,Good condition,SCH0164,,True,True,True,True,False,0.14285714285714285
INSP01136,2025-07-14,SCH0461,True,0,True,Nahi,,Hitesh Dixit,No remarks,SCH0461,,True,False,True,False,,0.2857142857142857
INSP00912,10-07-2025,SCH0493,True,N,True,H,No,Yashawini Lalla,Needs repair,SCH0493,,True,False,True,,False,0.2857142857142857
INSP01908,29.07.2025,sch0101,1,Working,True,False,True,Ekaja Yohannan,Good condition,SCH0101,,True,True,True,False,True,0.14285714285714285
INSP00633,2026/02/24,SCH0376,False,,True,False,False,Leela Deshmukh,,SCH0376,2026-02-24,False,,True,False,False,0.42857142857142855
INSP01103,08/09/2025,0389,Broken,True,Haan,0,H,Varsha Shankar,,SCH0389,,False,True,True,False,,0.2857142857142857
INSP00446,10/03/2026,SCH-0059,False,True,1,Not Available,False,Tanish Sunder,Toilets locked,SCH0059,,False,True,True,,False,0.2857142857142857
INSP00618,18.03.2026,sch_0185,True,Working,True,True,Y,Adweta Divan,Needs repair,SCH0185,,True,True,True,True,True,0.0
INSP01363,06-May-2025,S0108,Working,H,True,,False,,Needs repair,SCH0108,,True,,True,,False,0.14285714285714285
INSP01196,2025-07-27,sch0553,Not Available,True,No,0,True,Gaurika Narasimhan,Average,SCH0553,,,True,False,False,True,0.2857142857142857
INSP01191,20.09.2025,SCH-0272,haan,True,Broken,Yes,Haan,Vihaan Ramaswamy,Toilets locked,SCH0272,,True,True,False,True,True,0.14285714285714285
INSP02292,29.10.2025,SCH0013,Working,Haan,Y,True,na,Niharika Gara,Good condition,SCH0013,,True,True,True,True,,0.0
INSP01748,08-30-2025,SCH-0488,Functional,,True,haan,haan,Abhimanyu Bansal,Good condition,SCH0488,,True,,True,True,True,0.0
INSP00845,16.03.2026,SCH-0131,No,True,True,haan,True,,No remarks,SCH0131,,False,True,True,True,True,0.14285714285714285
INSP02685,10/10/2025,SCH0512,,0,Nahi hai,Nahi,Yes,Ekanta Nagar,Toilets locked,SCH0512,,,False,,False,True,0.2857142857142857
INSP00548,07-Mar-2026,SCH0455,True,,True,True,,Yauvani Nagar,Average,SCH0455,,True,,True,True,,0.0
INSP01979,28-Feb-2026,SCH0041,Working,Working,Working,False,False,,Needs repair,SCH0041,,True,True,True,False,False,0.2857142857142857
INSP02179,07.08.2025,0213,True,True,Broken,haan,False,Wriddhish Grewal,,SCH0213,,True,True,False,True,False,0.2857142857142857
INSP01058,06-Mar-2026,sch_0262,False,True,Hai,Not Available,True,Gayathri Baria,No remarks,SCH0262,,False,True,True,,True,0.14285714285714285
INSP00264,2025/12/15,SCH0139,H,Yes,True,Working,True,Veer Gera,Toilets locked,SCH0139,2025-12-15,,True,True,True,True,0.0
INSP02996,05-Apr-2025,SCH0492,True,Haan,True,False,True,Naveen Swamy,No remarks,SCH0492,,True,True,True,False,True,0.14285714285714285
INSP02477,2026-03-18,SCH0280,1,,True,haan,,,No remarks,SCH0280,,True,,True,True,,0.0
INSP02024,2025/06/15,SCH-0583,True,Yes,Y,False,na,Hamsini Majumdar,Needs repair,SCH0583,2025-06-15,True,True,True,False,,0.14285714285714285
INSP00354,2025/08/21,sch0301,True,1,True,Nahi,True,Veer Chana,Average,SCH0301,2025-08-21,True,True,True,False,True,0.14285714285714285
INSP00803,22/03/2026,0180,True,Broken,Under Repair,True,N,Qushi Zachariah,Average,SCH0180,,True,False,,True,False,0.2857142857142857
INSP00209,24/04/2025,sch_0294,Y,True,Nahi hai,True,0,Naksh Andra,Good condition,SCH0294,,True,True,,True,False,0.14285714285714285
INSP00614,23.03.2026,SCH-0027,H,True,True,False,,Jasmit Rama,Good condition,SCH0027,,,True,True,False,,0.14285714285714285
INSP01048,03/07/2025,SCH0133,Working,False,True,Yes,No,Ethan Sarkar,Toilets locked,SCH0133,,True,False,True,True,False,0.2857142857142857
INSP02158,2026-02-21,SCH0593,haan,True,False,False,True,Faras Grewal,Average,SCH0593,,True,True,False,False,True,0.2857142857142857
INSP01676,11.12.2025,S0381,True,N,False,Haan,True,Yashawini Sem,,SCH0381,,True,False,False,True,True,0.2857142857142857
INSP01272,17/07/2025,SCH0020,True,True,True,False,Under Repair,Maanas Chaudhry,Good condition,SCH0020,,True,True,True,False,,0.14285714285714285
INSP01271,12-29-2025,SCH0557,True,True,N,True,False,Onkar Behl,Toilets locked,SCH0557,,True,True,False,True,False,0.2857142857142857
INSP01954,01.05.2025,SCH0029,True,N,Working,True,1,Osha Loyal,Toilets locked,SCH0029,,True,False,True,True,True,0.14285714285714285
INSP02693,2025/06/01,SCH-0526,False,False,True,True,Nahi,Warinder Vora,Average,SCH0526,2025-06-01,False,False,True,True,False,0.42857142857142855
INSP00058,2026/03/14,SCH0064,H,Y,True,1,Nahi,,Needs repair,SCH0064,2026-03-14,,True,True,True,False,0.14285714285714285
INSP02348,2026/01/09,sch_0424,False,Working,,haan,0,Isaac Natarajan,Needs repair,SCH0424,2026-01-09,False,True,,True,False,0.2857142857142857
INSP00812,07-Mar-2026,SCH0548,0,True,H,False,Nahi hai,Varsha Pingle,Good condition,SCH0548,,False,True,,False,,0.2857142857142857
INSP01552,25/07/2025,SCH-0089,Y,False,True,N,Available,Amaira Gandhi,No remarks,SCH0089,,True,False,True,False,,0.2857142857142857
INSP02737,2025/04/03,SCH0348,Functional,H,True,True,Working,Hardik Borde,Average,SCH0348,2025-04-03,True,,True,True,True,0.0
INSP00562,03/05/2025,S0072,True,True,True,Functional,True,Lakshmi Ganesh,No remarks,SCH0072,,True,True,True,True,True,0.0
INSP02310,05.06.2025,SCH0452,True,H,True,False,Working,Indali Bhatt,No remarks,SCH0452,,True,,True,False,True,0.14285714285714285
INSP00230,2025-07-12,SCH0124,Not Available,True,True,na,True,Mason Hari,,SCH0124,,,True,True,,True,0.0
INSP02640,20.08.2025,SCH0169,Haan,Y,Yes,haan,No,Gaurav Bobal,Toilets locked,SCH0169,,True,True,True,True,False,0.14285714285714285
INSP02033,2025/06/09,SCH0099,True,True,Working,True,H,Ryan Trivedi,,SCH0099,2025-06-09,True,True,True,True,,0.0
INSP02933,24/09/2025,sch0177,Y,haan,,False,Hai,Anusha Parekh,Good condition,SCH0177,,True,True,,False,True,0.14285714285714285
INSP00539,06-15-2025,SCH0302,,True,True,True,True,Vamakshi Shroff,Needs repair,SCH0302,,,True,True,True,True,0.0
INSP01736,2026-02-17,SCH-0259,True,False,N,Available,,Janaki Upadhyay,Average,SCH0259,,True,False,False,,,0.2857142857142857
INSP02576,17/03/2026,S0249,Yes,True,haan,N,Haan,Sarthak Warrior,Good condition,SCH0249,,True,True,True,False,True,0.14285714285714285
INSP02229,2026-03-14,SCH0307,H,Functional,haan,N,True,Eiravati Baral,Needs repair,SCH0307,,,True,True,False,True,0.14285714285714285
INSP02870,12/04/2025,SCH-0402,Yes,True,Functional,True,False,Anmol Chawla,Average,SCH0402,,True,True,True,True,False,0.14285714285714285
INSP00561,01-16-2026,SCH0113,True,True,True,Y,True,Mitali Setty,,SCH0113,,True,True,True,True,True,0.0
INSP00708,2026-01-01,S0121,Y,True,False,True,Kharab,Aayush Krish,No remarks,SCH0121,,True,True,False,True,False,0.2857142857142857
INSP01235,2025-06-12,SCH0486,True,False,Nahi hai,N,True,Ishanvi Gera,Needs repair,SCH0486,,True,False,,False,True,0.2857142857142857
INSP00425,06-May-2025,S0068,Yes,na,haan,False,Yes,Aahana Ravi,Average,SCH0068,,True,,True,False,True,0.14285714285714285
INSP00648,2025/04/10,SCH-0425,False,Nahi,haan,1,True,Lajita Radhakrishnan,Average,SCH0425,2025-04-10,False,False,True,True,True,0.2857142857142857
INSP01883,10-08-2025,SCH0185,Haan,True,True,False,Available,Shivansh Bir,Good condition,SCH0185,,True,True,True,False,,0.14285714285714285
INSP01324,17-Jul-2025,0553,True,True,False,Haan,haan,,Good condition,SCH0553,,True,True,False,True,True,0.14285714285714285
INSP02596,14/05/2025,SCH0031,Y,True,haan,False,False,Anay Atwal,,SCH0031,,True,True,True,False,False,0.2857142857142857
INSP01160,30-Dec-2025,SCH0388,,Functional,False,True,0,Samuel Sankaran,Good condition,SCH0388,,,True,False,True,False,0.2857142857142857
INSP01006,29/11/2025,sch0053,False,True,H,False,False,Irya Bawa,Toilets locked,SCH0053,,False,True,,False,False,0.42857142857142855
INSP00621,06.08.2025,sch0451,True,1,True,,na,Neel Dugal,No remarks,SCH0451,,True,True,True,,,0.0
INSP01361,26-Mar-2026,SCH0572,Hai,True,False,H,False,Bhavani Prabhakar,Needs repair,SCH0572,,True,True,False,,False,0.2857142857142857
INSP00554,2025/08/08,sch_0124,,True,True,Hai,na,,Average,SCH0124,2025-08-08,,True,True,True,,0.0
INSP02802,2026/01/02,sch_0505,True,Working,1,True,True,Onkar Chadha,No remarks,SCH0505,2026-01-02,True,True,True,True,True,0.0
INSP01558,11.01.2026,SCH-0220,True,1,H,Functional,False,,,SCH0220,,True,True,,True,False,0.14285714285714285
INSP00999,17-Jul-2025,SCH0557,False,Functional,Y,True,True,Amol Brahmbhatt,Needs repair,SCH0557,,False,True,True,True,True,0.14285714285714285
INSP01365,2026-01-16,SCH0239,True,True,Available,,True,Dhruv Lad,,SCH0239,,True,True,,,True,0.0
INSP01755,2026-02-09,SCH0039,Haan,Yes,Nahi,H,True,Nachiket Varty,No remarks,SCH0039,,True,True,False,,True,0.14285714285714285
INSP02886,12-27-2025,sch0063,False,True,,False,False,Alexander Hayre,Good condition,SCH0063,,False,True,,False,False,0.42857142857142855
INSP00930,10.12.2025,SCH0012,True,True,Nahi,Y,True,Watika Subramaniam,No remarks,SCH0012,,True,True,False,True,True,0.14285714285714285
INSP01645,14/06/2025,SCH0280,1,Y,Available,False,Haan,Sanaya Ramakrishnan,Needs repair,SCH0280,,True,True,,False,True,0.14285714285714285
INSP00441,09/02/2026,SCH-0356,Working,1,Functional,True,Functional,Niharika Bansal,Toilets locked,SCH0356,,True,True,True,True,True,0.0
INSP00509,2025-10-05,SCH0322,False,True,H,False,Kharab,Abdul Dugar,Good condition,SCH0322,,False,True,,False,False,0.42857142857142855
INSP00590,2026/03/12,S0487,,haan,True,True,Nahi,Yashica Tiwari,Average,SCH0487,2026-03-12,,True,True,True,False,0.14285714285714285
INSP01237,12-17-2025,SCH-0448,1,1,Yes,na,False,Aarush Bassi,Good condition,SCH0448,,True,True,True,,False,0.14285714285714285
INSP00650,2025-12-23,sch_0534,True,False,na,False,No,Vedika Kohli,Needs repair,SCH0534,,True,False,,False,False,0.42857142857142855
INSP02041,12/07/2025,sch0236,,True,Y,False,False,Yashawini Ganesan,,SCH0236,,,True,True,False,False,0.2857142857142857
INSP02683,04-23-2025,SCH0186,True,True,H,haan,False,Vihaan Saini,Good condition,SCH0186,,True,True,,True,False,0.14285714285714285
INSP01317,14.07.2025,SCH0315,1,True,1,Working,True,Harita Chatterjee,,SCH0315,,True,True,True,True,True,0.0
INSP01335,2026/01/11,SCH0210,Available,1,True,True,False,Mitali Lad,Good condition,SCH0210,2026-01-11,,True,True,True,False,0.14285714285714285
INSP01843,2026-03-15,SCH-0032,True,Y,False,True,N,Meera Sampath,,SCH0032,,True,True,False,True,False,0.2857142857142857
INSP00631,11/01/2026,SCH0292,Nahi hai,Functional,True,Available,Haan,Vasatika Grewal,,SCH0292,,,True,True,,True,0.0
INSP01403,2025-11-13,sch_0469,Under Repair,Yes,True,True,Haan,Kabir Cheema,No remarks,SCH0469,,,True,True,True,True,0.0
INSP00483,06-07-2025,0389,True,Yes,haan,Broken,,,Average,SCH0389,,True,True,True,False,,0.14285714285714285
INSP01245,29-Dec-2025,sch_0463,Broken,Yes,False,True,True,Ekanta Bahri,Toilets locked,SCH0463,,False,True,False,True,True,0.2857142857142857
INSP00728,2026/03/30,SCH-0033,H,True,True,True,True,Ridhi Gour,No remarks,SCH0033,2026-03-30,,True,True,True,True,0.0
INSP02571,05/11/2025,SCH0079,True,True,,True,Yes,Wridesh Soni,Needs repair,SCH0079,,True,True,,True,True,0.0
INSP00686,12.12.2025,SCH-0268,True,True,,True,True,Chanakya Raval,Needs repair,SCH0268,,True,True,,True,True,0.0
INSP02231,29.08.2025,sch0263,haan,Working,Y,False,True,Aayush Ratti,No remarks,SCH0263,,True,True,True,False,True,0.14285714285714285
INSP02096,29-Oct-2025,SCH0362,True,True,1,Nahi hai,,Reva Sidhu,No remarks,SCH0362,,True,True,True,,,0.0
INSP00857,07-11-2025,S0368,No,True,Hai,True,True,Fitan De,Good condition,SCH0368,,False,True,True,True,True,0.14285714285714285
INSP00531,15.03.2026,S0594,,True,Y,1,False,Ranveer Tank,,SCH0594,,,True,True,True,False,0.14285714285714285
INSP01996,04.11.2025,sch_0188,True,H,Hai,Available,Hai,Yagnesh Borra,No remarks,SCH0188,,True,,True,,True,0.0
INSP00050,2025-10-03,SCH-0466,Y,Not Available,Y,Available,False,Hamsini Golla,Toilets locked,SCH0466,,True,,True,,False,0.14285714285714285
INSP00859,17/12/2025,SCH0578,Y,1,1,H,No,Pallavi Wagle,Needs repair,SCH0578,,True,True,True,,False,0.14285714285714285
INSP01073,27.09.2025,sch_0583,True,Y,Yes,False,True,Wriddhish Bal,Toilets locked,SCH0583,,True,True,True,False,True,0.14285714285714285
INSP00720,2026/03/01,SCH0370,H,False,True,H,na,Anita Sengupta,Toilets locked,SCH0370,2026-03-01,,False,True,,,0.14285714285714285
INSP01826,2026/02/08,S0416,Hai,True,False,na,True,Xalak Raghavan,Average,SCH0416,2026-02-08,True,True,False,,True,0.14285714285714285
INSP01430,2025/09/07,SCH-0255,Nahi hai,False,True,Haan,False,Veda Parikh,Needs repair,SCH0255,2025-09-07,,False,True,True,False,0.2857142857142857
INSP02370,2025-12-11,sch_0058,True,False,Yes,False,Y,Brinda Buch,,SCH0058,,True,False,True,False,True,0.2857142857142857
INSP01449,2025/12/07,SCH-0317,Hai,haan,True,,na,Chandresh Gokhale,,SCH0317,2025-12-07,True,True,True,,,0.0
INSP01633,11-25-2025,SCH0554,True,True,Working,N,Haan,Tara Mahal,Good condition,SCH0554,,True,True,True,False,True,0.14285714285714285
INSP02244,2026/03/25,0475,True,Available,na,H,False,Vinaya Vala,Average,SCH0475,2026-03-25,True,,,,False,0.14285714285714285
INSP02888,23-Apr-2025,sch_0061,True,True,Haan,False,H,Advika Raghavan,Needs repair,SCH0061,,True,True,True,False,,0.14285714285714285
INSP02744,20/06/2025,SCH-0105,True,Hai,H,False,True,Brijesh Naidu,No remarks,SCH0105,,True,True,,False,True,0.14285714285714285
INSP01544,12-17-2025,SCH-0236,H,True,Y,,False,Logan Sarin,,SCH0236,,,True,True,,False,0.14285714285714285
INSP02167,08-Apr-2025,sch_0365,False,True,True,True,True,,No remarks,SCH0365,,False,True,True,True,True,0.14285714285714285
INSP01792,2026-03-29,sch_0032,haan,na,Hai,Available,Functional,Dhriti Boase,Average,SCH0032,,True,,True,,True,0.0
INSP01393,2025-05-01,SCH0397,Y,Haan,True,Available,Y,Veer Ramaswamy,,SCH0397,,True,True,True,,True,0.0
INSP02257,26.08.2025,SCH0036,,True,Haan,Nahi hai,haan,Dalaja Karnik,Good condition,SCH0036,,,True,True,,True,0.0
INSP02766,05.08.2025,S0287,Hai,Hai,1,,True,Gaurangi Barad,Average,SCH0287,,True,True,True,,True,0.0
INSP01651,25.07.2025,sch_0026,Haan,Available,Functional,Hai,Yes,Dev Kata,,SCH0026,,True,,True,True,True,0.0
INSP00298,2025/12/01,SCH0141,,Y,haan,Yes,True,Jagdish Gulati,Toilets locked,SCH0141,2025-12-01,,True,True,True,True,0.0
INSP01327,05/02/2026,SCH-0276,True,True,True,Nahi hai,Hai,Parth Krishnamurthy,Needs repair,SCH0276,,True,True,True,,True,0.0
INSP01458,03-22-2026,SCH-0067,True,True,True,Working,True,Forum Handa,No remarks,SCH0067,,True,True,True,True,True,0.0
INSP00959,05/05/2025,SCH0128,True,Y,True,True,True,Aadhya Baral,Needs repair,SCH0128,,True,True,True,True,True,0.0
INSP01321,2026-01-30,S0524,False,Available,True,1,Haan,,Average,SCH0524,,False,,True,True,True,0.14285714285714285
INSP01609,26/02/2026,SCH0290,0,True,Available,Haan,True,Kala Nath,Toilets locked,SCH0290,,False,True,,True,True,0.14285714285714285
INSP01214,2025-11-30,sch_0212,True,False,False,0,False,Vedhika Ahluwalia,,SCH0212,,True,False,False,False,False,0.5714285714285714
INSP00350,05/12/2025,SCH0285,Yes,,1,True,Haan,Anamika Choudhury,No remarks,SCH0285,,True,,True,True,True,0.0
INSP02565,2025-12-30,SCH-0579,True,True,haan,False,False,Nathan Padmanabhan,Average,SCH0579,,True,True,True,False,False,0.2857142857142857
INSP00644,01-31-2026,sch_0260,True,haan,Available,Not Available,False,Ekaja Wason,Needs repair,SCH0260,,True,True,,,False,0.14285714285714285
INSP01897,2025-09-28,sch_0567,True,,Kharab,False,1,Dhruv Batra,Needs repair,SCH0567,,True,,False,False,True,0.2857142857142857
INSP01284,03.11.2025,SCH0489,Y,True,Yes,Haan,False,Avni Modi,Toilets locked,SCH0489,,True,True,True,True,False,0.14285714285714285
INSP00670,08.10.2025,SCH0291,Functional,False,True,N,Hai,Warjas Mody,Average,SCH0291,,True,False,True,False,True,0.2857142857142857
INSP02537,2025-04-17,0265,Nahi,Hai,haan,False,Yes,,Average,SCH0265,,False,True,True,False,True,0.2857142857142857
INSP01643,15-Oct-2025,SCH0111,True,True,True,Functional,True,Aarini Chawla,Toilets locked,SCH0111,,True,True,True,True,True,0.0
INSP01955,15/01/2026,S0561,Not Available,True,Nahi hai,na,Working,Siya Parekh,,SCH0561,,,True,,,True,0.0
INSP02591,2026-01-31,sch0252,Hai,True,Functional,Hai,Yes,Chaman Mistry,Average,SCH0252,,True,True,True,True,True,0.0
INSP02499,15.03.2026,sch0322,True,True,True,No,,Chaitaly Bath,,SCH0322,,True,True,True,False,,0.14285714285714285
INSP01553,12-17-2025,sch0071,True,Working,,False,Working,Indrajit Nori,Good condition,SCH0071,,True,True,,False,True,0.14285714285714285
INSP01715,20.03.2026,SCH-0262,Y,True,Nahi,True,No,,Needs repair,SCH0262,,True,True,False,True,False,0.2857142857142857
INSP00787,2025-10-02,sch_0244,Haan,haan,Y,Working,Yes,Arya Ramesh,No remarks,SCH0244,,True,True,True,True,True,0.0
INSP02833,21.10.2025,SCH0138,Y,Functional,False,Available,False,Harita Ratta,Toilets locked,SCH0138,,True,True,False,,False,0.2857142857142857
INSP00141,14/05/2025,SCH-0318,haan,Functional,Hai,True,False,Hemani Rastogi,Toilets locked,SCH0318,,True,True,True,True,False,0.14285714285714285
INSP00789,2025-11-21,SCH0074,Available,H,True,Nahi hai,False,Qasim Mody,Good condition,SCH0074,,,,True,,False,0.14285714285714285
INSP01726,2025/11/13,sch_0316,True,Nahi hai,Hai,True,True,Chakradhar Kapoor,Average,SCH0316,2025-11-13,True,,True,True,True,0.0
INSP02688,19-Jul-2025,SCH0009,,H,1,False,Nahi,Baljiwan Gaba,No remarks,SCH0009,,,,True,False,False,0.2857142857142857
INSP00715,2025-09-30,SCH-0334,,True,,True,True,Udyati Soman,Average,SCH0334,,,True,,True,True,0.0
INSP01466,24/10/2025,SCH0047,True,Working,Y,False,False,Hitesh Chana,No remarks,SCH0047,,True,True,True,False,False,0.2857142857142857
INSP01718,11.06.2025,sch_0443,True,Haan,Hai,True,H,Peter Tella,No remarks,SCH0443,,True,True,True,True,,0.0
INSP01601,07-21-2025,0468,False,False,Haan,1,Nahi hai,Harinakshi Suri,,SCH0468,,False,False,True,True,,0.2857142857142857
INSP01627,14/11/2025,SCH0018,False,True,True,True,Yes,Qasim Krishnamurthy,Average,SCH0018,,False,True,True,True,True,0.14285714285714285
INSP00619,07-07-2025,SCH0033,Kharab,Hai,True,H,na,Arin Nagarajan,,SCH0033,,False,True,True,,,0.14285714285714285
INSP00407,29/09/2025,SCH-0344,haan,Functional,False,True,False,Lekha Radhakrishnan,,SCH0344,,True,True,False,True,False,0.2857142857142857
INSP01519,09-23-2025,SCH0173,True,haan,H,Broken,False,Tanveer Tiwari,,SCH0173,,True,True,,False,False,0.2857142857142857
INSP02017,09/02/2026,0420,N,True,Available,True,True,Orinder Ahuja,Good condition,SCH0420,,False,True,,True,True,0.14285714285714285
INSP02937,18-Mar-2026,sch0344,False,True,True,,,Raghav Mall,No remarks,SCH0344,,False,True,True,,,0.14285714285714285
INSP01269,2025/10/04,sch0488,haan,True,True,na,,Ojasvi Rattan,,SCH0488,2025-10-04,True,True,True,,,0.0
INSP01780,15-Feb-2026,sch_0453,,False,True,True,No,Qadim Prabhu,Needs repair,SCH0453,,,False,True,True,False,0.2857142857142857
INSP00498,11/05/2025,sch_0590,True,True,False,Functional,True,Divya Kari,Toilets locked,SCH0590,,True,True,False,True,True,0.14285714285714285
INSP00343,2025-05-28,SCH-0346,True,H,Under Repair,Yes,na,Yamini Badami,Average,SCH0346,,True,,,True,,0.0
INSP02879,12-15-2025,SCH-0063,,,True,H,True,Devika Tank,Toilets locked,SCH0063,,,,True,,True,0.0
INSP02390,12/06/2025,SCH0119,0,True,False,Yes,Available,Onveer Jaggi,Good condition,SCH0119,,False,True,False,True,,0.2857142857142857
INSP00783,16.06.2025,0078,Y,False,True,0,False,Harish Kaul,Average,SCH0078,,True,False,True,False,False,0.42857142857142855
INSP02291,2025/07/04,S0008,True,True,na,True,Nahi,Nitesh Zachariah,Average,SCH0008,2025-07-04,True,True,,True,False,0.14285714285714285
INSP00304,2025-11-03,S0325,N,Available,Nahi,Haan,0,Faqid Mitter,,SCH0325,,False,,False,True,False,0.42857142857142855
INSP01952,10-27-2025,SCH0086,True,True,True,na,False,Urvi Pai,Needs repair,SCH0086,,True,True,True,,False,0.14285714285714285
INSP00665,2026-03-15,SCH0450,True,True,1,Working,H,Harinakshi Shenoy,Toilets locked,SCH0450,,True,True,True,True,,0.0
INSP01814,2026/01/19,SCH0197,No,False,True,Yes,No,Zarna Saxena,Toilets locked,SCH0197,2026-01-19,False,False,True,True,False,0.42857142857142855
INSP01624,23.06.2025,SCH0401,Functional,,Not Available,True,False,,Average,SCH0401,,True,,,True,False,0.14285714285714285
INSP02836,2025/10/18,SCH0370,False,haan,H,False,False,Lavanya Nazareth,Toilets locked,SCH0370,2025-10-18,False,True,,False,False,0.42857142857142855
INSP01629,2025-09-03,sch0321,Available,haan,False,Not Available,False,Isaac Wagle,Average,SCH0321,,,True,False,,False,0.2857142857142857
INSP00085,05-14-2025,SCH0466,Haan,Yes,False,H,True,Bhanumati Gaba,Needs repair,SCH0466,,True,True,False,,True,0.14285714285714285
INSP02333,2026/01/25,SCH0590,True,True,Broken,No,True,Yuvraj Butala,No remarks,SCH0590,2026-01-25,True,True,False,False,True,0.2857142857142857
INSP00942,28-Sep-2025,SCH0494,False,No,H,False,False,Ikbal Verma,Average,SCH0494,,False,False,,False,False,0.5714285714285714
INSP00962,24-Jul-2025,sch0143,Yes,False,False,False,True,Vasatika Barad,No remarks,SCH0143,,True,False,False,False,True,0.42857142857142855
INSP00842,21/01/2026,sch_0142,Yes,True,True,Broken,,Veda Ratta,Good condition,SCH0142,,True,True,True,False,,0.14285714285714285
INSP02777,22.10.2025,SCH0270,True,True,False,True,False,Advika Chacko,,SCH0270,,True,True,False,True,False,0.2857142857142857
INSP02502,2026-01-05,SCH0335,False,haan,Y,Nahi hai,True,Rachit Sibal,Good condition,SCH0335,,False,True,True,,True,0.14285714285714285
INSP02651,06.01.2026,sch_0106,,True,True,False,Available,Nilima Kannan,Toilets locked,SCH0106,,,True,True,False,,0.14285714285714285
INSP01415,2025/08/19,S0330,1,True,Yes,haan,False,Odika Deol,Toilets locked,SCH0330,2025-08-19,True,True,True,True,False,0.14285714285714285
INSP00291,05/02/2026,S0441,Working,haan,H,True,H,Ikbal Swamy,Needs repair,SCH0441,,True,True,,True,,0.0
INSP02195,01.05.2025,sch_0509,Yes,Haan,True,True,Nahi hai,Qushi Zachariah,Needs repair,SCH0509,,True,True,True,True,,0.0
INSP01242,31.12.2025,SCH-0386,False,True,True,True,0,Abha Bal,Average,SCH0386,,False,True,True,True,False,0.2857142857142857
INSP00605,2026-02-25,sch_0138,True,True,False,False,True,Kalpit Varma,Average,SCH0138,,True,True,False,False,True,0.2857142857142857
INSP02150,27.04.2025,SCH0047,True,Working,,Nahi,True,Elijah Kade,Average,SCH0047,,True,True,,False,True,0.14285714285714285
INSP00917,2025/05/06,sch_0474,Functional,True,Y,Nahi,True,Lakshmi Menon,,SCH0474,2025-05-06,True,True,True,False,True,0.14285714285714285
INSP02622,16/03/2026,SCH0216,False,True,Working,na,Available,,Toilets locked,SCH0216,,False,True,True,,,0.14285714285714285
INSP01823,2025-11-03,SCH0221,False,,Y,Under Repair,Hai,Bishakha Pant,Toilets locked,SCH0221,,False,,True,,True,0.14285714285714285
INSP01100,2025/05/08,SCH0486,True,Functional,False,False,Kharab,Advay Kamdar,,SCH0486,2025-05-08,True,True,False,False,False,0.42857142857142855
INSP01089,07-Aug-2025,sch_0600,True,True,No,Yes,0,Lakshit Sem,Average,SCH0600,,True,True,False,True,False,0.2857142857142857
INSP02214,07.02.2026,SCH0103,True,True,Working,,False,Nitara Ghosh,Needs repair,SCH0103,,True,True,True,,False,0.14285714285714285
INSP01442,2025/07/15,SCH0205,,1,haan,True,0,,No remarks,SCH0205,2025-07-15,,True,True,True,False,0.14285714285714285
INSP00822,2025/07/12,SCH-0393,Available,H,Yes,Broken,1,Aachal Babu,,SCH0393,2025-07-12,,,True,False,True,0.14285714285714285
INSP02597,27/09/2025,sch_0084,haan,H,,Y,False,,Toilets locked,SCH0084,,True,,,True,False,0.14285714285714285
INSP01001,29-May-2025,SCH0240,Hai,Functional,Available,Nahi hai,True,,No remarks,SCH0240,,True,True,,,True,0.0
INSP01495,2025-08-30,0062,False,False,Available,False,False,Garima Sodhi,,SCH0062,,False,False,,False,False,0.5714285714285714
INSP00019,03-Mar-2026,SCH0418,False,haan,True,False,Available,,Needs repair,SCH0418,,False,True,True,False,,0.2857142857142857
INSP02975,2026/02/18,SCH0543,Y,True,True,True,False,,Needs repair,SCH0543,2026-02-18,True,True,True,True,False,0.14285714285714285
INSP01126,11-11-2025,SCH0219,Haan,haan,,Nahi,Working,Wriddhish Kalla,Needs repair,SCH0219,,True,True,,False,True,0.14285714285714285
INSP01352,08/07/2025,SCH0545,True,N,,True,True,Jack Munshi,,SCH0545,,True,False,,True,True,0.14285714285714285
INSP02251,2025/10/07,SCH0497,H,,haan,Y,Not Available,Jasmit Ghose,Good condition,SCH0497,2025-10-07,,,True,True,,0.0
INSP01396,13.06.2025,SCH0390,False,True,True,False,False,,Good condition,SCH0390,,False,True,True,False,False,0.42857142857142855
INSP01719,07.01.2026,S0538,True,True,N,0,Hai,,Average,SCH0538,,True,True,False,False,True,0.2857142857142857
INSP01594,2025-11-04,SCH0378,False,haan,Working,Nahi,False,Ranveer Randhawa,Good condition,SCH0378,,False,True,True,False,False,0.42857142857142855
INSP01810,30.01.2026,SCH0343,H,True,,Haan,True,Divya Purohit,Toilets locked,SCH0343,,,True,,True,True,0.0
INSP01658,17-May-2025,SCH0247,False,Yes,True,No,True,Sudiksha Nagy,Average,SCH0247,,False,True,True,False,True,0.2857142857142857
INSP02128,2025-04-23,S0059,Hai,1,True,True,False,Avi Chawla,Toilets locked,SCH0059,,True,True,True,True,False,0.14285714285714285
INSP01518,2025/05/10,SCH-0190,True,True,0,Y,1,Zansi Kaul,Toilets locked,SCH0190,2025-05-10,True,True,False,True,True,0.14285714285714285
INSP01010,10/06/2025,sch0566,na,True,haan,,True,Yutika Chowdhury,No remarks,SCH0566,,,True,True,,True,0.0
INSP00361,12/09/2025,SCH-0410,Functional,False,True,Nahi,False,Faris Lad,Average,SCH0410,,True,False,True,False,False,0.42857142857142855
INSP02690,05/07/2025,SCH0292,Functional,True,True,False,False,Ethan Gala,Toilets locked,SCH0292,,True,True,True,False,False,0.2857142857142857
INSP02013,16.08.2025,SCH0098,True,H,Available,N,haan,Kamala Khatri,Good condition,SCH0098,,True,,,False,True,0.14285714285714285
INSP02739,2025-12-10,SCH0198,Y,True,Working,True,N,Urvashi Kala,Toilets locked,SCH0198,,True,True,True,True,False,0.14285714285714285
INSP01232,2025/04/24,SCH-0471,Nahi hai,Hai,True,,Haan,David Sant,Average,SCH0471,2025-04-24,,True,True,,True,0.0
INSP02506,2025-05-01,SCH0521,True,Y,Available,1,No,Xalak Dixit,Average,SCH0521,,True,True,,True,False,0.14285714285714285
INSP01841,10-14-2025,sch0164,False,0,True,False,False,Samaksh Murthy,Good condition,SCH0164,,False,False,True,False,False,0.5714285714285714
INSP00345,2025-04-12,SCH0535,True,False,True,Under Repair,Yes,Deepa Goyal,Toilets locked,SCH0535,,True,False,True,,True,0.14285714285714285
INSP00987,2025-04-15,sch0385,True,True,True,True,Y,Anya Palla,,SCH0385,,True,True,True,True,True,0.0
INSP02026,2026-03-06,0382,Nahi,Hai,True,True,False,Tanmayi Gokhale,Toilets locked,SCH0382,,False,True,True,True,False,0.2857142857142857
INSP01912,2026-03-17,S0459,True,True,N,True,False,Priya Das,Needs repair,SCH0459,,True,True,False,True,False,0.2857142857142857
INSP01476,27.06.2025,SCH-0258,Available,Nahi,False,False,No,Caleb Mallick,No remarks,SCH0258,,,False,False,False,False,0.5714285714285714
INSP01299,2025/11/01,S0075,True,,True,Haan,Haan,Warjas Jani,Toilets locked,SCH0075,2025-11-01,True,,True,True,True,0.0
INSP00114,16/06/2025,SCH-0302,Haan,Hai,Yes,Available,True,Sara Palla,,SCH0302,,True,True,True,,True,0.0
INSP01211,28.06.2025,SCH0306,Y,H,Haan,True,False,Rajeshri Sheth,Needs repair,SCH0306,,True,,True,True,False,0.14285714285714285
INSP02023,2025/10/04,SCH0181,No,True,Functional,False,Under Repair,Hitesh Rajan,Good condition,SCH0181,2025-10-04,False,True,True,False,,0.2857142857142857
INSP01895,23/05/2025,SCH0220,True,False,True,False,na,Jai Kara,Toilets locked,SCH0220,,True,False,True,False,,0.2857142857142857
INSP00086,12/01/2026,SCH0244,True,True,True,Hai,Nahi,Dipta Rastogi,Toilets locked,SCH0244,,True,True,True,True,False,0.14285714285714285
INSP02175,01-Nov-2025,S0020,H,True,haan,False,Y,Triya Sibal,No remarks,SCH0020,,,True,True,False,True,0.14285714285714285
INSP00669,2026/01/29,sch_0321,Yes,True,Functional,Nahi,No,,,SCH0321,2026-01-29,True,True,True,False,False,0.2857142857142857
INSP01015,2025-12-07,sch_0060,,Working,True,False,Nahi,Daksha Wadhwa,No remarks,SCH0060,,,True,True,False,False,0.2857142857142857
INSP00129,2026-01-31,SCH-0030,Available,1,Nahi hai,Haan,Under Repair,Pooja Pillai,No remarks,SCH0030,,,True,,True,,0.0
INSP02498,10.02.2026,sch0236,True,Y,0,haan,False,Eshana Chanda,No remarks,SCH0236,,True,True,False,True,False,0.2857142857142857
INSP02961,08-18-2025,SCH-0144,1,Y,False,True,haan,Azad Sachar,,SCH0144,,True,True,False,True,True,0.14285714285714285
INSP00892,29.04.2025,sch0400,Nahi hai,True,Hai,True,haan,Vedika Krish,Good condition,SCH0400,,,True,True,True,True,0.0
INSP01584,2025-11-27,sch0151,1,Yes,True,False,True,Zinal Rege,Good condition,SCH0151,,True,True,True,False,True,0.14285714285714285
INSP00308,2025/12/21,SCH0116,Yes,Yes,Hai,haan,True,Nicholas Pathak,No remarks,SCH0116,2025-12-21,True,True,True,True,True,0.0
INSP00384,2025-10-15,SCH0051,True,na,Y,na,True,Maanas Mangat,Good condition,SCH0051,,True,,True,,True,0.0
INSP02044,2025/10/23,SCH0245,True,Haan,Hai,True,1,William Mohanty,,SCH0245,2025-10-23,True,True,True,True,True,0.0
INSP01296,2025/12/12,sch_0346,True,True,,False,Under Repair,Azaan Deol,,SCH0346,2025-12-12,True,True,,False,,0.14285714285714285
INSP02067,05/11/2025,sch_0215,H,haan,Haan,haan,False,Jagrati Grover,Needs repair,SCH0215,,,True,True,True,False,0.14285714285714285
INSP00427,12-Jan-2026,SCH0452,Working,True,True,True,1,Chakrika Bajaj,Good condition,SCH0452,,True,True,True,True,True,0.0
INSP00495,16.02.2026,SCH0491,Y,Nahi,True,False,True,Kai Mitra,Needs repair,SCH0491,,True,False,True,False,True,0.2857142857142857
INSP01208,03/04/2025,SCH0526,Yes,Nahi hai,True,True,True,Shivani Chahal,Toilets locked,SCH0526,,True,,True,True,True,0.0
INSP02084,2025/09/11,SCH0283,,No,1,Yes,0,Naveen Bhandari,Good condition,SCH0283,2025-09-11,,False,True,True,False,0.2857142857142857
INSP01209,30/01/2026,0479,False,1,True,True,haan,Krishna Iyer,Good condition,SCH0479,,False,True,True,True,True,0.14285714285714285
INSP01273,2025-12-23,SCH0191,True,True,True,True,H,Aachal Garg,Good condition,SCH0191,,True,True,True,True,,0.0
INSP02317,2025-08-14,SCH0241,,Hai,1,Y,True,Daniel Nagy,No remarks,SCH0241,,,True,True,True,True,0.0
INSP01400,24/10/2025,SCH0072,True,,True,True,True,Balendra Sundaram,Needs repair,SCH0072,,True,,True,True,True,0.0
INSP01767,22.06.2025,SCH0105,Y,False,Functional,Working,No,Krisha Sheth,Toilets locked,SCH0105,,True,False,True,True,False,0.2857142857142857
INSP00276,10-Feb-2026,S0512,Available,True,Hai,Under Repair,1,,Toilets locked,SCH0512,,,True,True,,True,0.0
INSP00490,08-06-2025,SCH-0353,False,Haan,True,Y,Nahi,Charvi Iyer,No remarks,SCH0353,,False,True,True,True,False,0.2857142857142857
INSP02667,2026/03/31,SCH-0114,0,Broken,,False,True,Jeremiah Tandon,No remarks,SCH0114,2026-03-31,False,False,,False,True,0.42857142857142855
INSP00691,12/10/2025,sch0310,False,True,Nahi,False,False,,Average,SCH0310,,False,True,False,False,False,0.5714285714285714
INSP01798,2026/02/28,SCH-0582,1,Y,Haan,haan,Available,,Toilets locked,SCH0582,2026-02-28,True,True,True,True,,0.0
INSP01770,2026-03-21,SCH-0105,False,H,Haan,True,True,Isha Issac,,SCH0105,,False,,True,True,True,0.14285714285714285
INSP02258,07/03/2026,SCH0567,1,1,True,False,Working,Guneet Kannan,No remarks,SCH0567,,True,True,True,False,True,0.14285714285714285
INSP01331,10.12.2025,SCH0498,1,Yes,False,Available,Yes,Nitesh Baria,No remarks,SCH0498,,True,True,False,,True,0.14285714285714285
INSP00880,2025-07-08,SCH0590,Working,Y,True,,False,,Toilets locked,SCH0590,,True,True,True,,False,0.14285714285714285
INSP02868,13-Feb-2026,sch0322,H,,True,Yes,False,Girish Zachariah,Good condition,SCH0322,,,,True,True,False,0.14285714285714285
INSP01059,27-Aug-2025,S0425,True,True,Nahi,na,No,,Toilets locked,SCH0425,,True,True,False,,False,0.2857142857142857
INSP00119,08/05/2025,SCH-0009,True,Nahi,Kharab,Functional,True,Owen Koshy,Average,SCH0009,,True,False,False,True,True,0.2857142857142857
INSP01025,19-Mar-2026,SCH0056,1,True,Y,True,True,Amara Sura,Average,SCH0056,,True,True,True,True,True,0.0
INSP02784,01-07-2026,SCH0042,True,True,False,True,True,Aishani Butala,Needs repair,SCH0042,,True,True,False,True,True,0.14285714285714285
INSP00282,04-26-2025,sch0148,Nahi hai,haan,True,Yes,True,Yuvraj Suri,Good condition,SCH0148,,,True,True,True,True,0.0
INSP01672,27.02.2026,SCH0540,True,True,True,No,False,Bahadurjit Jhaveri,,SCH0540,,True,True,True,False,False,0.2857142857142857
INSP02459,01-Feb-2026,sch0298,False,Haan,haan,,No,Zaitra Brahmbhatt,,SCH0298,,False,True,True,,False,0.2857142857142857
INSP00969,09-18-2025,SCH-0290,False,True,False,H,False,Sanya Dutta,Toilets locked,SCH0290,,False,True,False,,False,0.42857142857142855
INSP02064,25-Jan-2026,SCH-0080,True,False,True,True,False,Ethan Muni,,SCH0080,,True,False,True,True,False,0.2857142857142857
INSP01919,01-Jun-2025,SCH0536,,True,True,N,Y,Chaaya Parekh,,SCH0536,,,True,True,False,True,0.14285714285714285
INSP01790,2025-08-14,SCH-0213,na,False,Hai,True,N,Yoshita Rastogi,No remarks,SCH0213,,,False,True,True,False,0.2857142857142857
INSP00156,04-11-2025,SCH0331,False,Y,No,True,False,Christopher Kohli,,SCH0331,,False,True,False,True,False,0.42857142857142855
INSP00305,2026/03/01,sch_0416,,Haan,True,True,Nahi,Krisha Patel,No remarks,SCH0416,2026-03-01,,True,True,True,False,0.14285714285714285
INSP02054,2025-11-12,SCH-0232,True,True,Functional,True,True,Vasatika Dyal,,SCH0232,,True,True,True,True,True,0.0
INSP02684,2025/12/05,SCH0340,Under Repair,Hai,True,True,True,,Average,SCH0340,2025-12-05,,True,True,True,True,0.0
INSP01690,05-Apr-2025,S0237,Haan,False,True,1,False,Anirudh Swaminathan,Needs repair,SCH0237,,True,False,True,True,False,0.2857142857142857
INSP02781,19/04/2025,SCH0405,True,True,True,na,True,Saksham Palla,No remarks,SCH0405,,True,True,True,,True,0.0
INSP02360,2025/12/18,sch_0040,False,False,Hai,Nahi hai,True,Qabil Mani,Toilets locked,SCH0040,2025-12-18,False,False,True,,True,0.2857142857142857
INSP01526,26/01/2026,SCH0418,,1,False,True,False,Netra Puri,No remarks,SCH0418,,,True,False,True,False,0.2857142857142857
INSP00576,31.03.2026,SCH0018,Nahi hai,Available,Y,False,True,Ubika Nath,Needs repair,SCH0018,,,,True,False,True,0.14285714285714285
INSP02065,17/02/2026,sch0487,Nahi hai,Functional,True,True,False,Unnati Dayal,Needs repair,SCH0487,,,True,True,True,False,0.14285714285714285
INSP02705,27-Feb-2026,SCH0063,H,True,True,True,N,Chatresh Gala,Good condition,SCH0063,,,True,True,True,False,0.14285714285714285
INSP02759,2025-04-05,SCH0448,True,True,Nahi,Not Available,N,Upkaar Kamdar,Toilets locked,SCH0448,,True,True,False,,False,0.2857142857142857
INSP01584,2025-11-27,sch0151,1,Yes,True,False,True,Zinal Rege,Good condition,SCH0151,,True,True,True,False,True,0.14285714285714285
INSP01322,04-28-2025,sch_0209,Haan,haan,False,False,False,Harita Zachariah,Good condition,SCH0209,,True,True,False,False,False,0.42857142857142855
INSP00844,2025-07-26,SCH0053,Kharab,,True,,Hai,Warjas Sundaram,No remarks,SCH0053,,False,,True,,True,0.14285714285714285
INSP01407,24-Nov-2025,sch0459,na,True,False,Nahi hai,False,,No remarks,SCH0459,,,True,False,,False,0.2857142857142857
INSP00270,2025-12-26,sch0175,Y,True,H,,Working,,Good condition,SCH0175,,True,True,,,True,0.0
INSP00630,2026-01-26,SCH-0104,True,True,True,True,True,Dayamai Gola,No remarks,SCH0104,,True,True,True,True,True,0.0
INSP01034,2025/10/13,SCH0111,haan,True,True,Y,na,Charan Bhakta,Needs repair,SCH0111,2025-10-13,True,True,True,True,,0.0
INSP00287,2025/05/09,SCH-0395,Haan,True,Yes,Yes,Haan,Warhi Kanda,,SCH0395,2025-05-09,True,True,True,True,True,0.0
INSP02331,03-29-2026,SCH0379,,True,No,True,False,Siya Shan,Good condition,SCH0379,,,True,False,True,False,0.2857142857142857
INSP00301,2025-10-31,SCH-0078,Yes,Hai,H,False,True,Saanvi Tripathi,Toilets locked,SCH0078,,True,True,,False,True,0.14285714285714285
INSP01510,23-Aug-2025,S0336,True,True,H,True,Nahi hai,Jagdish Warrior,Toilets locked,SCH0336,,True,True,,True,,0.0
INSP02020,31.12.2025,sch_0209,True,,False,False,False,Anmol Pau,Needs repair,SCH0209,,True,,False,False,False,0.42857142857142855
INSP01868,2026-01-19,SCH0283,True,True,Yes,haan,True,Ayaan Handa,Good condition,SCH0283,,True,True,True,True,True,0.0
INSP01468,01-18-2026,SCH0452,,True,Available,N,na,Quincy Dewan,Toilets locked,SCH0452,,,True,,False,,0.14285714285714285
INSP00066,2025-07-01,SCH0242,True,Haan,Working,True,Hai,Yadavi Krishnan,,SCH0242,,True,True,True,True,True,0.0
INSP02340,02.03.2026,SCH-0174,True,N,Y,False,False,Lohit Sahni,Toilets locked,SCH0174,,True,False,True,False,False,0.42857142857142855
INSP00891,08-Dec-2025,SCH0446,False,Haan,haan,False,True,Radha Mahajan,Average,SCH0446,,False,True,True,False,True,0.2857142857142857
INSP01879,2025-09-29,SCH0430,True,True,True,True,0,,No remarks,SCH0430,,True,True,True,True,False,0.14285714285714285
INSP01972,2025-07-21,SCH0168,True,Haan,1,Y,Functional,Kalpit Varkey,Needs repair,SCH0168,,True,True,True,True,True,0.0
INSP02657,12-16-2025,sch_0125,False,H,haan,Haan,1,,,SCH0125,,False,,True,True,True,0.14285714285714285
INSP02976,09-Jan-2026,SCH-0388,Yes,True,H,,True,,Average,SCH0388,,True,True,,,True,0.0
INSP00231,2025-07-01,sch_0365,Y,True,True,True,True,Irya Patla,Needs repair,SCH0365,,True,True,True,True,True,0.0
INSP00504,17-Apr-2025,SCH0265,Yes,Haan,False,haan,haan,Balvan Babu,Needs repair,SCH0265,,True,True,False,True,True,0.14285714285714285
INSP01353,17/08/2025,sch0179,True,Y,Hai,True,haan,Veda Sethi,No remarks,SCH0179,,True,True,True,True,True,0.0
INSP01511,04-24-2025,SCH-0419,,Functional,True,Available,,Gabriel Bhakta,Average,SCH0419,,,True,True,,,0.0
INSP01613,12.01.2026,S0361,0,True,Yes,Kharab,True,Ekta Pingle,No remarks,SCH0361,,False,True,True,False,True,0.2857142857142857
INSP01375,29.09.2025,SCH0310,True,True,,Haan,True,Ojas Mohanty,No remarks,SCH0310,,True,True,,True,True,0.0
INSP01005,19/04/2025,SCH0138,True,No,Hai,0,Nahi,Qasim Walia,Average,SCH0138,,True,False,True,False,False,0.42857142857142855
INSP00837,03/05/2025,sch_0428,Y,True,True,True,True,Ethan Som,Good condition,SCH0428,,True,True,True,True,True,0.0
INSP01724,2025/06/15,SCH0348,,True,haan,True,True,Yadavi Suresh,No remarks,SCH0348,2025-06-15,,True,True,True,True,0.0
INSP00375,19-Feb-2026,sch0204,No,True,,True,1,Warjas Solanki,No remarks,SCH0204,,False,True,,True,True,0.14285714285714285
INSP01399,2025-07-12,SCH0517,1,Y,Functional,Haan,Haan,Osha Mandal,,SCH0517,,True,True,True,True,True,0.0
INSP02226,2025-10-09,SCH0431,Yes,False,True,Available,True,Ekanta Karpe,Toilets locked,SCH0431,,True,False,True,,True,0.14285714285714285
INSP01993,21-Nov-2025,SCH-0214,True,,na,Yes,False,Raghav Saxena,,SCH0214,,True,,,True,False,0.14285714285714285
INSP02012,11-25-2025,SCH0223,1,False,Y,False,na,,,SCH0223,,True,False,True,False,,0.2857142857142857
INSP01006,29/11/2025,sch0053,False,True,H,False,False,Irya Bawa,Toilets locked,SCH0053,,False,True,,False,False,0.42857142857142855
INSP00752,01-04-2026,SCH0381,H,haan,True,Hai,H,Rajata Srinivas,Toilets locked,SCH0381,,,True,True,True,,0.0
INSP00100,01/08/2025,sch_0033,Hai,True,True,haan,1,Onkar Sarma,Average,SCH0033,,True,True,True,True,True,0.0
INSP01923,05-Apr-2025,SCH0253,Hai,Yes,Functional,H,False,Harita Toor,Needs repair,SCH0253,,True,True,True,,False,0.14285714285714285
INSP00867,2025-10-01,0495,Yes,True,True,True,True,Robert Pradhan,,SCH0495,,True,True,True,True,True,0.0
INSP00911,2025/09/18,SCH-0400,False,True,True,Functional,1,,Toilets locked,SCH0400,2025-09-18,False,True,True,True,True,0.14285714285714285
INSP01477,09-15-2025,sch0297,na,True,Haan,Yes,True,Sanya Tata,Average,SCH0297,,,True,True,True,True,0.0
INSP00530,12-15-2025,0524,True,,True,Nahi hai,Hai,Jonathan Narasimhan,Average,SCH0524,,True,,True,,True,0.0
INSP01261,07/04/2025,SCH0204,1,False,True,False,Broken,,Toilets locked,SCH0204,,True,False,True,False,False,0.42857142857142855
INSP01832,2025-11-15,sch_0362,False,True,Hai,Nahi hai,Haan,Devansh Rai,,SCH0362,,False,True,True,,True,0.14285714285714285
INSP00637,27/10/2025,SCH0038,Y,False,haan,Kharab,False,Noah Mittal,Good condition,SCH0038,,True,False,True,False,False,0.42857142857142855
INSP01270,2025/11/11,SCH0056,True,Available,True,True,Yes,Jeevika Gola,Good condition,SCH0056,2025-11-11,True,,True,True,True,0.0
INSP00186,28-Aug-2025,SCH-0179,Yes,True,True,True,True,Charita Karan,,SCH0179,,True,True,True,True,True,0.0
INSP01382,2025-11-16,SCH0306,Haan,Nahi,False,H,True,Ekbal Dalal,No remarks,SCH0306,,True,False,False,,True,0.2857142857142857
INSP01568,2025-06-27,sch_0076,Y,True,,haan,False,Abdul Kara,Average,SCH0076,,True,True,,True,False,0.14285714285714285
INSP00932,2025/09/23,SCH0311,Available,,True,,0,Barkha Chaudhuri,Toilets locked,SCH0311,2025-09-23,,,True,,False,0.14285714285714285
INSP02877,08.06.2025,sch_0404,False,True,Working,Working,False,Anika Deshmukh,,SCH0404,,False,True,True,True,False,0.2857142857142857
INSP02419,01-08-2026,sch_0221,Yes,True,True,Yes,False,Kamala Sampath,No remarks,SCH0221,,True,True,True,True,False,0.14285714285714285
INSP01559,11-03-2025,SCH0544,H,True,Nahi hai,Under Repair,False,Triya Acharya,No remarks,SCH0544,,,True,,,False,0.14285714285714285
INSP02810,2025/08/16,SCH-0587,Broken,True,True,False,Hai,Mohammed Wable,Average,SCH0587,2025-08-16,False,True,True,False,True,0.2857142857142857
INSP01274,14-Jul-2025,SCH0356,,True,False,True,H,Ekaja Guha,Average,SCH0356,,,True,False,True,,0.14285714285714285
INSP02180,25.10.2025,sch_0591,Yes,True,True,False,True,Advaith Badal,Average,SCH0591,,True,True,True,False,True,0.14285714285714285
INSP00608,2025-08-26,sch_0580,Y,True,No,True,False,David Viswanathan,Toilets locked,SCH0580,,True,True,False,True,False,0.2857142857142857
INSP01503,16/10/2025,SCH0140,True,True,True,True,1,Krishna Thaman,Needs repair,SCH0140,,True,True,True,True,True,0.0
INSP00152,2025-10-05,SCH-0127,No,True,Functional,True,False,Zayan Ramakrishnan,Good condition,SCH0127,,False,True,True,True,False,0.2857142857142857
INSP01437,2025/04/03,SCH0373,Hai,Haan,True,na,False,Aadhya Sachar,Needs repair,SCH0373,2025-04-03,True,True,True,,False,0.14285714285714285
INSP02260,22-Jun-2025,SCH0239,Haan,True,,False,True,Girik Wable,No remarks,SCH0239,,True,True,,False,True,0.14285714285714285
INSP00732,13.09.2025,SCH0480,True,Y,Nahi,Available,True,Lopa Balay,No remarks,SCH0480,,True,True,False,,True,0.14285714285714285
INSP02857,02-10-2026,SCH0305,na,na,Haan,True,True,Vasudha Badami,Toilets locked,SCH0305,,,,True,True,True,0.0
INSP00094,28-Oct-2025,SCH0234,Y,na,True,No,True,Ekapad Rattan,Needs repair,SCH0234,,True,,True,False,True,0.14285714285714285
INSP02869,2025-04-21,SCH0566,True,haan,True,Yes,True,Rajeshri Mitra,Toilets locked,SCH0566,,True,True,True,True,True,0.0
INSP00024,03-09-2026,SCH0056,True,True,1,True,Not Available,Bhavna Kamdar,No remarks,SCH0056,,True,True,True,True,,0.0
INSP02627,16.09.2025,S0495,False,True,True,haan,True,Arunima Krishna,Average,SCH0495,,False,True,True,True,True,0.14285714285714285
INSP00159,14.10.2025,SCH0559,True,True,True,0,Nahi hai,Nidra Rout,Good condition,SCH0559,,True,True,True,False,,0.14285714285714285
INSP00862,09/05/2025,SCH0168,N,Yes,False,H,False,Ishanvi Patil,,SCH0168,,False,True,False,,False,0.42857142857142855
INSP00903,24/02/2026,SCH-0331,Working,H,False,N,H,Aachal Tella,Toilets locked,SCH0331,,True,,False,False,,0.2857142857142857
INSP02981,25-Feb-2026,0253,True,True,False,False,True,Balendra More,Toilets locked,SCH0253,,True,True,False,False,True,0.2857142857142857
INSP01231,2025-08-25,SCH-0243,True,1,True,,True,Balveer Garde,Needs repair,SCH0243,,True,True,True,,True,0.0
INSP02377,12-Dec-2025,SCH0540,True,True,1,Kharab,Nahi hai,Bina Deshpande,Average,SCH0540,,True,True,True,False,,0.14285714285714285
INSP00445,09-Jul-2025,SCH-0569,H,1,Haan,False,Kharab,Hiral Ray,Toilets locked,SCH0569,,,True,True,False,False,0.2857142857142857
INSP01821,12/12/2025,SCH0457,Available,Nahi hai,True,,Working,Darpan Dara,Toilets locked,SCH0457,,,,True,,True,0.0
INSP00755,15/07/2025,S0575,Available,Functional,True,H,na,Dayita Om,Toilets locked,SCH0575,,,True,True,,,0.0
INSP00924,12-10-2025,SCH-0155,True,Hai,Yes,1,True,Lucky Ratti,Needs repair,SCH0155,,True,True,True,True,True,0.0
INSP01942,2026-02-12,sch0137,True,1,Y,Working,N,Reyansh Kata,Average,SCH0137,,True,True,True,True,False,0.14285714285714285
INSP02988,03/05/2025,SCH0242,No,Haan,True,Yes,False,Janaki Bajwa,Average,SCH0242,,False,True,True,True,False,0.2857142857142857
INSP00312,03-23-2026,sch0175,True,Haan,True,False,True,Nihal Panchal,Needs repair,SCH0175,,True,True,True,False,True,0.14285714285714285
INSP00549,2026-01-29,SCH0429,1,Yes,True,False,False,Lila Oak,Toilets locked,SCH0429,,True,True,True,False,False,0.2857142857142857
INSP02105,23-Jan-2026,S0173,True,True,Not Available,False,False,Ati Sankar,No remarks,SCH0173,,True,True,,False,False,0.2857142857142857
INSP01625,2025-04-13,SCH0498,False,True,True,0,Nahi,Kevin Gole,,SCH0498,,False,True,True,False,False,0.42857142857142855
INSP00307,28/12/2025,sch0595,True,True,True,H,Nahi hai,David Pillai,Good condition,SCH0595,,True,True,True,,,0.0
INSP00288,03-Nov-2025,S0283,Yes,False,True,True,Haan,,Needs repair,SCH0283,,True,False,True,True,True,0.14285714285714285
INSP00695,09-Apr-2025,sch_0278,True,True,H,H,True,Nimrat Prashad,Needs repair,SCH0278,,True,True,,,True,0.0
INSP00309,2025/05/10,SCH0487,True,True,Available,Nahi hai,na,Osha Kant,Average,SCH0487,2025-05-10,True,True,,,,0.0
INSP02444,2026-01-01,sch0286,True,haan,0,True,True,Qarin Mandal,Average,SCH0286,,True,True,False,True,True,0.14285714285714285
INSP00750,24.03.2026,sch_0080,False,True,Haan,True,True,Udant Sehgal,Toilets locked,SCH0080,,False,True,True,True,True,0.14285714285714285
INSP01602,03/02/2026,SCH0323,True,True,1,,True,Zarna Rama,,SCH0323,,True,True,True,,True,0.0
INSP02632,18.02.2026,SCH-0051,True,Nahi,True,Nahi hai,0,Upma Bir,Toilets locked,SCH0051,,True,False,True,,False,0.2857142857142857
INSP01691,29.07.2025,0570,True,Y,True,Y,na,Advay Sandhu,Average,SCH0570,,True,True,True,True,,0.0
INSP01577,2026/03/24,SCH-0552,,True,Haan,,False,,Good condition,SCH0552,2026-03-24,,True,True,,False,0.14285714285714285
INSP00909,16-Jun-2025,sch_0112,H,Y,,1,True,Zarna Purohit,No remarks,SCH0112,,,True,,True,True,0.0
INSP00087,2025-12-27,SCH0568,No,True,True,True,1,Sachi Vyas,Average,SCH0568,,False,True,True,True,True,0.14285714285714285
INSP02504,06/08/2025,SCH-0059,H,True,True,Yes,N,Fitan Kanda,No remarks,SCH0059,,,True,True,True,False,0.14285714285714285
INSP02958,28.06.2025,SCH0264,Yes,Working,Nahi,True,Under Repair,Michael Amble,Toilets locked,SCH0264,,True,True,False,True,,0.14285714285714285
INSP02624,2025/09/01,SCH0035,False,Yes,H,True,True,Mugdha Dasgupta,No remarks,SCH0035,2025-09-01,False,True,,True,True,0.14285714285714285
INSP00971,2025-08-22,SCH0547,Yes,True,True,,True,Jairaj Jaggi,Needs repair,SCH0547,,True,True,True,,True,0.0
INSP00014,05/01/2026,SCH-0325,Functional,True,False,haan,Haan,Falan Sankaran,Needs repair,SCH0325,,True,True,False,True,True,0.14285714285714285
INSP00874,12-09-2025,SCH0011,1,True,1,Nahi,haan,,Needs repair,SCH0011,,True,True,True,False,True,0.14285714285714285
INSP00809,28/01/2026,sch_0064,No,True,Not Available,False,True,Viraj Barad,Good condition,SCH0064,,False,True,,False,True,0.2857142857142857
INSP02711,2026-02-23,SCH0168,False,Haan,False,Broken,True,Zehaan Kumer,Toilets locked,SCH0168,,False,True,False,False,True,0.42857142857142855
INSP00515,2025/04/05,SCH-0548,Haan,True,Available,True,na,Vidhi Khalsa,No remarks,SCH0548,2025-04-05,True,True,,True,,0.0
INSP02779,08/02/2026,sch0481,True,H,True,Working,na,Sai Mahal,Needs repair,SCH0481,,True,,True,True,,0.0
INSP00410,2025/11/03,sch0072,1,H,Haan,No,False,Wishi Babu,,SCH0072,2025-11-03,True,,True,False,False,0.2857142857142857
INSP02010,2025-09-18,sch_0206,H,True,True,N,True,Praneel Bhandari,No remarks,SCH0206,,,True,True,False,True,0.14285714285714285
INSP01338,2026/01/17,SCH0261,Functional,Yes,,True,False,Mitali Krishnamurthy,No remarks,SCH0261,2026-01-17,True,True,,True,False,0.14285714285714285
INSP02383,02-05-2026,0199,Broken,Functional,True,False,False,Siya Grover,No remarks,SCH0199,,False,True,True,False,False,0.42857142857142855
INSP01462,03-Jun-2025,sch_0138,Kharab,Y,True,True,N,Nidra Dasgupta,Toilets locked,SCH0138,,False,True,True,True,False,0.2857142857142857
INSP01371,01.03.2026,SCH0275,False,Haan,Y,,Nahi hai,Laban Menon,Average,SCH0275,,False,True,True,,,0.14285714285714285
INSP02807,02-Sep-2025,SCH0259,True,1,Available,Nahi hai,False,Aachal Johal,Good condition,SCH0259,,True,True,,,False,0.14285714285714285
INSP01585,15/09/2025,sch0263,1,1,,H,Y,Chasmum Mittal,Good condition,SCH0263,,True,True,,,True,0.0
INSP00383,09-17-2025,SCH0473,True,1,True,Nahi,False,Fariq Naidu,Needs repair,SCH0473,,True,True,True,False,False,0.2857142857142857
INSP02016,04-07-2025,0201,True,False,True,Not Available,H,Ojas Garde,Good condition,SCH0201,,True,False,True,,,0.14285714285714285
INSP02663,29.09.2025,SCH-0229,True,Hai,True,True,Y,Falguni Dasgupta,,SCH0229,,True,True,True,True,True,0.0
INSP02496,2025-09-10,SCH0243,False,Y,Nahi hai,True,True,Garima Mane,No remarks,SCH0243,,False,True,,True,True,0.14285714285714285
INSP02462,2025/07/07,SCH0016,True,True,True,H,,Viraj Batta,Toilets locked,SCH0016,2025-07-07,True,True,True,,,0.0
INSP01848,18/01/2026,sch_0051,Haan,Haan,1,True,False,Oscar Maharaj,Good condition,SCH0051,,True,True,True,True,False,0.14285714285714285
INSP02059,2026-01-16,SCH0145,True,Y,Haan,Nahi hai,,Chaitaly Mutti,Good condition,SCH0145,,True,True,True,,,0.0
INSP02629,03-22-2026,SCH0448,Y,True,True,False,True,Jeremiah Sidhu,Toilets locked,SCH0448,,True,True,True,False,True,0.14285714285714285
INSP00553,25-Aug-2025,SCH0245,haan,Y,True,Not Available,False,Jagvi Kumar,,SCH0245,,True,True,True,,False,0.14285714285714285
INSP00223,2025/10/14,SCH0027,N,Nahi,,Not Available,Broken,Shravya Divan,,SCH0027,2025-10-14,False,False,,,False,0.42857142857142855
INSP01097,2025/07/25,S0530,Functional,True,,True,N,Jagat Pathak,Toilets locked,SCH0530,2025-07-25,True,True,,True,False,0.14285714285714285
INSP00045,11-04-2025,SCH-0003,Haan,Functional,Broken,1,True,Nicholas Keer,No remarks,SCH0003,,True,True,False,True,True,0.14285714285714285
INSP00009,29/12/2025,SCH0555,True,Available,Y,True,True,Benjamin Bali,Needs repair,SCH0555,,True,,True,True,True,0.0
INSP02863,23-Jan-2026,SCH0586,,Hai,Hai,Under Repair,Hai,Onkar Mohanty,Needs repair,SCH0586,,,True,True,,True,0.0
INSP00317,2026/02/25,sch_0154,True,Hai,False,True,Hai,Chatresh Naik,,SCH0154,2026-02-25,True,True,False,True,True,0.14285714285714285
INSP01329,16-Apr-2025,SCH0151,H,H,False,Y,False,Praneel Keer,Toilets locked,SCH0151,,,,False,True,False,0.2857142857142857
INSP00428,28.06.2025,SCH0207,,Yes,True,N,Hai,Robert Sarraf,Average,SCH0207,,,True,True,False,True,0.14285714285714285
INSP01492,12/12/2025,sch_0268,False,False,Haan,1,,,,SCH0268,,False,False,True,True,,0.2857142857142857
INSP00106,17.01.2026,0441,True,True,True,True,True,Pahal Upadhyay,Needs repair,SCH0441,,True,True,True,True,True,0.0
INSP02241,22-May-2025,SCH0505,Haan,1,False,Not Available,False,Zaitra Narula,No remarks,SCH0505,,True,True,False,,False,0.2857142857142857
INSP00143,13-Dec-2025,sch0402,True,True,True,haan,Available,Bhavya Mannan,Good condition,SCH0402,,True,True,True,True,,0.0
INSP00122,03.07.2025,SCH0359,True,H,False,Available,No,Geetika Sampath,Average,SCH0359,,True,,False,,False,0.2857142857142857
INSP02495,26.07.2025,sch0504,,Hai,Functional,Functional,False,Vedhika Srinivas,Average,SCH0504,,,True,True,True,False,0.14285714285714285
INSP00409,17.04.2025,sch_0069,H,True,True,Nahi,Working,Vaishnavi Sarkar,No remarks,SCH0069,,,True,True,False,True,0.14285714285714285
INSP01190,2026-03-08,SCH-0496,Nahi hai,haan,H,True,True,Damini Madan,Good condition,SCH0496,,,True,,True,True,0.0
INSP02081,02-14-2026,SCH0443,,True,Nahi hai,1,na,Hema Basu,Good condition,SCH0443,,,True,,True,,0.0
INSP02783,17-Jul-2025,sch0480,1,True,True,Y,False,Oni Bhagat,,SCH0480,,True,True,True,True,False,0.14285714285714285
INSP02114,2025-10-24,SCH-0388,Nahi,haan,Hai,N,na,,,SCH0388,,False,True,True,False,,0.2857142857142857
INSP00116,2026/01/07,S0071,na,False,True,Hai,False,Ekbal Mohanty,Average,SCH0071,2026-01-07,,False,True,True,False,0.2857142857142857
INSP01570,10/02/2026,sch0257,True,True,haan,True,Nahi hai,Deepa Kalla,Toilets locked,SCH0257,,True,True,True,True,,0.0
INSP02269,2026/02/08,SCH-0558,True,True,True,Working,True,Prisha Tank,No remarks,SCH0558,2026-02-08,True,True,True,True,True,0.0
INSP02261,20-Sep-2025,SCH0509,True,True,True,Yes,haan,Yash Andra,Good condition,SCH0509,,True,True,True,True,True,0.0
INSP01818,26-Jun-2025,SCH0211,Yes,Yes,Y,Yes,No,Krisha Sabharwal,Average,SCH0211,,True,True,True,True,False,0.14285714285714285
INSP00417,25.10.2025,SCH0200,1,True,na,Nahi hai,True,Pranit Luthra,Toilets locked,SCH0200,,True,True,,,True,0.0
INSP01784,30-Jul-2025,SCH0397,1,True,True,Haan,No,,Good condition,SCH0397,,True,True,True,True,False,0.14285714285714285
INSP02004,2025/10/05,sch0132,,1,False,H,H,Andrew Raju,Average,SCH0132,2025-10-05,,True,False,,,0.14285714285714285
INSP00673,04.09.2025,SCH-0173,True,False,Nahi,True,Hai,Vrishti Misra,No remarks,SCH0173,,True,False,False,True,True,0.2857142857142857
INSP01727,26-Jul-2025,SCH0371,False,True,haan,H,Nahi hai,Irya Suri,,SCH0371,,False,True,True,,,0.14285714285714285
INSP01819,30/03/2026,S0495,Yes,Y,Yes,False,True,,,SCH0495,,True,True,True,False,True,0.14285714285714285
INSP02186,04/05/2025,sch_0193,N,True,Available,N,Y,Aayush Viswanathan,Average,SCH0193,,False,True,,False,True,0.2857142857142857
INSP00592,2025-12-03,sch_0329,Haan,,False,Hai,False,Laksh Narayanan,,SCH0329,,True,,False,True,False,0.2857142857142857
INSP02187,14.01.2026,SCH0049,True,True,True,Working,True,Idika Vasa,Good condition,SCH0049,,True,True,True,True,True,0.0
INSP00889,2025-07-01,S0379,True,True,Yes,0,False,Wriddhish Lal,,SCH0379,,True,True,True,False,False,0.2857142857142857
INSP01958,2025/10/18,SCH0525,N,True,Haan,True,True,Christopher Choudhury,Toilets locked,SCH0525,2025-10-18,False,True,True,True,True,0.14285714285714285
INSP02292,29.10.2025,SCH0013,Working,Haan,Y,True,na,Niharika Gara,Good condition,SCH0013,,True,True,True,True,,0.0
INSP02058,10-16-2025,sch0588,Yes,True,,Functional,False,Vritti Om,No remarks,SCH0588,,True,True,,True,False,0.14285714285714285
INSP00214,30/08/2025,SCH0147,Available,True,H,True,Yes,Balveer Din,Needs repair,SCH0147,,,True,,True,True,0.0
INSP00779,08.08.2025,sch_0418,True,True,Haan,Not Available,,Gaurika Dugal,Good condition,SCH0418,,True,True,True,,,0.0
INSP01863,27.08.2025,sch0092,Nahi,,Haan,Not Available,na,Pratyush Mani,,SCH0092,,False,,True,,,0.14285714285714285
INSP00801,2025-08-06,sch0552,False,Y,Available,haan,True,Henry Modi,Average,SCH0552,,False,True,,True,True,0.14285714285714285
INSP02610,2025/12/19,SCH0145,,1,True,Y,Nahi,Bishakha Subramaniam,No remarks,SCH0145,2025-12-19,,True,True,True,False,0.14285714285714285
INSP01615,05-22-2025,S0534,Working,Yes,True,Y,False,Bishakha Baria,Needs repair,SCH0534,,True,True,True,True,False,0.14285714285714285
INSP01703,30.05.2025,SCH0242,Y,True,True,H,N,Harini Ahluwalia,Needs repair,SCH0242,,True,True,True,,False,0.14285714285714285
INSP02407,16/01/2026,S0533,False,False,,True,0,Ati Lala,Needs repair,SCH0533,,False,False,,True,False,0.42857142857142855
INSP02915,2025/11/21,SCH0144,,True,1,False,False,Oliver Dubey,,SCH0144,2025-11-21,,True,True,False,False,0.2857142857142857
INSP02986,04-Sep-2025,sch_0293,Yes,True,H,True,True,Nandini Mann,Good condition,SCH0293,,True,True,,True,True,0.0
INSP02851,22.03.2026,S0442,True,False,True,0,1,Yug Chand,Needs repair,SCH0442,,True,False,True,False,True,0.2857142857142857
INSP01344,10/03/2026,SCH0450,False,True,haan,False,No,Omya Minhas,Good condition,SCH0450,,False,True,True,False,False,0.42857142857142855
INSP00274,21.07.2025,SCH0453,True,True,True,0,N,Lekha Khanna,Average,SCH0453,,True,True,True,False,False,0.2857142857142857
INSP00072,23-Sep-2025,SCH0321,,Haan,True,No,False,,Good condition,SCH0321,,,True,True,False,False,0.2857142857142857
INSP02534,29/05/2025,SCH0023,True,haan,Y,na,False,Avi Rau,,SCH0023,,True,True,True,,False,0.14285714285714285
INSP01088,2025-07-31,S0316,True,True,1,True,False,Chatura Cheema,No remarks,SCH0316,,True,True,True,True,False,0.14285714285714285
INSP00395,28-Feb-2026,sch_0191,Haan,,Haan,Working,0,Harita Balan,Average,SCH0191,,True,,True,True,False,0.14285714285714285
INSP00584,09.08.2025,SCH0196,True,Available,Available,na,False,Tanmayi Mann,Good condition,SCH0196,,True,,,,False,0.14285714285714285
INSP01704,06/04/2025,SCH0433,No,,Functional,True,Functional,Gaurang Bandi,No remarks,SCH0433,,False,,True,True,True,0.14285714285714285
INSP02124,27-Apr-2025,SCH0043,True,Y,Haan,Haan,1,,,SCH0043,,True,True,True,True,True,0.0
INSP02130,2025-10-02,SCH0199,H,Available,Functional,N,True,,No remarks,SCH0199,,,,True,False,True,0.14285714285714285
INSP00501,22-May-2025,SCH0126,True,Not Available,True,False,Nahi,Chandresh Bava,Toilets locked,SCH0126,,True,,True,False,False,0.2857142857142857
INSP02894,2025/06/19,SCH0479,Haan,,False,Nahi hai,No,Faraj Nori,Good condition,SCH0479,2025-06-19,True,,False,,False,0.2857142857142857
INSP02343,2025/07/09,sch_0320,True,No,True,True,False,Zayyan Khare,Good condition,SCH0320,2025-07-09,True,False,True,True,False,0.2857142857142857
INSP00766,20-Feb-2026,0268,H,True,True,Haan,Available,Ayush Bakshi,Needs repair,SCH0268,,,True,True,True,,0.0
INSP02881,25/12/2025,SCH0080,Nahi,1,,True,Hai,Vansha Solanki,Average,SCH0080,,False,True,,True,True,0.14285714285714285
INSP01652,2025-12-25,SCH0088,Haan,Functional,True,Haan,Y,Ayaan Tak,Good condition,SCH0088,,True,True,True,True,True,0.0
INSP01260,12-May-2025,SCH0477,N,1,,True,Hai,Avni Butala,Average,SCH0477,,False,True,,True,True,0.14285714285714285
INSP02909,2025-12-16,sch_0308,False,Not Available,,N,True,Laban Hari,Needs repair,SCH0308,,False,,,False,True,0.2857142857142857
INSP02242,29-Nov-2025,SCH0171,True,Yes,Hai,,False,Balendra Thaker,Needs repair,SCH0171,,True,True,True,,False,0.14285714285714285
INSP00206,23/11/2025,SCH0218,True,haan,True,True,False,Yahvi Brahmbhatt,Average,SCH0218,,True,True,True,True,False,0.14285714285714285
INSP00734,2025/05/28,SCH0419,True,False,True,H,Hai,Anay Dubey,Good condition,SCH0419,2025-05-28,True,False,True,,True,0.14285714285714285
INSP02514,07-Jun-2025,sch_0442,True,Working,False,No,1,Benjamin Mahajan,,SCH0442,,True,True,False,False,True,0.2857142857142857
INSP00527,2026/03/30,SCH-0209,True,Nahi hai,True,False,Nahi hai,Bhavini Contractor,No remarks,SCH0209,2026-03-30,True,,True,False,,0.14285714285714285
INSP01917,10-25-2025,SCH0232,True,True,,False,Functional,Garima Dhawan,Toilets locked,SCH0232,,True,True,,False,True,0.14285714285714285
INSP00899,2025-07-30,SCH-0108,0,Not Available,False,False,1,Upma Mani,,SCH0108,,False,,False,False,True,0.42857142857142855
INSP00378,21-Aug-2025,sch_0299,Available,True,Y,True,Nahi,Ikshita Kadakia,Toilets locked,SCH0299,,,True,True,True,False,0.14285714285714285
INSP01926,2025/06/04,SCH0247,True,1,True,1,haan,,Needs repair,SCH0247,2025-06-04,True,True,True,True,True,0.0
INSP02820,17-Dec-2025,sch0328,N,Hai,True,Functional,False,Yasti Arya,,SCH0328,,False,True,True,True,False,0.2857142857142857
INSP01612,30.04.2025,0205,False,Hai,True,Broken,True,Azad Narayan,Needs repair,SCH0205,,False,True,True,False,True,0.2857142857142857
INSP00387,07/05/2025,SCH0307,True,1,True,H,Haan,Gaurang Chowdhury,Needs repair,SCH0307,,True,True,True,,True,0.0
INSP00199,06-08-2025,sch0253,False,H,1,True,False,Harshil Choudhury,,SCH0253,,False,,True,True,False,0.2857142857142857
INSP01051,12-25-2025,SCH0319,,True,1,True,Hai,Ubika Kari,Good condition,SCH0319,,,True,True,True,True,0.0
INSP00591,27/03/2026,SCH0384,True,H,Y,False,Y,Anirudh Dewan,Needs repair,SCH0384,,True,,True,False,True,0.14285714285714285
INSP00520,19.03.2026,0220,Nahi hai,True,Broken,False,Nahi,,No remarks,SCH0220,,,True,False,False,False,0.42857142857142855
INSP02132,2025-07-31,sch_0568,True,0,False,N,Working,Yadavi Dora,Average,SCH0568,,True,False,False,False,True,0.42857142857142855
INSP02747,23/07/2025,SCH0174,True,Available,True,N,False,Nathaniel Purohit,No remarks,SCH0174,,True,,True,False,False,0.2857142857142857
INSP00430,31-Jan-2026,SCH-0412,False,True,True,False,Y,Chandran Singhal,Toilets locked,SCH0412,,False,True,True,False,True,0.2857142857142857
INSP01084,01/03/2026,SCH0194,Nahi hai,Y,True,,No,Nirja Bandi,Average,SCH0194,,,True,True,,False,0.14285714285714285
INSP00208,24/11/2025,SCH0376,True,True,Y,,False,,No remarks,SCH0376,,True,True,True,,False,0.14285714285714285
INSP00492,2025-04-10,sch_0536,True,True,True,True,na,Ethan Samra,No remarks,SCH0536,,True,True,True,True,,0.0
INSP02104,2025/10/17,0321,False,True,False,No,True,Siddharth Ramesh,,SCH0321,2025-10-17,False,True,False,False,True,0.42857142857142855
INSP01360,13/07/2025,sch0168,Hai,1,H,True,Functional,Triya Dewan,Toilets locked,SCH0168,,True,True,,True,True,0.0
INSP00793,06.09.2025,SCH-0228,Functional,haan,No,N,Available,,No remarks,SCH0228,,True,True,False,False,,0.2857142857142857
INSP02623,2025/04/16,SCH0074,H,True,0,Y,Nahi,Faras Deo,Needs repair,SCH0074,2025-04-16,,True,False,True,False,0.2857142857142857
INSP01187,19/12/2025,SCH-0269,Hai,True,Y,False,N,Fariq Kunda,,SCH0269,,True,True,True,False,False,0.2857142857142857
INSP01186,04-26-2025,S0540,Kharab,Nahi,False,na,False,Saumya Parsa,Toilets locked,SCH0540,,False,False,False,,False,0.5714285714285714
INSP01965,2026-02-07,SCH-0079,Functional,True,Yes,True,haan,Hardik Dhillon,No remarks,SCH0079,,True,True,True,True,True,0.0
INSP01816,25/09/2025,SCH0216,True,Y,False,True,Y,Urishilla Gour,No remarks,SCH0216,,True,True,False,True,True,0.14285714285714285
INSP02352,2025/07/19,S0348,Hai,Hai,Yes,Working,False,Siya Mody,No remarks,SCH0348,2025-07-19,True,True,True,True,False,0.14285714285714285
INSP01411,01/10/2025,SCH0289,,1,True,Yes,0,,Needs repair,SCH0289,,,True,True,True,False,0.14285714285714285
INSP00084,01-02-2026,S0093,,True,True,haan,,Meera Sura,Good condition,SCH0093,,,True,True,True,,0.0
INSP02554,22-Dec-2025,SCH0278,False,True,Broken,True,Yes,Irya Srinivas,Needs repair,SCH0278,,False,True,False,True,True,0.2857142857142857
INSP02346,02.07.2025,sch0523,H,True,Haan,False,No,Girindra Gade,,SCH0523,,,True,True,False,False,0.2857142857142857
INSP00021,12-Apr-2025,sch0199,True,True,False,True,Kharab,,No remarks,SCH0199,,True,True,False,True,False,0.2857142857142857
INSP01539,2025-05-08,S0149,False,Haan,False,Yes,haan,Ubika Kala,Average,SCH0149,,False,True,False,True,True,0.2857142857142857
INSP01707,15/04/2025,SCH0550,Haan,,True,Hai,0,Arjun Bava,No remarks,SCH0550,,True,,True,True,False,0.14285714285714285
INSP01745,03-21-2026,SCH0599,True,True,True,True,True,Ijaya Andra,Average,SCH0599,,True,True,True,True,True,0.0
INSP01406,20/10/2025,SCH0111,True,True,True,True,True,Aarush Venkataraman,No remarks,SCH0111,,True,True,True,True,True,0.0
INSP02867,2026/01/14,0535,Kharab,Available,True,Yes,True,Mohammed Prashad,,SCH0535,2026-01-14,False,,True,True,True,0.14285714285714285
INSP02343,2025/07/09,sch_0320,True,No,True,True,False,Zayyan Khare,Good condition,SCH0320,2025-07-09,True,False,True,True,False,0.2857142857142857
INSP02832,2025-05-15,S0063,haan,Y,True,False,na,Eiravati Tripathi,Toilets locked,SCH0063,,True,True,True,False,,0.14285714285714285
INSP02883,05-Aug-2025,SCH0449,True,True,True,False,Yes,,No remarks,SCH0449,,True,True,True,False,True,0.14285714285714285
INSP00974,25/05/2025,SCH0276,,True,False,True,haan,Keya Zacharia,Good condition,SCH0276,,,True,False,True,True,0.14285714285714285
INSP02932,08-19-2025,sch_0516,False,Functional,True,haan,0,Devansh Loyal,,SCH0516,,False,True,True,True,False,0.2857142857142857
INSP00884,2025-10-17,SCH0377,Hai,Haan,,True,Haan,Ishita Raja,,SCH0377,,True,True,,True,True,0.0
INSP01099,04-25-2025,sch0239,True,True,True,False,,Orinder Sur,Good condition,SCH0239,,True,True,True,False,,0.14285714285714285
INSP00157,09-10-2025,SCH0201,True,True,Working,True,False,Wazir Panchal,Needs repair,SCH0201,,True,True,True,True,False,0.14285714285714285
INSP02400,05-07-2025,SCH0464,True,True,haan,Haan,No,,Average,SCH0464,,True,True,True,True,False,0.14285714285714285
INSP00887,2025-09-23,SCH0105,Hai,True,,True,Y,Balhaar Dhawan,Needs repair,SCH0105,,True,True,,True,True,0.0
INSP02013,16.08.2025,SCH0098,True,H,Available,N,haan,Kamala Khatri,Good condition,SCH0098,,True,,,False,True,0.14285714285714285
INSP01779,09-17-2025,SCH0063,Haan,Yes,Haan,False,False,Zayan Aurora,Average,SCH0063,,True,True,True,False,False,0.2857142857142857
INSP02608,2025/08/04,SCH0290,haan,Broken,True,True,Available,Fariq Mitra,Toilets locked,SCH0290,2025-08-04,True,False,True,True,,0.14285714285714285
INSP01673,02-26-2026,sch_0471,Y,N,True,H,0,Sarthak Bhardwaj,Good condition,SCH0471,,True,False,True,,False,0.2857142857142857
INSP02666,2025/04/21,SCH0600,No,Y,True,Under Repair,Nahi hai,Ganga Nayak,Needs repair,SCH0600,2025-04-21,False,True,True,,,0.14285714285714285
INSP02487,10-Dec-2025,SCH0438,Under Repair,True,1,True,Broken,Chanakya Hayer,,SCH0438,,,True,True,True,False,0.14285714285714285
INSP02977,2025-04-14,SCH-0359,Nahi hai,True,True,haan,False,Jeremiah Chaudhari,,SCH0359,,,True,True,True,False,0.14285714285714285
INSP01454,02/09/2025,S0141,H,N,H,True,False,Adya Issac,No remarks,SCH0141,,,False,,True,False,0.2857142857142857
INSP02786,05-19-2025,SCH0358,Yes,,Nahi,Available,na,Ayush Deshmukh,,SCH0358,,True,,False,,,0.14285714285714285
INSP00459,27/12/2025,sch0307,Y,True,False,Y,True,Reyansh Raval,,SCH0307,,True,True,False,True,True,0.14285714285714285
INSP00015,2025-04-05,SCH0124,True,True,False,H,Y,Yashoda Jani,Average,SCH0124,,True,True,False,,True,0.14285714285714285
INSP00079,13.12.2025,SCH-0207,True,True,Functional,True,Nahi,,No remarks,SCH0207,,True,True,True,True,False,0.14285714285714285
INSP02679,2025-12-05,SCH0412,N,Functional,True,False,,Samesh Koshy,Good condition,SCH0412,,False,True,True,False,,0.2857142857142857
INSP01057,2025-06-06,S0009,True,True,Working,Nahi,Nahi,Veda Chada,No remarks,SCH0009,,True,True,True,False,False,0.2857142857142857
INSP00907,2026/03/12,sch0598,True,True,False,False,True,Turvi Banerjee,Needs repair,SCH0598,2026-03-12,True,True,False,False,True,0.2857142857142857
INSP01750,21-May-2025,SCH0089,False,H,Y,Nahi,,Yashvi Mohan,,SCH0089,,False,,True,False,,0.2857142857142857
INSP02334,22-Nov-2025,sch_0046,haan,haan,Working,No,No,Samesh Krishnan,Toilets locked,SCH0046,,True,True,True,False,False,0.2857142857142857
INSP02835,10-28-2025,S0273,Y,True,True,No,False,Nathan Keer,Good condition,SCH0273,,True,True,True,False,False,0.2857142857142857
INSP00381,03-Nov-2025,sch_0235,True,H,True,True,Not Available,George Arya,No remarks,SCH0235,,True,,True,True,,0.0
INSP00948,03-12-2026,SCH-0071,na,Working,Yes,False,Hai,Nihal Devan,Good condition,SCH0071,,,True,True,False,True,0.14285714285714285
INSP01911,19.05.2025,sch0423,True,True,,Y,Under Repair,Owen Nagy,Average,SCH0423,,True,True,,True,,0.0
INSP02118,03.01.2026,SCH0429,True,True,True,Hai,True,Maanas Handa,Average,SCH0429,,True,True,True,True,True,0.0
INSP00716,27.10.2025,SCH-0117,True,True,Y,Available,1,Jagdish Gour,No remarks,SCH0117,,True,True,True,,True,0.0
INSP02108,10-14-2025,SCH0295,haan,Available,Hai,Nahi,Available,Widisha Pall,Toilets locked,SCH0295,,True,,True,False,,0.14285714285714285
INSP00687,17.10.2025,SCH0284,True,Functional,Y,True,False,Yug Kamdar,No remarks,SCH0284,,True,True,True,True,False,0.14285714285714285
INSP02698,03-Jun-2025,SCH0282,True,True,1,True,na,Gaurika Upadhyay,,SCH0282,,True,True,True,True,,0.0
INSP01294,23-Oct-2025,SCH0099,False,Yes,True,Y,H,Udant Muni,Needs repair,SCH0099,,False,True,True,True,,0.14285714285714285
INSP00306,17-Jun-2025,0447,Available,,False,False,True,Isaiah Golla,Toilets locked,SCH0447,,,,False,False,True,0.2857142857142857
INSP00210,2025-12-22,sch0500,False,Y,True,Working,Yes,Divya Atwal,Toilets locked,SCH0500,,False,True,True,True,True,0.14285714285714285
INSP01660,2026/01/27,SCH-0026,Yes,,Haan,True,False,,Good condition,SCH0026,2026-01-27,True,,True,True,False,0.14285714285714285
INSP02341,2025-09-14,SCH0561,N,1,False,False,Hai,Nitara Comar,Toilets locked,SCH0561,,False,True,False,False,True,0.42857142857142855
INSP01201,06-Dec-2025,SCH0297,Hai,False,Hai,False,0,Samar Bhatt,,SCH0297,,True,False,True,False,False,0.42857142857142855
INSP01721,2025-04-08,SCH0600,Nahi,True,True,Hai,True,Om Sanghvi,Needs repair,SCH0600,,False,True,True,True,True,0.14285714285714285
INSP00886,07-12-2025,S0409,Y,haan,True,True,False,Gautam Krishnan,Toilets locked,SCH0409,,True,True,True,True,False,0.14285714285714285
INSP02615,31/05/2025,SCH0129,False,1,True,False,False,,No remarks,SCH0129,,False,True,True,False,False,0.42857142857142855
INSP00918,01-Aug-2025,SCH0221,True,H,True,No,Kharab,Umang Kulkarni,,SCH0221,,True,,True,False,False,0.2857142857142857
INSP01861,2025-09-25,SCH0061,True,Functional,H,False,0,Aarush Ramakrishnan,Toilets locked,SCH0061,,True,True,,False,False,0.2857142857142857
INSP01065,27-Jun-2025,SCH-0074,Haan,True,False,Haan,N,Jalsa Gokhale,Good condition,SCH0074,,True,True,False,True,False,0.2857142857142857
INSP00192,30/03/2026,sch0188,Hai,False,True,1,1,Tanvi Bahri,No remarks,SCH0188,,True,False,True,True,True,0.14285714285714285
INSP01949,01-23-2026,SCH0203,H,True,Functional,,Working,Ganga Nayak,Needs repair,SCH0203,,,True,True,,True,0.0
INSP02148,21.09.2025,S0058,False,False,1,Working,,Netra Shetty,Needs repair,SCH0058,,False,False,True,True,,0.2857142857142857
INSP01266,2026-03-20,SCH-0479,True,N,Hai,True,False,Wyatt Shroff,Needs repair,SCH0479,,True,False,True,True,False,0.2857142857142857
INSP00484,14-Aug-2025,sch_0004,Y,haan,True,1,Not Available,Michael Thakur,Toilets locked,SCH0004,,True,True,True,True,,0.0
INSP00916,11.08.2025,SCH0274,Hai,False,Working,False,False,Ethan Swaminathan,No remarks,SCH0274,,True,False,True,False,False,0.42857142857142855
INSP02733,08.09.2025,sch_0071,True,True,Haan,Yes,Haan,,Average,SCH0071,,True,True,True,True,True,0.0
INSP00278,2026/02/06,sch_0530,False,True,True,False,Nahi,Joshua Rajagopalan,Toilets locked,SCH0530,2026-02-06,False,True,True,False,False,0.42857142857142855
INSP00989,31/03/2026,SCH0413,1,False,True,Hai,,Gavin Taneja,Toilets locked,SCH0413,,True,False,True,True,,0.14285714285714285
INSP01957,2026-03-26,SCH0210,Y,True,False,True,False,Ayushman Raju,No remarks,SCH0210,,True,True,False,True,False,0.2857142857142857
INSP01246,2025/07/06,SCH-0285,Hai,haan,True,0,,Henry Basak,Good condition,SCH0285,2025-07-06,True,True,True,False,,0.14285714285714285
INSP01815,2025-05-01,sch_0240,False,False,True,True,Not Available,Lavanya Choudhry,Average,SCH0240,,False,False,True,True,,0.2857142857142857
INSP00572,2026-02-21,SCH-0369,1,Working,Broken,True,Available,Bakhshi Raman,Toilets locked,SCH0369,,True,True,False,True,,0.14285714285714285
INSP01436,09/04/2025,SCH0312,Nahi,True,True,True,na,Manthan Raja,Average,SCH0312,,False,True,True,True,,0.14285714285714285
INSP00994,2026/02/08,SCH0595,Haan,False,N,Kharab,True,,Good condition,SCH0595,2026-02-08,True,False,False,False,True,0.42857142857142855
INSP01567,08/01/2026,SCH0434,False,True,False,False,False,Jatin Ganesh,,SCH0434,,False,True,False,False,False,0.5714285714285714
INSP01563,2025-10-10,SCH0589,False,na,Yes,0,False,Waida Thakkar,No remarks,SCH0589,,False,,True,False,False,0.42857142857142855
INSP00586,2025/04/21,SCH0569,False,True,,haan,H,,Needs repair,SCH0569,2025-04-21,False,True,,True,,0.14285714285714285
INSP02526,10-28-2025,sch0484,N,True,N,True,False,Dayita Nayar,Needs repair,SCH0484,,False,True,False,True,False,0.42857142857142855
INSP02788,18.02.2026,SCH-0508,,True,1,,No,Samar Munshi,,SCH0508,,,True,True,,False,0.14285714285714285
INSP02324,2025-08-13,SCH0493,True,na,Nahi hai,False,Y,Ati Wagle,Average,SCH0493,,True,,,False,True,0.14285714285714285
INSP01350,2025-08-21,SCH0169,H,1,N,Hai,Nahi hai,Tarak Shetty,,SCH0169,,,True,False,True,,0.14285714285714285
INSP01008,04-04-2025,SCH-0583,0,True,na,Yes,Nahi hai,Omisha Oza,,SCH0583,,False,True,,True,,0.14285714285714285
INSP00675,31.07.2025,SCH0513,Hai,False,1,True,Y,,Average,SCH0513,,True,False,True,True,True,0.14285714285714285
INSP02203,10-Jul-2025,S0472,True,True,,True,True,Chanakya Tandon,Average,SCH0472,,True,True,,True,True,0.0
INSP00856,01-Aug-2025,S0373,True,True,0,Not Available,True,Jagrati Krishnamurthy,Needs repair,SCH0373,,True,True,False,,True,0.14285714285714285
INSP00448,01-Jun-2025,S0066,Hai,True,Functional,,True,Odika Maharaj,Needs repair,SCH0066,,True,True,True,,True,0.0
INSP01843,2026-03-15,SCH-0032,True,Y,False,True,N,Meera Sampath,,SCH0032,,True,True,False,True,False,0.2857142857142857
INSP01862,11-Apr-2025,0243,1,True,True,True,No,Praneel Kalla,Toilets locked,SCH0243,,True,True,True,True,False,0.14285714285714285
INSP01804,13/05/2025,SCH-0246,H,1,False,,Broken,Madhav Wali,Needs repair,SCH0246,,,True,False,,False,0.2857142857142857
INSP02382,2025/09/25,SCH-0043,True,Yes,Haan,0,1,Caleb Thakur,Needs repair,SCH0043,2025-09-25,True,True,True,False,True,0.14285714285714285
INSP02813,2025/12/03,SCH0281,True,True,False,False,True,Anita Tara,,SCH0281,2025-12-03,True,True,False,False,True,0.2857142857142857
INSP02509,11-03-2025,sch_0589,H,Working,H,True,na,Chanakya Taneja,Needs repair,SCH0589,,,True,,True,,0.0
INSP01915,03/05/2025,SCH0390,Haan,True,1,True,,Anay Golla,,SCH0390,,True,True,True,True,,0.0
INSP02809,01-Aug-2025,sch_0326,True,True,Haan,True,False,Anthony Jha,,SCH0326,,True,True,True,True,False,0.14285714285714285
INSP02619,21-Dec-2025,SCH0320,haan,True,True,True,False,Vihaan Parsa,Average,SCH0320,,True,True,True,True,False,0.14285714285714285
INSP01248,22/03/2026,SCH0520,True,True,True,Nahi,False,Logan Balasubramanian,Average,SCH0520,,True,True,True,False,False,0.2857142857142857
INSP00295,20-Jul-2025,S0283,True,Yes,Functional,True,False,Unnati Tella,Needs repair,SCH0283,,True,True,True,True,False,0.14285714285714285
INSP01548,2025-06-20,SCH0224,True,N,True,haan,Kharab,Fitan Upadhyay,Toilets locked,SCH0224,,True,False,True,True,False,0.2857142857142857
INSP00589,2026/03/30,SCH-0044,Nahi hai,N,True,False,False,Jacob Pandit,Toilets locked,SCH0044,2026-03-30,,False,True,False,False,0.42857142857142855
INSP01282,18-Apr-2025,SCH0086,,Y,Y,Yes,False,Manbir Sethi,,SCH0086,,,True,True,True,False,0.14285714285714285
INSP01589,11-13-2025,sch0438,Functional,False,,haan,N,Dhriti Pandit,No remarks,SCH0438,,True,False,,True,False,0.2857142857142857
INSP02035,04-May-2025,SCH0445,True,,haan,N,False,Chavvi Khurana,Good condition,SCH0445,,True,,True,False,False,0.2857142857142857
INSP02695,13.05.2025,SCH0276,Yes,H,haan,False,Not Available,Upasna Kade,Good condition,SCH0276,,True,,True,False,,0.14285714285714285
INSP02520,30.01.2026,SCH0039,na,True,True,1,True,Ria Menon,Good condition,SCH0039,,,True,True,True,True,0.0
INSP02376,2025-04-14,sch_0417,True,True,True,False,Haan,,Good condition,SCH0417,,True,True,True,False,True,0.14285714285714285
INSP01418,2025/07/18,SCH0204,True,True,True,True,True,Tara Loyal,Average,SCH0204,2025-07-18,True,True,True,True,True,0.0
INSP00426,19/07/2025,S0254,False,False,True,False,True,Wishi Rama,Average,SCH0254,,False,False,True,False,True,0.42857142857142855
INSP00535,14/04/2025,sch_0280,H,True,True,True,True,Yahvi Sengupta,Good condition,SCH0280,,,True,True,True,True,0.0
INSP01055,2026-01-03,SCH0500,Working,True,Y,False,True,Janya Saxena,Needs repair,SCH0500,,True,True,True,False,True,0.14285714285714285
INSP02567,2026/03/27,SCH0524,True,Yes,Available,haan,False,Arin Sood,,SCH0524,2026-03-27,True,True,,True,False,0.14285714285714285
INSP02635,28-May-2025,SCH0003,Yes,True,True,True,False,,Average,SCH0003,,True,True,True,True,False,0.14285714285714285
INSP02928,2025-08-01,SCH-0508,False,False,False,Functional,False,Vinaya Ghosh,Needs repair,SCH0508,,False,False,False,True,False,0.5714285714285714
INSP00133,08-04-2025,SCH-0250,False,True,Y,Hai,True,Mugdha Varma,Average,SCH0250,,False,True,True,True,True,0.14285714285714285
INSP00315,13/11/2025,SCH0483,True,Available,Hai,Nahi hai,False,Anvi Tara,Needs repair,SCH0483,,True,,True,,False,0.14285714285714285
INSP02184,2025-11-05,SCH0230,True,False,False,True,True,Yatin Prasad,Average,SCH0230,,True,False,False,True,True,0.2857142857142857
INSP00422,31/12/2025,SCH0093,True,True,True,na,True,Leela Narula,Needs repair,SCH0093,,True,True,True,,True,0.0
INSP02796,06.07.2025,SCH0600,False,True,True,True,,Anay Mahal,No remarks,SCH0600,,False,True,True,True,,0.14285714285714285
INSP02149,08-22-2025,0566,True,True,False,False,True,Alka Bawa,,SCH0566,,True,True,False,False,True,0.2857142857142857
INSP01761,2025/07/18,S0564,Nahi hai,Y,Yes,H,,Tanveer Reddy,Average,SCH0564,2025-07-18,,True,True,,,0.0
INSP01369,28/04/2025,SCH0287,Functional,Working,True,False,na,Rachana Dass,Toilets locked,SCH0287,,True,True,True,False,,0.14285714285714285
INSP00557,2025-04-30,SCH0356,False,Yes,True,False,1,Saumya Narang,Average,SCH0356,,False,True,True,False,True,0.2857142857142857
INSP02460,04-16-2025,SCH-0257,True,haan,No,Not Available,Nahi,Dipta De,Toilets locked,SCH0257,,True,True,False,,False,0.2857142857142857
INSP01661,25/12/2025,SCH0119,True,H,haan,Under Repair,Haan,Wyatt Sharaf,Toilets locked,SCH0119,,True,,True,,True,0.0
INSP02817,22-Jun-2025,S0054,False,Yes,,True,,Aahana Sani,,SCH0054,,False,True,,True,,0.14285714285714285
INSP02045,06.07.2025,SCH0458,True,1,Hai,Nahi hai,False,Rishi Sridhar,Good condition,SCH0458,,True,True,True,,False,0.14285714285714285
INSP00571,07-30-2025,SCH0223,True,True,True,True,,Yash Sami,,SCH0223,,True,True,True,True,,0.0
INSP00353,2025/06/17,SCH-0276,True,True,Y,Broken,No,Patrick Rau,,SCH0276,2025-06-17,True,True,True,False,False,0.2857142857142857
INSP00092,07.01.2026,sch_0555,Haan,Hai,Available,False,Under Repair,Warda Krishna,,SCH0555,,True,True,,False,,0.14285714285714285
INSP02969,10/09/2025,sch_0329,True,Functional,1,1,Hai,Rayaan Mital,Needs repair,SCH0329,,True,True,True,True,True,0.0
INSP02665,11.04.2025,SCH0314,False,True,Y,No,Broken,,No remarks,SCH0314,,False,True,True,False,False,0.42857142857142855
INSP01171,29-Nov-2025,SCH0534,True,Nahi hai,Yes,Working,Haan,Chaitaly Balan,No remarks,SCH0534,,True,,True,True,True,0.0
INSP02896,09/06/2025,SCH-0075,Not Available,No,False,,Available,Praneel Deo,,SCH0075,,,False,False,,,0.2857142857142857
INSP01286,24.03.2026,sch_0423,True,,True,True,False,Wazir Sehgal,Average,SCH0423,,True,,True,True,False,0.14285714285714285
INSP02169,16/06/2025,SCH0037,haan,True,False,1,No,Qarin Parmar,No remarks,SCH0037,,True,True,False,True,False,0.2857142857142857
INSP02226,2025-10-09,SCH0431,Yes,False,True,Available,True,Ekanta Karpe,Toilets locked,SCH0431,,True,False,True,,True,0.14285714285714285
INSP02216,27.09.2025,sch_0318,True,True,Nahi,False,No,Vedika Deshpande,,SCH0318,,True,True,False,False,False,0.42857142857142855
INSP01592,2025-06-17,SCH0234,True,True,haan,Hai,na,Jhalak Choudhry,,SCH0234,,True,True,True,True,,0.0
INSP02634,11-Feb-2026,SCH0442,Functional,False,Y,True,True,Wazir Kapur,Toilets locked,SCH0442,,True,False,True,True,True,0.14285714285714285
INSP00698,15.08.2025,SCH0351,True,H,True,Available,Y,Victor Bhandari,,SCH0351,,True,,True,,True,0.0
INSP02637,2025/09/17,SCH-0327,Yes,Functional,No,False,Y,Oscar Sunder,No remarks,SCH0327,2025-09-17,True,True,False,False,True,0.2857142857142857
INSP00349,2026-02-05,SCH0207,0,True,Available,Yes,False,Qushi Shere,Good condition,SCH0207,,False,True,,True,False,0.2857142857142857
INSP01747,30/05/2025,SCH0344,Kharab,True,H,False,Not Available,Edhitha Soman,No remarks,SCH0344,,False,True,,False,,0.2857142857142857
INSP02470,2025-10-14,S0078,,True,Nahi hai,Nahi,True,Yauvani Mistry,Average,SCH0078,,,True,,False,True,0.14285714285714285
INSP02858,2025/07/10,sch0154,True,True,Y,Nahi,H,Reyansh Bhatnagar,,SCH0154,2025-07-10,True,True,True,False,,0.14285714285714285
INSP02358,2025-06-24,sch0109,True,H,True,1,True,Wakeeta Gaba,Average,SCH0109,,True,,True,True,True,0.0
INSP01138,06/12/2025,SCH0007,True,True,Hai,Nahi hai,1,Brinda Nanda,No remarks,SCH0007,,True,True,True,,True,0.0
INSP02005,2025-04-08,sch_0422,True,,na,Nahi hai,True,Ranveer Chadha,Toilets locked,SCH0422,,True,,,,True,0.0
INSP01621,01.10.2025,sch_0482,haan,Nahi,Haan,True,0,Darsh Narang,Needs repair,SCH0482,,True,False,True,True,False,0.2857142857142857
INSP02979,08-03-2025,sch0031,1,True,,False,Y,Samesh Dar,Needs repair,SCH0031,,True,True,,False,True,0.14285714285714285
INSP02963,19/08/2025,SCH0398,True,Functional,True,True,No,Anika Pandya,Toilets locked,SCH0398,,True,True,True,True,False,0.14285714285714285
INSP01340,15-Mar-2026,SCH0223,True,True,True,False,True,Lipika Kara,Average,SCH0223,,True,True,True,False,True,0.14285714285714285
INSP02620,09-Feb-2026,0584,True,na,True,False,True,Ucchal Kapur,Needs repair,SCH0584,,True,,True,False,True,0.14285714285714285
INSP00454,22/06/2025,SCH0071,0,,Y,H,Working,Yashvi Talwar,Toilets locked,SCH0071,,False,,True,,True,0.14285714285714285
INSP00914,12/09/2025,SCH0323,Y,True,Yes,Haan,0,Ati Suri,Average,SCH0323,,True,True,True,True,False,0.14285714285714285
INSP02339,01-07-2026,0069,True,Broken,True,True,True,Hritik Dutt,,SCH0069,,True,False,True,True,True,0.14285714285714285
INSP01200,24.06.2025,0009,Hai,,haan,True,False,Janya Murty,Good condition,SCH0009,,True,,True,True,False,0.14285714285714285
INSP01275,2026/03/29,SCH0562,True,Y,Nahi,Nahi,True,Ekanta Mangat,Average,SCH0562,2026-03-29,True,True,False,False,True,0.2857142857142857
INSP02060,12-20-2025,sch0571,na,Hai,False,True,1,Dev Walia,,SCH0571,,,True,False,True,True,0.14285714285714285
INSP00038,16-Aug-2025,sch0496,H,True,Haan,False,H,Deepa Mahal,Needs repair,SCH0496,,,True,True,False,,0.14285714285714285
INSP00975,26/05/2025,SCH0464,Nahi hai,Y,True,True,True,Gaurika Ranganathan,Good condition,SCH0464,,,True,True,True,True,0.0
INSP02912,24/11/2025,SCH0404,Nahi hai,Haan,True,True,Available,Veer Narayanan,Needs repair,SCH0404,,,True,True,True,,0.0
INSP00984,14/10/2025,0114,,H,No,Hai,False,,Needs repair,SCH0114,,,,False,True,False,0.2857142857142857
INSP02014,28/04/2025,SCH0409,Nahi,1,True,Yes,,Kiaan Vaidya,Average,SCH0409,,False,True,True,True,,0.14285714285714285
INSP02120,26-Jul-2025,sch0457,Available,True,True,Not Available,False,Victor Subramaniam,Needs repair,SCH0457,,,True,True,,False,0.14285714285714285
INSP01419,17/02/2026,SCH0280,False,True,H,Working,Kharab,Joshua Korpal,Needs repair,SCH0280,,False,True,,True,False,0.2857142857142857
INSP01285,30/03/2026,sch_0291,True,Kharab,Yes,Yes,na,Yutika Behl,Average,SCH0291,,True,False,True,True,,0.14285714285714285
INSP02162,2025-07-10,SCH0001,True,Yes,1,False,False,Imaran Iyengar,No remarks,SCH0001,,True,True,True,False,False,0.2857142857142857
INSP00040,04-18-2025,sch0180,True,True,True,Under Repair,Functional,Xavier Manda,Needs repair,SCH0180,,True,True,True,,True,0.0
INSP01487,2025-05-18,SCH-0280,Y,haan,True,Y,Working,,,SCH0280,,True,True,True,True,True,0.0
INSP01992,09/06/2025,SCH-0382,H,Available,True,True,0,Indali Gandhi,No remarks,SCH0382,,,,True,True,False,0.14285714285714285
INSP00170,2025-07-04,sch0102,Haan,True,True,True,Hai,Ekani Kaul,Good condition,SCH0102,,True,True,True,True,True,0.0
INSP01356,05-18-2025,S0017,True,Available,0,False,Under Repair,Dipta Kapoor,,SCH0017,,True,,False,False,,0.2857142857142857
INSP00738,2025-08-28,SCH0497,False,True,True,True,Kharab,,Good condition,SCH0497,,False,True,True,True,False,0.2857142857142857
INSP01737,2025-05-10,sch_0181,True,True,True,Haan,False,,,SCH0181,,True,True,True,True,False,0.14285714285714285
INSP02839,11.02.2026,SCH0511,True,True,1,Yes,Haan,Rudra Memon,,SCH0511,,True,True,True,True,True,0.0
INSP01565,26/05/2025,SCH-0533,True,0,True,,True,,Average,SCH0533,,True,False,True,,True,0.14285714285714285
INSP02088,05/03/2026,sch_0087,1,True,haan,True,Y,Rachana Wali,Toilets locked,SCH0087,,True,True,True,True,True,0.0
INSP00635,30.10.2025,SCH-0523,True,True,0,True,na,,,SCH0523,,True,True,False,True,,0.14285714285714285
INSP02785,04-Jul-2025,SCH0067,1,False,True,True,False,Yatin Dara,Average,SCH0067,,True,False,True,True,False,0.2857142857142857
INSP02090,24-Jul-2025,SCH0491,,True,True,Under Repair,0,Jonathan Iyer,Toilets locked,SCH0491,,,True,True,,False,0.14285714285714285
INSP01641,26-Jan-2026,0430,Working,True,N,Nahi hai,True,Darpan Ganesh,Good condition,SCH0430,,True,True,False,,True,0.14285714285714285
INSP01291,29.03.2026,sch0163,,True,na,Hai,Working,Sachi Mahal,,SCH0163,,,True,,True,True,0.0
INSP02461,04/03/2026,S0435,True,True,N,False,Under Repair,Adya Date,No remarks,SCH0435,,True,True,False,False,,0.2857142857142857
INSP01381,2026/02/13,SCH0460,True,haan,0,False,False,Ishaan Sharaf,Good condition,SCH0460,2026-02-13,True,True,False,False,False,0.42857142857142855
INSP00580,2025/04/15,SCH0164,False,Y,False,0,na,Nathan Dhar,Good condition,SCH0164,2025-04-15,False,True,False,False,,0.42857142857142855
INSP00329,2025-12-23,SCH-0294,Available,Y,Functional,True,False,Simon Koshy,No remarks,SCH0294,,,True,True,True,False,0.14285714285714285
INSP01833,17/05/2025,sch_0252,True,Yes,Yes,False,True,Nirja Bhardwaj,Toilets locked,SCH0252,,True,True,True,False,True,0.14285714285714285
INSP00893,02.09.2025,SCH-0062,False,No,True,1,True,Vaishnavi Setty,Toilets locked,SCH0062,,False,False,True,True,True,0.2857142857142857
INSP01144,11.07.2025,sch_0112,N,haan,False,True,False,Utkarsh Mallick,Toilets locked,SCH0112,,False,True,False,True,False,0.42857142857142855
INSP00781,05-09-2025,SCH0441,N,False,Yes,True,haan,Samaksh Shukla,No remarks,SCH0441,,False,False,True,True,True,0.2857142857142857
INSP00160,01-Jan-2026,sch0200,False,False,Y,True,0,Nidra Hayer,No remarks,SCH0200,,False,False,True,True,False,0.42857142857142855
INSP01731,06-22-2025,sch_0149,True,Y,Functional,False,H,Ishani Goel,Toilets locked,SCH0149,,True,True,True,False,,0.14285714285714285
INSP01930,30-Dec-2025,SCH0396,haan,False,True,No,,Madhavi Bassi,Good condition,SCH0396,,True,False,True,False,,0.2857142857142857
INSP02448,28-Jul-2025,SCH0445,Functional,H,Y,False,Nahi,,No remarks,SCH0445,,True,,True,False,False,0.2857142857142857
INSP00062,2026/02/04,sch0502,True,True,Nahi,na,False,Abhiram Gandhi,,SCH0502,2026-02-04,True,True,False,,False,0.2857142857142857
INSP00850,03.07.2025,sch0055,True,False,True,1,False,Niharika Kannan,Toilets locked,SCH0055,,True,False,True,True,False,0.2857142857142857
INSP02246,21-Jun-2025,SCH0081,True,Yes,True,True,Nahi,Upadhriti Chada,Toilets locked,SCH0081,,True,True,True,True,False,0.14285714285714285
INSP02145,07-12-2025,SCH0522,Yes,,False,haan,H,Hemal Contractor,Good condition,SCH0522,,True,,False,True,,0.14285714285714285
INSP02852,2026-01-11,SCH0050,1,Hai,Yes,,N,Hardik Venkatesh,,SCH0050,,True,True,True,,False,0.14285714285714285
INSP01597,10/01/2026,SCH0326,Yes,,False,True,False,Aashi Bassi,Toilets locked,SCH0326,,True,,False,True,False,0.2857142857142857
INSP01044,2026/03/16,S0066,haan,True,H,H,Y,Chandresh Varghese,Toilets locked,SCH0066,2026-03-16,True,True,,,True,0.0
INSP02984,05-15-2025,SCH-0311,True,haan,Available,Yes,1,Bishakha Sood,No remarks,SCH0311,,True,True,,True,True,0.0
INSP01545,2025-10-24,SCH0116,False,True,True,Nahi hai,Kharab,Rayaan Chauhan,Average,SCH0116,,False,True,True,,False,0.2857142857142857
INSP02100,2025-08-05,0194,Functional,True,True,False,False,Priya Tank,Needs repair,SCH0194,,True,True,True,False,False,0.2857142857142857
INSP00496,23-Jan-2026,SCH-0380,Yes,Haan,False,N,Hai,Sanya Bava,Toilets locked,SCH0380,,True,True,False,False,True,0.2857142857142857
INSP01071,2025-05-25,SCH-0456,haan,True,False,True,Hai,Daniel Oak,No remarks,SCH0456,,True,True,False,True,True,0.14285714285714285
INSP00054,12/04/2025,SCH0271,Yes,Functional,Hai,True,No,,Toilets locked,SCH0271,,True,True,True,True,False,0.14285714285714285
INSP02672,2025-10-29,SCH0229,,Yes,True,True,True,Ekani Devi,Needs repair,SCH0229,,,True,True,True,True,0.0
INSP00259,10-28-2025,0392,True,Y,H,N,No,Baghyawati Mani,Toilets locked,SCH0392,,True,True,,False,False,0.2857142857142857
INSP00506,21-Jan-2026,S0207,True,Yes,Y,,,Vansha Chaudhary,Toilets locked,SCH0207,,True,True,True,,,0.0
INSP00753,2025-09-19,sch0109,True,True,True,na,True,Mahika Sabharwal,Needs repair,SCH0109,,True,True,True,,True,0.0
INSP02402,30-Mar-2026,SCH0033,1,Haan,haan,,False,Indrajit Sarma,Needs repair,SCH0033,,True,True,True,,False,0.14285714285714285
INSP00218,04-19-2025,SCH-0457,True,Y,1,True,haan,Tanvi Ramakrishnan,Good condition,SCH0457,,True,True,True,True,True,0.0
INSP00825,19-Oct-2025,SCH0152,True,True,False,Hai,False,Qabil Khanna,Average,SCH0152,,True,True,False,True,False,0.2857142857142857
INSP01962,2026/02/01,S0172,True,Y,,False,False,Chatura Bassi,Toilets locked,SCH0172,2026-02-01,True,True,,False,False,0.2857142857142857
INSP02373,2026-02-22,SCH-0532,Nahi,Yes,Available,No,True,,Toilets locked,SCH0532,,False,True,,False,True,0.2857142857142857
INSP02397,15-May-2025,SCH0095,Yes,True,True,,Nahi,Kamya Virk,Average,SCH0095,,True,True,True,,False,0.14285714285714285
INSP01390,2025/06/20,SCH0390,True,Y,No,True,False,Inaya Grewal,Good condition,SCH0390,2025-06-20,True,True,False,True,False,0.2857142857142857
INSP02633,05.08.2025,SCH-0174,,1,haan,False,haan,Champak Chander,Average,SCH0174,,,True,True,False,True,0.14285714285714285
INSP01267,09/10/2025,SCH0343,True,True,Haan,Working,Functional,Amrita Buch,Toilets locked,SCH0343,,True,True,True,True,True,0.0
INSP02594,2025/06/24,sch0107,H,True,True,True,Nahi,Daksh Oza,No remarks,SCH0107,2025-06-24,,True,True,True,False,0.14285714285714285
INSP01910,05-04-2025,SCH0439,True,False,Haan,No,0,Baljiwan Kunda,Good condition,SCH0439,,True,False,True,False,False,0.42857142857142855
INSP01599,02-18-2026,sch0303,True,True,Yes,False,True,Balvan Naik,Needs repair,SCH0303,,True,True,True,False,True,0.14285714285714285
INSP02160,2025-05-07,SCH0594,Hai,Yes,True,No,False,Vrishti Dhaliwal,Toilets locked,SCH0594,,True,True,True,False,False,0.2857142857142857
INSP01608,05.09.2025,sch_0367,1,N,True,True,Not Available,Bakhshi Sani,,SCH0367,,True,False,True,True,,0.14285714285714285
INSP01830,11-Sep-2025,SCH0390,,Working,Yes,,True,Yauvani Mani,Average,SCH0390,,,True,True,,True,0.0
INSP00772,2025/12/12,sch_0104,Working,Functional,True,Under Repair,Y,Finn Bath,Good condition,SCH0104,2025-12-12,True,True,True,,True,0.0
INSP02945,2025/11/11,sch0551,False,,True,False,No,Aayush Vora,Toilets locked,SCH0551,2025-11-11,False,,True,False,False,0.42857142857142855
INSP01961,2025-08-01,SCH-0007,Hai,Yes,1,True,False,,No remarks,SCH0007,,True,True,True,True,False,0.14285714285714285
INSP02823,29.07.2025,sch0587,True,True,False,True,N,Kashvi Sarin,Toilets locked,SCH0587,,True,True,False,True,False,0.2857142857142857
INSP01086,2025-11-19,sch0383,Available,True,True,,False,Meera Narain,,SCH0383,,,True,True,,False,0.14285714285714285
INSP02250,2025-08-27,SCH-0023,True,,True,Y,na,Jagvi Bhardwaj,,SCH0023,,True,,True,True,,0.0
INSP02347,2026-02-14,sch_0556,True,H,True,Yes,True,Aadhya Ramanathan,Good condition,SCH0556,,True,,True,True,True,0.0
INSP01326,2025-05-19,SCH0360,,1,Working,False,False,Vihaan Soman,Needs repair,SCH0360,,,True,True,False,False,0.2857142857142857
INSP02235,01-18-2026,SCH0014,True,,True,0,Nahi hai,,No remarks,SCH0014,,True,,True,False,,0.14285714285714285
INSP01742,03-09-2026,SCH-0501,True,Functional,Y,Broken,True,Ojasvi Nigam,Average,SCH0501,,True,True,True,False,True,0.14285714285714285
INSP01913,2025-08-09,SCH0553,H,1,True,True,False,,No remarks,SCH0553,,,True,True,True,False,0.14285714285714285
INSP02363,2026/03/26,0076,Hai,Y,1,False,True,Azaan Rastogi,Needs repair,SCH0076,2026-03-26,True,True,True,False,True,0.14285714285714285
INSP01404,2025-09-23,SCH0083,1,True,,Hai,Hai,Warinder Kari,Good condition,SCH0083,,True,True,,True,True,0.0
INSP02994,18/12/2025,SCH0150,Hai,True,False,False,True,Rachana Seth,Needs repair,SCH0150,,True,True,False,False,True,0.2857142857142857
INSP02366,2025/05/09,sch_0436,False,True,Working,False,False,Xiti Sandhu,Toilets locked,SCH0436,2025-05-09,False,True,True,False,False,0.42857142857142855
INSP01914,11-22-2025,SCH0444,Working,Nahi,No,False,0,Zashil Bora,,SCH0444,,True,False,False,False,False,0.5714285714285714
INSP01164,2025/05/10,sch0456,Functional,Haan,1,0,False,Finn Jhaveri,No remarks,SCH0456,2025-05-10,True,True,True,False,False,0.2857142857142857
INSP00964,04-10-2025,sch_0430,True,,True,1,0,Chakradev Loke,Toilets locked,SCH0430,,True,,True,True,False,0.14285714285714285
INSP02426,2025/07/14,SCH-0567,True,False,True,Available,Y,Jack Thaker,Average,SCH0567,2025-07-14,True,False,True,,True,0.14285714285714285
INSP02564,28/09/2025,sch_0114,Under Repair,True,True,True,False,Bahadurjit Ben,,SCH0114,,,True,True,True,False,0.14285714285714285
INSP00399,15/05/2025,SCH0555,False,Working,True,True,na,Jonathan Sharma,Toilets locked,SCH0555,,False,True,True,True,,0.14285714285714285
INSP00585,2026-03-02,sch0495,na,True,Hai,Nahi hai,Working,Agastya Varma,Toilets locked,SCH0495,,,True,True,,True,0.0
INSP00949,01/11/2025,sch0136,Haan,True,True,haan,Yes,Parth Wagle,Good condition,SCH0136,,True,True,True,True,True,0.0
INSP00705,2025-12-05,sch_0266,True,Available,True,Haan,na,Kiaan Date,No remarks,SCH0266,,True,,True,True,,0.0
INSP00432,2026/01/28,SCH0254,True,True,Yes,1,False,Max Bath,Good condition,SCH0254,2026-01-28,True,True,True,True,False,0.14285714285714285
INSP01689,27/04/2025,SCH0130,H,Nahi,True,False,Yes,Libni Agarwal,No remarks,SCH0130,,,False,True,False,True,0.2857142857142857
INSP00293,2025/08/23,sch_0064,True,H,Haan,True,Working,Warinder Sachar,Needs repair,SCH0064,2025-08-23,True,,True,True,True,0.0
INSP00146,07-Jul-2025,SCH0518,Hai,Available,False,False,0,Xiti Rege,Toilets locked,SCH0518,,True,,False,False,False,0.42857142857142855
INSP00324,22-Jan-2026,SCH0564,True,True,False,H,na,Max Garg,Needs repair,SCH0564,,True,True,False,,,0.14285714285714285
INSP02723,05-07-2025,SCH-0103,1,True,True,True,Nahi,Theodore Sidhu,Needs repair,SCH0103,,True,True,True,True,False,0.14285714285714285
INSP02224,11/07/2025,SCH0536,H,True,True,True,False,Amrita Raju,,SCH0536,,,True,True,True,False,0.14285714285714285
INSP01166,16-Jul-2025,SCH0067,True,Broken,True,True,True,,Toilets locked,SCH0067,,True,False,True,True,True,0.14285714285714285
INSP01453,17.04.2025,SCH0029,Yes,True,False,True,False,Nathan Shenoy,Needs repair,SCH0029,,True,True,False,True,False,0.2857142857142857
INSP00003,04-06-2025,SCH-0568,,False,Available,Haan,N,Azad Pingle,Good condition,SCH0568,,,False,,True,False,0.2857142857142857
INSP01713,2025-12-11,SCH0300,Yes,H,True,True,haan,Kritika Wason,Toilets locked,SCH0300,,True,,True,True,True,0.0
INSP00577,2026/02/25,SCH0536,N,H,haan,True,,Krish Manda,No remarks,SCH0536,2026-02-25,False,,True,True,,0.14285714285714285
INSP02424,10-Dec-2025,sch_0296,False,1,False,True,0,Ekaja Madan,Needs repair,SCH0296,,False,True,False,True,False,0.42857142857142855
INSP00340,10-Jan-2026,SCH0300,Haan,False,True,Y,True,Neha Devi,Average,SCH0300,,True,False,True,True,True,0.14285714285714285
INSP02903,18.11.2025,SCH-0450,Available,True,Y,Hai,Functional,Yug Nair,Average,SCH0450,,,True,True,True,True,0.0
INSP02479,02/05/2025,sch_0326,1,Hai,Haan,False,Under Repair,Upadhriti Chander,No remarks,SCH0326,,True,True,True,False,,0.14285714285714285
INSP00926,2025/04/16,sch_0403,True,Available,Available,True,Y,Yadavi Madan,Needs repair,SCH0403,2025-04-16,True,,,True,True,0.0
INSP00266,2025/04/12,S0237,True,Working,True,False,na,Manthan Bal,Good condition,SCH0237,2025-04-12,True,True,True,False,,0.14285714285714285
INSP00377,2025-10-29,SCH0050,Haan,False,0,na,Nahi hai,,No remarks,SCH0050,,True,False,False,,,0.2857142857142857
INSP02469,2025/09/25,sch_0037,,Yes,False,True,0,Anamika Kunda,Average,SCH0037,2025-09-25,,True,False,True,False,0.2857142857142857
INSP01464,11-11-2025,SCH0070,Haan,haan,True,Functional,Haan,Dakshesh Memon,Good condition,SCH0070,,True,True,True,True,True,0.0
INSP00272,2025-10-25,S0239,Functional,Yes,True,False,True,Jasmit Sampath,No remarks,SCH0239,,True,True,True,False,True,0.14285714285714285
INSP00697,01-21-2026,SCH-0010,H,H,N,Hai,Nahi,Parth Natt,No remarks,SCH0010,,,,False,True,False,0.2857142857142857
INSP00756,24/10/2025,sch0489,,haan,Functional,False,False,Suhani Baral,Toilets locked,SCH0489,,,True,True,False,False,0.2857142857142857
INSP00245,2026-02-22,SCH0474,True,True,False,Kharab,False,Rudra Jha,Good condition,SCH0474,,True,True,False,False,False,0.42857142857142855
INSP02956,10-15-2025,sch_0368,True,Yes,False,Hai,0,Quincy Bath,No remarks,SCH0368,,True,True,False,True,False,0.2857142857142857
INSP00477,26.05.2025,0505,Nahi hai,1,True,Available,,Manya Mani,Toilets locked,SCH0505,,,True,True,,,0.0
INSP02011,2025/07/05,SCH-0120,H,1,True,Available,Haan,Varsha Gupta,Average,SCH0120,2025-07-05,,True,True,,True,0.0
INSP01922,06-02-2025,sch_0228,True,1,True,True,Working,,Needs repair,SCH0228,,True,True,True,True,True,0.0
INSP00814,06/03/2026,SCH0221,Hai,,True,Hai,True,Ayushman Parmar,Good condition,SCH0221,,True,,True,True,True,0.0
INSP01872,2025-10-06,SCH0184,True,1,haan,False,True,Ekanta Bose,Needs repair,SCH0184,,True,True,True,False,True,0.14285714285714285
INSP02669,2026-01-11,SCH0505,0,False,True,True,False,Harinakshi Contractor,Good condition,SCH0505,,False,False,True,True,False,0.42857142857142855
INSP02926,09-25-2025,SCH-0064,Nahi,True,H,Available,Y,,Needs repair,SCH0064,,False,True,,,True,0.14285714285714285
INSP02176,22.02.2026,0155,True,Available,1,1,False,Netra Sule,No remarks,SCH0155,,True,,True,True,False,0.14285714285714285
INSP01165,2025-08-21,sch0463,No,True,True,na,H,,Toilets locked,SCH0463,,False,True,True,,,0.14285714285714285
INSP02289,03-25-2026,sch_0210,Yes,True,Available,Functional,Yes,Chandresh Mahal,Needs repair,SCH0210,,True,True,,True,True,0.0
INSP00251,09.04.2025,SCH0554,True,Y,False,Yes,Y,Laban Saini,Toilets locked,SCH0554,,True,True,False,True,True,0.14285714285714285
INSP00414,17.03.2026,0401,True,Haan,Yes,N,False,Ekapad Sibal,Toilets locked,SCH0401,,True,True,True,False,False,0.2857142857142857
INSP00546,2025/06/09,sch_0219,Yes,Functional,True,,N,,Good condition,SCH0219,2025-06-09,True,True,True,,False,0.14285714285714285
INSP01194,21/07/2025,SCH0231,H,Hai,Nahi hai,True,True,Pranav Sagar,Average,SCH0231,,,True,,True,True,0.0
INSP00739,12-Apr-2025,S0583,False,True,H,Working,Y,Sai Issac,Good condition,SCH0583,,False,True,,True,True,0.14285714285714285
INSP00311,2025-11-22,SCH0143,N,Yes,True,Haan,True,Divya Sankaran,,SCH0143,,False,True,True,True,True,0.14285714285714285
INSP01375,29.09.2025,SCH0310,True,True,,Haan,True,Ojas Mohanty,No remarks,SCH0310,,True,True,,True,True,0.0
INSP00894,14/10/2025,SCH-0347,H,True,True,False,Hai,Sarthak Dey,Good condition,SCH0347,,,True,True,False,True,0.14285714285714285
INSP01132,22.10.2025,SCH0317,Working,Haan,Y,Available,False,Akshay Magar,Average,SCH0317,,True,True,True,,False,0.14285714285714285
INSP01450,12-07-2025,SCH-0147,H,True,False,na,No,Lakshmi Mandal,Needs repair,SCH0147,,,True,False,,False,0.2857142857142857
INSP02112,28-Sep-2025,sch_0265,False,1,Y,Hai,True,Jhalak Vig,Toilets locked,SCH0265,,False,True,True,True,True,0.14285714285714285
INSP00016,05-16-2025,SCH0028,Functional,True,Yes,Haan,Yes,Nidhi Kadakia,Good condition,SCH0028,,True,True,True,True,True,0.0
INSP02109,2025-07-21,S0122,True,,Functional,False,1,Nirja Bassi,Toilets locked,SCH0122,,True,,True,False,True,0.14285714285714285
INSP00722,09/06/2025,S0212,True,haan,True,Y,True,,Needs repair,SCH0212,,True,True,True,True,True,0.0
INSP01421,2025/04/08,SCH-0352,True,False,True,Nahi,N,Diya Guha,Average,SCH0352,2025-04-08,True,False,True,False,False,0.42857142857142855
INSP02770,2026-01-14,0119,Hai,True,True,na,False,Yamini Agate,Toilets locked,SCH0119,,True,True,True,,False,0.14285714285714285
INSP00982,2025-07-31,SCH-0128,False,,True,0,False,Aarini Atwal,No remarks,SCH0128,,False,,True,False,False,0.42857142857142855
INSP02219,05-23-2025,SCH-0159,Hai,True,Y,False,True,Ekbal Bakshi,Average,SCH0159,,True,True,True,False,True,0.14285714285714285
INSP01540,21.07.2025,SCH0559,,True,0,True,True,Faqid Kapur,Needs repair,SCH0559,,,True,False,True,True,0.14285714285714285
INSP02662,03/02/2026,sch_0122,Working,True,1,N,False,Janya Joshi,Needs repair,SCH0122,,True,True,True,False,False,0.2857142857142857
INSP01551,2025/06/20,SCH0096,na,True,True,False,True,Ekavir Mallick,Needs repair,SCH0096,2025-06-20,,True,True,False,True,0.14285714285714285
INSP02548,2025-05-31,SCH0033,N,True,False,Hai,haan,Odika Nori,,SCH0033,,False,True,False,True,True,0.2857142857142857
INSP00364,10-22-2025,sch0100,True,True,True,True,True,Aachal Toor,No remarks,SCH0100,,True,True,True,True,True,0.0
INSP00983,26.01.2026,sch_0584,Functional,Hai,True,True,False,Ridhi Pathak,Toilets locked,SCH0584,,True,True,True,True,False,0.14285714285714285
INSP00183,2025-04-01,SCH0257,True,True,1,False,Available,Meghana Chowdhury,,SCH0257,,True,True,True,False,,0.14285714285714285
INSP00986,2025-10-28,SCH0122,,,Hai,False,Broken,Yatan Prabhu,Needs repair,SCH0122,,,,True,False,False,0.2857142857142857
INSP01271,12-29-2025,SCH0557,True,True,N,True,False,Onkar Behl,Toilets locked,SCH0557,,True,True,False,True,False,0.2857142857142857
INSP01195,2026/03/26,SCH0070,haan,Functional,True,1,False,Yashasvi Ahluwalia,Good condition,SCH0070,2026-03-26,True,True,True,True,False,0.14285714285714285
INSP01974,10-14-2025,SCH0275,haan,True,,False,True,Bahadurjit Mallick,Average,SCH0275,,True,True,,False,True,0.14285714285714285
INSP01870,2025/07/23,SCH-0173,Working,Y,True,False,0,,No remarks,SCH0173,2025-07-23,True,True,True,False,False,0.2857142857142857
INSP01122,05/12/2025,SCH0157,True,True,na,Nahi,False,,Good condition,SCH0157,,True,True,,False,False,0.2857142857142857
INSP00188,18-Apr-2025,sch_0509,True,True,Hai,na,Kharab,Ekansh Dayal,No remarks,SCH0509,,True,True,True,,False,0.14285714285714285
INSP00620,18.06.2025,sch0368,True,True,True,False,No,Timothy Balasubramanian,Toilets locked,SCH0368,,True,True,True,False,False,0.2857142857142857
INSP02899,02/05/2025,S0154,False,1,True,Yes,False,Urvashi Barad,,SCH0154,,False,True,True,True,False,0.2857142857142857
INSP01176,13-Jun-2025,sch_0345,False,True,True,haan,Yes,Yug Parsa,,SCH0345,,False,True,True,True,True,0.14285714285714285
INSP01183,03-Sep-2025,SCH0133,True,True,Yes,Functional,1,Zilmil Doshi,Average,SCH0133,,True,True,True,True,True,0.0
INSP02508,2025/04/19,SCH0566,Haan,True,True,,Nahi hai,Tanay Sahota,No remarks,SCH0566,2025-04-19,True,True,True,,,0.0
INSP02320,10.11.2025,SCH0277,No,Working,True,True,Yes,Ati Sama,Good condition,SCH0277,,False,True,True,True,True,0.14285714285714285
INSP00615,20/07/2025,SCH0372,H,Functional,Yes,Under Repair,Yes,Nandini Golla,Good condition,SCH0372,,,True,True,,True,0.0
INSP01514,10/09/2025,SCH-0402,No,Functional,True,Nahi,True,Vivaan Bhattacharyya,Average,SCH0402,,False,True,True,False,True,0.2857142857142857
INSP01467,28/12/2025,SCH0368,True,,Available,Y,False,,Average,SCH0368,,True,,,True,False,0.14285714285714285
INSP00402,31.08.2025,S0357,True,Hai,True,Haan,False,Siddharth Sethi,Average,SCH0357,,True,True,True,True,False,0.14285714285714285
INSP00995,2026-01-14,SCH0031,True,False,haan,Broken,Nahi,Rajata Dhaliwal,Toilets locked,SCH0031,,True,False,True,False,False,0.42857142857142855
INSP00935,22.02.2026,S0364,False,False,True,True,True,Ronith Gole,Average,SCH0364,,False,False,True,True,True,0.2857142857142857
INSP00372,24.05.2025,S0315,True,Haan,Haan,True,No,,Needs repair,SCH0315,,True,True,True,True,False,0.14285714285714285
INSP02091,2025-06-13,0199,True,True,True,False,False,,No remarks,SCH0199,,True,True,True,False,False,0.2857142857142857
INSP02284,2025-08-04,SCH0556,True,haan,H,False,True,Samesh Gulati,Good condition,SCH0556,,True,True,,False,True,0.14285714285714285
INSP00594,20-Mar-2026,SCH0203,Yes,Y,Hai,Working,Yes,Raghav Chaudhuri,Toilets locked,SCH0203,,True,True,True,True,True,0.0
INSP02829,2025-07-12,sch0491,True,na,True,True,False,Januja Pal,,SCH0491,,True,,True,True,False,0.14285714285714285
INSP00727,2025-11-09,SCH0022,True,True,True,True,1,Unni Sama,No remarks,SCH0022,,True,True,True,True,True,0.0
INSP00827,29-Jun-2025,SCH-0080,,Haan,H,Kharab,True,Aditya Vyas,No remarks,SCH0080,,,True,,False,True,0.14285714285714285
INSP01869,2025/09/01,SCH0394,Working,Haan,,,True,Yash Nadig,Needs repair,SCH0394,2025-09-01,True,True,,,True,0.0
INSP00688,19.12.2025,SCH0141,Yes,Y,True,False,Nahi hai,Rayaan Sundaram,No remarks,SCH0141,,True,True,True,False,,0.14285714285714285
INSP02335,2025/10/26,SCH0107,Hai,True,Available,Hai,False,Faqid Amble,Average,SCH0107,2025-10-26,True,True,,True,False,0.14285714285714285
INSP00137,04-17-2025,sch_0237,Functional,Available,False,True,0,Leela Mangal,Toilets locked,SCH0237,,True,,False,True,False,0.2857142857142857
INSP02577,01.03.2026,SCH-0184,1,1,True,False,True,,Average,SCH0184,,True,True,True,False,True,0.14285714285714285
INSP00629,2026/02/26,SCH-0035,True,True,Hai,Y,False,,Good condition,SCH0035,2026-02-26,True,True,True,True,False,0.14285714285714285
INSP00335,2026/03/29,SCH-0248,False,Y,Nahi,Working,False,Christopher Yadav,Good condition,SCH0248,2026-03-29,False,True,False,True,False,0.42857142857142855
INSP01806,24/11/2025,SCH-0102,True,na,True,Hai,True,Aadhya Lad,Toilets locked,SCH0102,,True,,True,True,True,0.0
INSP00391,2025-08-16,sch0600,Kharab,Y,1,Hai,False,Forum Shetty,No remarks,SCH0600,,False,True,True,True,False,0.2857142857142857
INSP02934,14.03.2026,SCH-0535,True,H,False,No,N,,Average,SCH0535,,True,,False,False,False,0.42857142857142855
INSP01110,2025/07/20,SCH-0391,True,True,True,False,Nahi,Adya Gara,Good condition,SCH0391,2025-07-20,True,True,True,False,False,0.2857142857142857
INSP01938,20/12/2025,SCH0150,haan,Yes,H,False,False,Arin Nagi,,SCH0150,,True,True,,False,False,0.2857142857142857
INSP01818,26-Jun-2025,SCH0211,Yes,Yes,Y,Yes,No,Krisha Sabharwal,Average,SCH0211,,True,True,True,True,False,0.14285714285714285
INSP02838,12-07-2025,S0170,False,Y,,Nahi hai,N,Divya Bhalla,Needs repair,SCH0170,,False,True,,,False,0.2857142857142857
INSP00711,2025-12-26,SCH-0513,True,No,Yes,True,No,,Average,SCH0513,,True,False,True,True,False,0.2857142857142857
INSP01040,2025-08-27,sch0348,Haan,Working,haan,True,True,,Toilets locked,SCH0348,,True,True,True,True,True,0.0
INSP02072,06-26-2025,0032,True,True,H,False,Hai,Warjas Doshi,Good condition,SCH0032,,True,True,,False,True,0.14285714285714285
INSP02874,24-Jul-2025,SCH0443,Haan,True,Y,Broken,False,Bhavika Om,Toilets locked,SCH0443,,True,True,True,False,False,0.2857142857142857
INSP02729,25.09.2025,SCH0355,Y,True,Hai,,False,Ganga Shere,Toilets locked,SCH0355,,True,True,True,,False,0.14285714285714285
INSP01562,04-08-2025,SCH0372,True,True,False,na,,Pooja Gill,Toilets locked,SCH0372,,True,True,False,,,0.14285714285714285
INSP02898,25/11/2025,sch_0095,Y,False,Working,na,False,Max Dewan,Good condition,SCH0095,,True,False,True,,False,0.2857142857142857
INSP01595,26.07.2025,SCH-0538,,True,Hai,True,,Ira Bala,Good condition,SCH0538,,,True,True,True,,0.0
INSP02991,23-Nov-2025,SCH-0205,Yes,,False,False,Functional,Avi Vig,No remarks,SCH0205,,True,,False,False,True,0.2857142857142857
INSP02652,2025-04-22,SCH-0019,True,False,Hai,Working,Y,Ayush Mangat,,SCH0019,,True,False,True,True,True,0.14285714285714285
INSP01113,17/07/2025,S0319,1,True,Functional,True,,,Toilets locked,SCH0319,,True,True,True,True,,0.0
INSP00466,2026/01/16,sch_0397,True,True,,Y,1,Ojas Behl,,SCH0397,2026-01-16,True,True,,True,True,0.0
INSP01561,05-01-2025,0306,False,1,True,No,na,Gautam Sahota,Needs repair,SCH0306,,False,True,True,False,,0.2857142857142857
INSP01224,02-18-2026,SCH0144,Y,True,False,True,No,Forum Minhas,,SCH0144,,True,True,False,True,False,0.2857142857142857
INSP02111,15-Apr-2025,SCH0214,,Available,True,True,True,Radha Prabhu,,SCH0214,,,,True,True,True,0.0
INSP02133,12-Jan-2026,SCH0367,Available,False,True,Under Repair,Nahi,Krishna Viswanathan,Toilets locked,SCH0367,,,False,True,,False,0.2857142857142857
INSP02472,02-Dec-2025,sch_0430,True,1,Nahi,1,True,Wakeeta Dey,,SCH0430,,True,True,False,True,True,0.14285714285714285
INSP01509,15/10/2025,SCH0292,haan,na,True,na,True,,Good condition,SCH0292,,True,,True,,True,0.0
INSP02716,2026-01-09,sch0120,True,True,True,False,,,No remarks,SCH0120,,True,True,True,False,,0.14285714285714285
INSP01105,06-05-2025,SCH0153,True,False,Working,True,Hai,Dalbir Sur,Average,SCH0153,,True,False,True,True,True,0.14285714285714285
INSP00661,28.08.2025,sch0276,Y,Y,True,False,True,Bhavika Venkataraman,Good condition,SCH0276,,True,True,True,False,True,0.14285714285714285
INSP01270,2025/11/11,SCH0056,True,Available,True,True,Yes,Jeevika Gola,Good condition,SCH0056,2025-11-11,True,,True,True,True,0.0
INSP00339,2025/08/15,SCH0493,False,Working,Y,True,Not Available,Maanav Luthra,No remarks,SCH0493,2025-08-15,False,True,True,True,,0.14285714285714285
INSP00216,03-Aug-2025,SCH-0545,,False,Nahi hai,True,False,Mohammed Varghese,,SCH0545,,,False,,True,False,0.2857142857142857
INSP01616,06-09-2025,SCH0081,True,Nahi,H,N,1,Nisha Wason,,SCH0081,,True,False,,False,True,0.2857142857142857
INSP01342,31-Mar-2026,sch_0330,Yes,Haan,1,True,False,Jatin Date,,SCH0330,,True,True,True,True,False,0.14285714285714285
INSP02646,06-Sep-2025,0226,False,Y,haan,No,Broken,Chaman Maharaj,Average,SCH0226,,False,True,True,False,False,0.42857142857142855
INSP02965,21.07.2025,sch0460,1,Functional,Haan,Kharab,False,Jagdish Bakshi,Toilets locked,SCH0460,,True,True,True,False,False,0.2857142857142857
INSP02947,27-Aug-2025,SCH0146,Kharab,Working,True,True,N,Charles Balasubramanian,,SCH0146,,False,True,True,True,False,0.2857142857142857
INSP01847,10/07/2025,S0469,Haan,True,Y,Broken,Available,Quincy Pau,,SCH0469,,True,True,True,False,,0.14285714285714285
INSP01593,2025/10/05,sch0436,Working,True,Not Available,1,False,Janaki Jhaveri,Toilets locked,SCH0436,2025-10-05,True,True,,True,False,0.14285714285714285
INSP02047,19.04.2025,SCH0114,True,,True,,True,Aryan Sachdeva,Good condition,SCH0114,,True,,True,,True,0.0
INSP00451,2025-07-15,0490,True,True,N,Nahi hai,na,Qushi Tella,Average,SCH0490,,True,True,False,,,0.14285714285714285
INSP02654,07/04/2025,SCH0489,True,True,Y,Nahi hai,Haan,Hardik Bhatia,Good condition,SCH0489,,True,True,True,,True,0.0
INSP00817,2025-06-07,SCH0301,na,Yes,Haan,True,True,Ayushman Viswanathan,No remarks,SCH0301,,,True,True,True,True,0.0
INSP01068,13/08/2025,sch0086,True,1,True,,Available,Balveer Jhaveri,,SCH0086,,True,True,True,,,0.0
INSP02139,04/03/2026,sch0067,Available,True,,False,True,Widisha Badal,Good condition,SCH0067,,,True,,False,True,0.14285714285714285
INSP00275,2026/02/06,SCH0351,False,True,Functional,True,Yes,Advik Baria,,SCH0351,2026-02-06,False,True,True,True,True,0.14285714285714285
INSP02367,23-May-2025,S0095,Functional,Y,0,True,Hai,Alka Comar,Needs repair,SCH0095,,True,True,False,True,True,0.14285714285714285
INSP00866,05-Jan-2026,0103,0,haan,True,True,True,Zehaan Nigam,Needs repair,SCH0103,,False,True,True,True,True,0.14285714285714285
INSP00102,2025/12/08,S0332,True,True,Working,Available,True,Jalsa Kumer,Needs repair,SCH0332,2025-12-08,True,True,True,,True,0.0
INSP01502,01.12.2025,sch_0258,Haan,Yes,True,False,True,Arunima Ramakrishnan,Good condition,SCH0258,,True,True,True,False,True,0.14285714285714285
INSP02938,11-Mar-2026,SCH0014,True,Y,H,False,False,Nidra Barad,Toilets locked,SCH0014,,True,True,,False,False,0.2857142857142857
INSP00172,01/04/2025,SCH0334,Nahi,True,True,na,False,Ria Palla,,SCH0334,,False,True,True,,False,0.2857142857142857
INSP00108,07/07/2025,SCH0568,Y,True,,Haan,No,Januja Patla,Good condition,SCH0568,,True,True,,True,False,0.14285714285714285
INSP02217,01-May-2025,SCH0552,Haan,Yes,True,,False,Girik Prashad,Toilets locked,SCH0552,,True,True,True,,False,0.14285714285714285
INSP01522,11-11-2025,SCH-0384,True,haan,Haan,True,False,Amol Khalsa,,SCH0384,,True,True,True,True,False,0.14285714285714285
INSP00197,2026-01-14,SCH0416,H,False,,Functional,True,Rajata Sarraf,Average,SCH0416,,,False,,True,True,0.14285714285714285
INSP01827,2025-09-08,sch0231,No,True,True,N,Yes,Omaja Bhatnagar,Average,SCH0231,,False,True,True,False,True,0.2857142857142857
INSP02322,24/03/2026,sch_0304,True,Yes,haan,na,na,Nathan Pathak,Needs repair,SCH0304,,True,True,True,,,0.0
INSP02114,2025-10-24,SCH-0388,Nahi,haan,Hai,N,na,,,SCH0388,,False,True,True,False,,0.2857142857142857
INSP01968,05/12/2025,SCH0096,haan,Hai,False,Haan,True,Upma Kulkarni,Needs repair,SCH0096,,True,True,False,True,True,0.14285714285714285
INSP02416,2025-09-03,sch0285,H,True,False,True,Nahi,Varsha Manda,Toilets locked,SCH0285,,,True,False,True,False,0.2857142857142857
INSP02121,27-Jul-2025,SCH0414,Haan,False,True,haan,Nahi hai,Ayush Deo,No remarks,SCH0414,,True,False,True,True,,0.14285714285714285
INSP02374,17.05.2025,sch_0485,False,True,Nahi hai,True,True,Anirudh Korpal,Average,SCH0485,,False,True,,True,True,0.14285714285714285
INSP02464,29/08/2025,S0273,False,True,True,True,True,Baghyawati Sen,Needs repair,SCH0273,,False,True,True,True,True,0.14285714285714285
INSP02708,26-May-2025,sch0014,False,H,False,N,,Ishanvi Viswanathan,Toilets locked,SCH0014,,False,,False,False,,0.42857142857142855
INSP01963,20/03/2026,SCH0429,True,1,False,True,False,Eshana Singh,No remarks,SCH0429,,True,True,False,True,False,0.2857142857142857
INSP00296,2026-01-05,sch0300,Haan,H,False,,Working,Jason Randhawa,,SCH0300,,True,,False,,True,0.14285714285714285
INSP00713,04/01/2026,SCH0059,,False,False,Haan,Y,Viraj Mitra,Needs repair,SCH0059,,,False,False,True,True,0.2857142857142857
INSP00073,2025/11/06,SCH0560,Nahi,Available,Y,,True,Ishanvi Mander,Average,SCH0560,2025-11-06,False,,True,,True,0.14285714285714285
INSP01525,13/05/2025,SCH0353,True,Nahi,Y,na,True,Timothy Borra,Average,SCH0353,,True,False,True,,True,0.14285714285714285
INSP02393,2026-02-06,SCH0328,False,True,Yes,False,H,Orinder Subramanian,Toilets locked,SCH0328,,False,True,True,False,,0.2857142857142857
INSP02980,21/12/2025,SCH-0481,False,False,True,Y,True,Prisha Kaur,Good condition,SCH0481,,False,False,True,True,True,0.2857142857142857
INSP01242,31.12.2025,SCH-0386,False,True,True,True,0,Abha Bal,Average,SCH0386,,False,True,True,True,False,0.2857142857142857
INSP00482,02-12-2026,SCH0092,True,H,True,Kharab,True,Tejas Maharaj,Good condition,SCH0092,,True,,True,False,True,0.14285714285714285
INSP02338,21.05.2025,SCH0542,True,Functional,True,Yes,True,Mason Bhavsar,Needs repair,SCH0542,,True,True,True,True,True,0.0
INSP01531,04-12-2025,SCH0509,na,True,,False,True,Saksham Bera,No remarks,SCH0509,,,True,,False,True,0.14285714285714285
INSP02686,2025-04-20,SCH0243,False,True,Haan,True,Nahi,Vedant Som,Needs repair,SCH0243,,False,True,True,True,False,0.2857142857142857
INSP01873,08.03.2026,sch0165,haan,True,Available,True,Y,,Good condition,SCH0165,,True,True,,True,True,0.0
INSP01515,11.07.2025,SCH0029,False,True,True,False,True,Omkaar Krishnan,Average,SCH0029,,False,True,True,False,True,0.2857142857142857
INSP00332,20-Aug-2025,SCH-0450,1,True,True,True,haan,Fiyaz Chanda,Average,SCH0450,,True,True,True,True,True,0.0
INSP01763,07-02-2025,0420,True,True,No,False,True,,Good condition,SCH0420,,True,True,False,False,True,0.2857142857142857
INSP01491,12.11.2025,SCH0230,,False,True,False,True,Harsh Sagar,No remarks,SCH0230,,,False,True,False,True,0.2857142857142857
INSP01172,2025/11/19,SCH0151,True,Y,Available,False,True,Samaksh Sidhu,Good condition,SCH0151,2025-11-19,True,True,,False,True,0.14285714285714285
INSP02580,2025/07/01,sch0546,True,,True,Y,1,Ayushman Sahota,No remarks,SCH0546,2025-07-01,True,,True,True,True,0.0
INSP02038,2025-04-08,SCH0428,False,True,True,,False,Zaitra Rege,Needs repair,SCH0428,,False,True,True,,False,0.2857142857142857
INSP02673,2025/06/14,sch_0214,True,True,True,0,Y,Laksh Babu,Good condition,SCH0214,2025-06-14,True,True,True,False,True,0.14285714285714285
INSP02185,05-29-2025,SCH0186,Nahi,False,N,Under Repair,True,Timothy Ganguly,,SCH0186,,False,False,False,,True,0.42857142857142855
INSP02336,2025-10-16,sch0443,True,True,No,False,False,Lucky Natt,Toilets locked,SCH0443,,True,True,False,False,False,0.42857142857142855
INSP02395,2025/11/13,sch0141,True,H,Yes,0,False,Madhavi Ben,,SCH0141,2025-11-13,True,,True,False,False,0.2857142857142857
INSP00406,16.07.2025,SCH0367,No,True,True,True,Available,Vedika Sodhi,Average,SCH0367,,False,True,True,True,,0.14285714285714285
INSP00758,10-Dec-2025,sch_0034,Y,True,True,,Nahi,Inaya Barman,Toilets locked,SCH0034,,True,True,True,,False,0.14285714285714285
INSP02115,10.11.2025,sch0381,na,True,False,True,1,Meghana Sama,Average,SCH0381,,,True,False,True,True,0.14285714285714285
INSP02303,24.09.2025,sch_0334,Functional,True,Haan,True,True,Vyanjana Tandon,Good condition,SCH0334,,True,True,True,True,True,0.0
INSP01608,05.09.2025,sch_0367,1,N,True,True,Not Available,Bakhshi Sani,,SCH0367,,True,False,True,True,,0.14285714285714285
INSP00098,2025/09/14,SCH0520,,False,True,True,False,Mitesh Mahajan,No remarks,SCH0520,2025-09-14,,False,True,True,False,0.2857142857142857
INSP01334,24/01/2026,sch_0260,Available,True,Nahi,,na,Amruta Talwar,Needs repair,SCH0260,,,True,False,,,0.14285714285714285
INSP02513,2025-05-11,SCH0468,No,1,0,Haan,False,,No remarks,SCH0468,,False,True,False,True,False,0.42857142857142855
INSP00744,2025-06-28,SCH0268,Nahi,Available,H,Nahi hai,na,,Needs repair,SCH0268,,False,,,,,0.14285714285714285
INSP00807,20.08.2025,SCH0131,H,Hai,0,,N,Hiral Bhattacharyya,No remarks,SCH0131,,,True,False,,False,0.2857142857142857
INSP02911,28-Nov-2025,S0153,Yes,Yes,Under Repair,,True,Qushi Gulati,Needs repair,SCH0153,,True,True,,,True,0.0
INSP02079,13/08/2025,SCH0212,1,Functional,Nahi hai,False,True,Vasana Kaul,No remarks,SCH0212,,True,True,,False,True,0.14285714285714285
INSP02630,01-Jul-2025,SCH-0490,True,Haan,Working,True,True,Dayita Choudhry,Toilets locked,SCH0490,,True,True,True,True,True,0.0
INSP01536,04.06.2025,sch_0474,True,True,No,Hai,Kharab,Nandini Parikh,Needs repair,SCH0474,,True,True,False,True,False,0.2857142857142857
INSP02308,01-09-2026,SCH0486,0,True,,True,False,Ekansh Natarajan,Average,SCH0486,,False,True,,True,False,0.2857142857142857
INSP02267,15/05/2025,SCH0347,True,True,True,,Y,Thomas Lala,Toilets locked,SCH0347,,True,True,True,,True,0.0
INSP02467,13-Feb-2026,sch0435,Yes,haan,Y,False,True,Faris Parmar,,SCH0435,,True,True,True,False,True,0.14285714285714285
INSP00149,08-07-2025,SCH0465,Available,1,True,False,False,Azaan Sani,Needs repair,SCH0465,,,True,True,False,False,0.2857142857142857
INSP01978,26.10.2025,SCH0311,False,haan,False,1,True,Mugdha Badami,Average,SCH0311,,False,True,False,True,True,0.2857142857142857
INSP02163,10/10/2025,SCH-0043,Yes,1,Hai,,Functional,Ayaan Solanki,Good condition,SCH0043,,True,True,True,,True,0.0
INSP02304,31.08.2025,SCH0539,Yes,True,True,Y,na,Shivansh Loke,Toilets locked,SCH0539,,True,True,True,True,,0.0
INSP01316,17.03.2026,SCH0293,0,True,H,Y,False,Ranveer Dutt,No remarks,SCH0293,,False,True,,True,False,0.2857142857142857
INSP00693,03-10-2026,SCH0102,True,True,No,,na,,Toilets locked,SCH0102,,True,True,False,,,0.14285714285714285
INSP00819,24-Aug-2025,SCH0058,Y,True,Nahi,,Y,Harrison Shah,Good condition,SCH0058,,True,True,False,,True,0.14285714285714285
INSP01729,2026/01/03,SCH0354,True,N,True,No,Nahi hai,Ojasvi Venkataraman,,SCH0354,2026-01-03,True,False,True,False,,0.2857142857142857
INSP01387,02-21-2026,sch_0566,False,False,True,haan,False,Samarth Narain,No remarks,SCH0566,,False,False,True,True,False,0.42857142857142855
INSP01846,2025/07/28,S0163,True,False,No,True,N,Ucchal Ramaswamy,No remarks,SCH0163,2025-07-28,True,False,False,True,False,0.42857142857142855
INSP02405,24-Jan-2026,SCH0559,False,Y,na,Yes,True,Hemangini Garg,,SCH0559,,False,True,,True,True,0.14285714285714285
INSP02430,05-Mar-2026,sch0298,True,Hai,Hai,N,H,Liam Prabhakar,No remarks,SCH0298,,True,True,True,False,,0.14285714285714285
INSP01600,2025/09/12,sch_0172,False,True,False,na,True,Radhika Oza,Toilets locked,SCH0172,2025-09-12,False,True,False,,True,0.2857142857142857
INSP02485,05-01-2025,sch0334,1,True,True,Available,True,Eiravati Naidu,Good condition,SCH0334,,True,True,True,,True,0.0
INSP02585,14/02/2026,0555,Nahi hai,True,True,True,na,Benjamin Chatterjee,,SCH0555,,,True,True,True,,0.0
INSP00702,12-Dec-2025,SCH0364,Working,True,Yes,,True,Abha Agarwal,,SCH0364,,True,True,True,,True,0.0
INSP01500,19/03/2026,SCH0094,H,1,True,Kharab,True,Diya Parmer,Needs repair,SCH0094,,,True,True,False,True,0.14285714285714285
INSP02794,18.09.2025,SCH0230,Haan,haan,True,True,True,Akshay Pingle,Needs repair,SCH0230,,True,True,True,True,True,0.0
INSP00922,03/12/2025,SCH0132,Y,H,na,Yes,True,,Average,SCH0132,,True,,,True,True,0.0
INSP01425,2025/08/21,SCH0409,True,Y,,Y,True,Eiravati Mangal,,SCH0409,2025-08-21,True,True,,True,True,0.0
INSP01709,08-Mar-2026,sch0270,True,False,,True,Yes,Vasatika Sinha,,SCH0270,,True,False,,True,True,0.14285714285714285
INSP00906,27.12.2025,SCH0033,,Yes,Hai,haan,Yes,Anvi Kant,Needs repair,SCH0033,,,True,True,True,True,0.0
INSP00455,2026-03-16,SCH0205,Hai,1,True,False,Not Available,Ekansh Gulati,,SCH0205,,True,True,True,False,,0.14285714285714285
INSP02471,05.08.2025,sch_0431,haan,H,,0,True,Ikshita Shroff,Needs repair,SCH0431,,True,,,False,True,0.14285714285714285
INSP02209,13/11/2025,SCH-0193,Nahi,True,True,False,,Amara Sathe,Needs repair,SCH0193,,False,True,True,False,,0.2857142857142857
INSP02656,2025/10/16,0205,na,H,Hai,False,0,Andrew Nigam,Average,SCH0205,2025-10-16,,,True,False,False,0.2857142857142857
INSP02299,2025-08-16,SCH-0449,True,False,haan,Broken,True,Abhimanyu Om,Needs repair,SCH0449,,True,False,True,False,True,0.2857142857142857
INSP00168,04/09/2025,SCH0568,False,True,H,True,Y,Ranveer Magar,Good condition,SCH0568,,False,True,,True,True,0.14285714285714285
INSP00731,2025/11/05,SCH0371,H,,True,False,True,Widisha Dalal,Toilets locked,SCH0371,2025-11-05,,,True,False,True,0.14285714285714285
INSP02277,05-20-2025,0569,False,True,True,False,False,Yatin Magar,Needs repair,SCH0569,,False,True,True,False,False,0.42857142857142855
INSP01311,2025/05/08,SCH-0145,Nahi hai,Working,Y,False,False,Sudiksha Tank,Average,SCH0145,2025-05-08,,True,True,False,False,0.2857142857142857
INSP02422,30/09/2025,sch_0188,na,True,Yes,True,False,Dayamai Luthra,No remarks,SCH0188,,,True,True,True,False,0.14285714285714285
INSP00027,11-Aug-2025,SCH0023,H,True,Functional,0,True,,Toilets locked,SCH0023,,,True,True,False,True,0.14285714285714285
INSP02098,11-29-2025,sch0329,,Y,Nahi hai,No,True,,,SCH0329,,,True,,False,True,0.14285714285714285
INSP01898,2025/12/23,SCH0418,True,Haan,Hai,Hai,No,Yahvi Divan,Needs repair,SCH0418,2025-12-23,True,True,True,True,False,0.14285714285714285
INSP01653,07-Mar-2026,SCH0346,True,H,True,False,Yes,Abha Raval,Average,SCH0346,,True,,True,False,True,0.14285714285714285
INSP01623,2025/04/24,SCH0257,False,True,Hai,True,True,Rachit Rastogi,Toilets locked,SCH0257,2025-04-24,False,True,True,True,True,0.14285714285714285
INSP00588,02-10-2026,SCH0309,Y,True,Yes,Yes,0,Dayita Mahal,,SCH0309,,True,True,True,True,False,0.14285714285714285
INSP01402,2025-04-26,sch_0262,True,Hai,True,False,True,Bhavna Chandra,,SCH0262,,True,True,True,False,True,0.14285714285714285
INSP00998,2026/02/23,SCH0040,True,haan,haan,True,False,Chanakya Kata,Good condition,SCH0040,2026-02-23,True,True,True,True,False,0.14285714285714285
INSP01177,2025-09-02,SCH0148,True,H,True,H,Available,Triya Singh,Good condition,SCH0148,,True,,True,,,0.0
INSP01701,14/12/2025,SCH-0256,Nahi,Yes,True,False,False,Vasana Wagle,Toilets locked,SCH0256,,False,True,True,False,False,0.42857142857142855
INSP01041,17.01.2026,SCH0029,Y,True,True,Working,Haan,Devansh Chaudhary,No remarks,SCH0029,,True,True,True,True,True,0.0
INSP00034,13.04.2025,S0403,True,True,True,True,N,Chanakya Baria,No remarks,SCH0403,,True,True,True,True,False,0.14285714285714285
INSP02410,2025/05/12,SCH-0417,False,True,N,Functional,True,Harshil Mall,Toilets locked,SCH0417,2025-05-12,False,True,False,True,True,0.2857142857142857
INSP02739,2025-12-10,SCH0198,Y,True,Working,True,N,Urvashi Kala,Toilets locked,SCH0198,,True,True,True,True,False,0.14285714285714285
INSP01380,2026/03/03,SCH0181,haan,True,Nahi hai,True,H,Udant Wali,Average,SCH0181,2026-03-03,True,True,,True,,0.0
INSP00042,2026-02-23,sch0196,haan,True,Haan,True,False,Varenya Parmer,Toilets locked,SCH0196,,True,True,True,True,False,0.14285714285714285
INSP01877,15-Oct-2025,SCH0265,True,Y,Y,False,Y,Raghav Doshi,No remarks,SCH0265,,True,True,True,False,True,0.14285714285714285
INSP02952,2025-11-06,SCH0393,Available,True,Haan,Haan,1,Ishita Chokshi,Good condition,SCH0393,,,True,True,True,True,0.0
INSP02309,11-Aug-2025,SCH0142,1,1,H,True,Nahi,Tanish Zacharia,No remarks,SCH0142,,True,True,,True,False,0.14285714285714285
INSP02741,07-24-2025,SCH0302,True,True,Working,False,No,Aryan Roy,Average,SCH0302,,True,True,True,False,False,0.2857142857142857
INSP02280,07-12-2025,sch0226,Available,True,Haan,1,No,Anita Parmar,Needs repair,SCH0226,,,True,True,True,False,0.14285714285714285
INSP02019,28.05.2025,SCH0282,True,Yes,True,True,True,Samarth Deshpande,Toilets locked,SCH0282,,True,True,True,True,True,0.0
INSP02000,2025/09/01,sch_0217,False,Available,Y,1,Y,Triya Dhawan,,SCH0217,2025-09-01,False,,True,True,True,0.14285714285714285
INSP00610,08-06-2025,SCH0062,1,Functional,True,0,Functional,Niharika Nori,Good condition,SCH0062,,True,True,True,False,True,0.14285714285714285
INSP01133,13/05/2025,sch_0489,True,False,H,Haan,Nahi hai,Yug Halder,,SCH0489,,True,False,,True,,0.14285714285714285
INSP00029,2025/06/03,SCH0132,Available,Yes,,True,True,Arin Lall,Toilets locked,SCH0132,2025-06-03,,True,,True,True,0.0
INSP00442,01-Sep-2025,S0564,1,True,True,False,True,Yamini Sridhar,Needs repair,SCH0564,,True,True,True,False,True,0.14285714285714285
INSP00666,2025/05/27,S0431,,True,False,True,Not Available,Nidra Kashyap,No remarks,SCH0431,2025-05-27,,True,False,True,,0.14285714285714285
INSP02993,2026/02/24,sch0544,Yes,Y,,No,True,Advika Sehgal,No remarks,SCH0544,2026-02-24,True,True,,False,True,0.14285714285714285
INSP00494,10-Jan-2026,SCH0537,Haan,False,Hai,Under Repair,False,Lucky Chauhan,Average,SCH0537,,True,False,True,,False,0.2857142857142857
INSP01259,2025-05-24,S0338,True,Haan,H,True,Kharab,Daksha Gupta,No remarks,SCH0338,,True,True,,True,False,0.14285714285714285
INSP01302,06/02/2026,SCH0286,True,Yes,Y,H,False,Priya Kala,Good condition,SCH0286,,True,True,True,,False,0.14285714285714285
INSP02671,28-Oct-2025,SCH0489,True,True,haan,True,True,Owen Dhaliwal,No remarks,SCH0489,,True,True,True,True,True,0.0
INSP02489,24/08/2025,sch_0544,True,True,Yes,False,Available,Oni Khurana,Needs repair,SCH0544,,True,True,True,False,,0.14285714285714285
INSP01383,2025-12-01,SCH0133,haan,Nahi,True,,Broken,Robert Bahri,No remarks,SCH0133,,True,False,True,,False,0.2857142857142857
INSP01305,15/08/2025,sch_0402,,True,True,,Nahi,Azad Prakash,Needs repair,SCH0402,,,True,True,,False,0.14285714285714285
INSP00237,2025/12/17,SCH0180,,True,True,True,False,Ria Babu,Toilets locked,SCH0180,2025-12-17,,True,True,True,False,0.14285714285714285
INSP01986,03-Dec-2025,S0115,False,haan,Y,Yes,Available,Christopher Chakraborty,Average,SCH0115,,False,True,True,True,,0.14285714285714285
INSP00552,10-15-2025,SCH-0162,na,True,False,True,Nahi hai,Adweta Gupta,Good condition,SCH0162,,,True,False,True,,0.14285714285714285
INSP00521,13-Apr-2025,0018,True,True,Yes,False,False,,Average,SCH0018,,True,True,True,False,False,0.2857142857142857
INSP00782,2026-01-10,SCH0162,True,True,Working,1,True,Tanveer Dyal,Toilets locked,SCH0162,,True,True,True,True,True,0.0
INSP01233,2025/07/19,SCH0395,True,1,Available,True,Y,Chatresh Misra,Toilets locked,SCH0395,2025-07-19,True,True,,True,True,0.0
INSP01139,20.04.2025,sch_0376,True,,True,False,na,Krish Hayer,Needs repair,SCH0376,,True,,True,False,,0.14285714285714285
INSP01906,01/05/2025,SCH-0400,True,True,Haan,True,True,Eta Kanda,Needs repair,SCH0400,,True,True,True,True,True,0.0
INSP00721,04-10-2025,SCH0009,na,Kharab,Broken,Y,Nahi hai,Prisha Chandran,Good condition,SCH0009,,,False,False,True,,0.2857142857142857
INSP00736,2025/05/23,SCH0224,Available,1,True,1,Under Repair,Gautam Kannan,Toilets locked,SCH0224,2025-05-23,,True,True,True,,0.0
INSP03000,08-09-2025,0349,False,Haan,Hai,Kharab,True,Bimala Talwar,Needs repair,SCH0349,,False,True,True,False,True,0.2857142857142857
INSP01751,11/06/2025,SCH0234,H,True,H,True,1,Jonathan Setty,Good condition,SCH0234,,,True,,True,True,0.0
INSP00059,09/03/2026,S0030,,False,Available,True,N,Janaki Bora,,SCH0030,,,False,,True,False,0.2857142857142857
INSP00632,2026-02-09,0166,False,Working,True,Nahi,False,Aashi Srinivasan,,SCH0166,,False,True,True,False,False,0.42857142857142855
INSP01182,05/02/2026,SCH0368,Available,True,True,False,False,Azad Kota,Needs repair,SCH0368,,,True,True,False,False,0.2857142857142857
INSP02323,03/04/2025,0176,Yes,Available,Working,Nahi,na,,No remarks,SCH0176,,True,,True,False,,0.14285714285714285
INSP00593,2025-05-23,sch0155,False,H,Available,True,False,Vamakshi Deshpande,Needs repair,SCH0155,,False,,,True,False,0.2857142857142857
INSP01304,07-20-2025,sch_0176,Yes,Yes,True,True,True,Omya Shenoy,Toilets locked,SCH0176,,True,True,True,True,True,0.0
INSP01388,19.12.2025,0351,True,True,True,True,No,Aarav Sandhu,No remarks,SCH0351,,True,True,True,True,False,0.14285714285714285
INSP02751,2025/07/19,SCH0157,True,,Hai,Haan,Working,,Needs repair,SCH0157,2025-07-19,True,,True,True,True,0.0
INSP02767,2025-05-05,SCH-0081,haan,True,Not Available,Y,Nahi,Finn Prashad,Needs repair,SCH0081,,True,True,,True,False,0.14285714285714285
INSP02055,03.06.2025,sch_0241,Available,Y,H,True,False,Chaitaly Sandhu,Average,SCH0241,,,True,,True,False,0.14285714285714285
INSP02349,2025/05/17,SCH0221,1,True,True,Haan,0,Urmi Gole,Needs repair,SCH0221,2025-05-17,True,True,True,True,False,0.14285714285714285
INSP00940,28-Sep-2025,S0471,,True,True,Not Available,Functional,Unni Balay,Needs repair,SCH0471,,,True,True,,True,0.0
INSP02931,26-Dec-2025,SCH0262,haan,0,Available,True,,Christopher Dutt,Needs repair,SCH0262,,True,False,,True,,0.14285714285714285
INSP01250,09-23-2025,SCH0538,H,True,0,No,True,Edhitha Kata,,SCH0538,,,True,False,False,True,0.2857142857142857
INSP00905,2026/02/14,SCH0417,False,Y,Haan,True,False,Harrison Garg,No remarks,SCH0417,2026-02-14,False,True,True,True,False,0.2857142857142857
INSP02964,11-Jan-2026,SCH-0145,True,1,Kharab,Functional,0,Yauvani Bala,,SCH0145,,True,True,False,True,False,0.2857142857142857
INSP01280,2025/06/03,SCH0476,Kharab,True,True,,True,Sathvik Gade,Good condition,SCH0476,2025-06-03,False,True,True,,True,0.14285714285714285
INSP02526,10-28-2025,sch0484,N,True,N,True,False,Dayita Nayar,Needs repair,SCH0484,,False,True,False,True,False,0.42857142857142855
INSP00913,2025/05/03,S0592,Under Repair,Yes,haan,haan,False,Aarini Korpal,Toilets locked,SCH0592,2025-05-03,,True,True,True,False,0.14285714285714285
INSP02243,2025/06/08,0279,Functional,False,True,False,haan,Sanya Ben,,SCH0279,2025-06-08,True,False,True,False,True,0.2857142857142857
INSP02511,2025/09/19,SCH0490,Nahi,False,True,Functional,Not Available,Azad Nagarajan,Average,SCH0490,2025-09-19,False,False,True,True,,0.2857142857142857
INSP02593,2026/01/29,SCH0452,True,True,True,True,na,,No remarks,SCH0452,2026-01-29,True,True,True,True,,0.0
INSP01143,12/10/2025,SCH0026,na,True,N,True,True,Gabriel Sankaran,Needs repair,SCH0026,,,True,False,True,True,0.14285714285714285
INSP02628,11-Mar-2026,SCH0019,False,Y,False,1,na,,No remarks,SCH0019,,False,True,False,True,,0.2857142857142857
INSP00707,24-May-2025,SCH-0558,Functional,True,True,True,na,Dominic Goda,Average,SCH0558,,True,True,True,True,,0.0
INSP02929,09-May-2025,SCH0302,H,True,Working,Working,Broken,Barkha Purohit,Good condition,SCH0302,,,True,True,True,False,0.14285714285714285
INSP01023,07-20-2025,SCH0246,True,True,True,Yes,True,Balvan Gopal,Toilets locked,SCH0246,,True,True,True,True,True,0.0
INSP00746,03-Mar-2026,SCH0565,True,True,Yes,0,True,Maanas Ray,Needs repair,SCH0565,,True,True,True,False,True,0.14285714285714285
INSP01547,05-12-2025,SCH0095,False,,True,True,False,Harini Mohanty,Good condition,SCH0095,,False,,True,True,False,0.2857142857142857
INSP01940,30.08.2025,sch0526,Nahi hai,False,Available,na,True,Urvashi Prabhu,Needs repair,SCH0526,,,False,,,True,0.14285714285714285
INSP02481,2025/09/21,SCH0466,No,True,,No,Nahi,,Average,SCH0466,2025-09-21,False,True,,False,False,0.42857142857142855
INSP02155,07-Nov-2025,sch_0231,N,True,1,,False,Abha Chandran,Toilets locked,SCH0231,,False,True,True,,False,0.2857142857142857
INSP02824,2025-04-28,sch_0041,True,True,Y,True,True,Jonathan Dutt,Toilets locked,SCH0041,,True,True,True,True,True,0.0
INSP00514,04.07.2025,sch0016,Yes,Haan,True,True,True,Arunima Dixit,No remarks,SCH0016,,True,True,True,True,True,0.0
INSP00082,24-Sep-2025,SCH-0579,Working,Nahi hai,1,False,Available,,Needs repair,SCH0579,,True,,True,False,,0.14285714285714285
INSP02799,22-Oct-2025,SCH0084,H,False,Nahi,False,Hai,Saumya Tata,,SCH0084,,,False,False,False,True,0.42857142857142855
INSP01309,25/09/2025,SCH0584,Haan,True,H,False,Available,Harshil Vasa,Toilets locked,SCH0584,,True,True,,False,,0.14285714285714285
INSP02625,2026-03-08,SCH0443,haan,1,1,False,True,Warinder Din,Average,SCH0443,,True,True,True,False,True,0.14285714285714285
INSP00915,13/03/2026,sch_0034,True,True,Hai,H,False,Wahab Sehgal,Needs repair,SCH0034,,True,True,True,,False,0.14285714285714285
INSP01405,28-Feb-2026,0137,True,Available,1,Yes,True,Kala Mukhopadhyay,Average,SCH0137,,True,,True,True,True,0.0
INSP01648,05/07/2025,S0169,True,True,True,True,False,Netra Soman,Average,SCH0169,,True,True,True,True,False,0.14285714285714285
INSP02901,04-27-2025,sch_0192,False,Functional,True,Haan,True,Theodore Toor,Average,SCH0192,,False,True,True,True,True,0.14285714285714285
INSP01109,26-Nov-2025,S0571,True,True,H,H,1,Urishilla Choudhury,,SCH0571,,True,True,,,True,0.0
INSP00151,2025-04-06,sch_0094,True,haan,True,Hai,False,Atharv Radhakrishnan,No remarks,SCH0094,,True,True,True,True,False,0.14285714285714285
INSP02866,14-Jan-2026,SCH0384,Working,Yes,Available,Kharab,Hai,,Needs repair,SCH0384,,True,True,,False,True,0.14285714285714285
INSP00775,20-Oct-2025,sch_0502,,True,True,Yes,True,Garima Oak,Good condition,SCH0502,,,True,True,True,True,0.0
INSP00330,2025/10/10,sch_0376,Broken,True,Y,haan,False,Reva Bahl,Toilets locked,SCH0376,2025-10-10,False,True,True,True,False,0.2857142857142857
INSP00007,05-13-2025,SCH0243,True,True,Haan,,False,,Needs repair,SCH0243,,True,True,True,,False,0.14285714285714285
INSP02002,17/03/2026,SCH-0175,Nahi hai,1,True,1,False,Yutika Dugar,Good condition,SCH0175,,,True,True,True,False,0.14285714285714285
INSP00944,2025/05/15,SCH0438,True,Working,True,True,haan,Chavvi Maharaj,Needs repair,SCH0438,2025-05-15,True,True,True,True,True,0.0
INSP00823,2025/09/22,SCH0031,Haan,False,True,haan,No,Mohini Vohra,Toilets locked,SCH0031,2025-09-22,True,False,True,True,False,0.2857142857142857
INSP00910,29/08/2025,SCH0553,Working,True,N,Nahi hai,False,Nitesh Pradhan,Needs repair,SCH0553,,True,True,False,,False,0.2857142857142857
INSP00182,2025/08/30,SCH0322,N,True,No,True,1,Ekavir Gole,,SCH0322,2025-08-30,False,True,False,True,True,0.2857142857142857
INSP00165,2025-08-07,S0053,True,True,True,Working,True,Varsha Chakraborty,Good condition,SCH0053,,True,True,True,True,True,0.0
INSP01524,23/04/2025,SCH-0225,False,Yes,Available,Haan,True,Ekaraj Nigam,,SCH0225,,False,True,,True,True,0.14285714285714285
INSP00452,01.08.2025,0161,Functional,Haan,No,Haan,Nahi hai,Panini Andra,,SCH0161,,True,True,False,True,,0.14285714285714285
INSP01312,11-01-2025,sch_0276,True,H,0,False,Hai,Matthew Issac,Needs repair,SCH0276,,True,,False,False,True,0.2857142857142857
INSP01112,30/12/2025,SCH0213,True,1,False,False,False,Barkha Venkatesh,No remarks,SCH0213,,True,True,False,False,False,0.42857142857142855
INSP01288,2026-01-12,SCH-0360,False,Available,H,True,True,Qushi Bains,,SCH0360,,False,,,True,True,0.14285714285714285
INSP00328,2025/11/10,SCH0567,N,True,True,False,False,Balvan Chakrabarti,Average,SCH0567,2025-11-10,False,True,True,False,False,0.42857142857142855
INSP01791,09-Apr-2025,SCH0541,False,H,,na,False,Riya Kala,Toilets locked,SCH0541,,False,,,,False,0.2857142857142857
INSP02793,06-Feb-2026,0563,True,Y,True,Functional,Yes,Nisha Madan,Average,SCH0563,,True,True,True,True,True,0.0
INSP02008,2025/11/25,SCH0028,True,True,True,True,True,Qadim Sabharwal,Average,SCH0028,2025-11-25,True,True,True,True,True,0.0
INSP01859,03-Aug-2025,SCH0487,,True,True,Nahi,True,Vansha Bhat,Needs repair,SCH0487,,,True,True,False,True,0.14285714285714285
INSP00313,2025-08-04,SCH0396,True,True,Hai,False,Functional,David Mane,Needs repair,SCH0396,,True,True,True,False,True,0.14285714285714285
INSP00833,2025-12-13,0326,True,Working,False,1,False,Sanaya Varty,No remarks,SCH0326,,True,True,False,True,False,0.2857142857142857
INSP01202,01-29-2026,sch_0140,Working,True,True,Not Available,Yes,Pahal Rattan,Good condition,SCH0140,,True,True,True,,True,0.0
INSP02438,2025-04-07,SCH-0237,Nahi hai,1,1,True,True,Pranav Arya,Good condition,SCH0237,,,True,True,True,True,0.0
INSP02074,14/01/2026,SCH-0405,Under Repair,True,Nahi hai,H,,Aarav Nazareth,No remarks,SCH0405,,,True,,,,0.0
INSP02447,2026-03-09,sch0003,Y,Yes,haan,,True,Raghav Pradhan,Needs repair,SCH0003,,True,True,True,,True,0.0
INSP01482,19-Oct-2025,SCH0234,Functional,True,Nahi hai,0,False,Vanya Vala,Good condition,SCH0234,,True,True,,False,False,0.2857142857142857
INSP00778,28-Oct-2025,SCH0421,False,1,True,False,True,Advaith Ray,Toilets locked,SCH0421,,False,True,True,False,True,0.2857142857142857
INSP00800,02-02-2026,SCH0534,True,True,Hai,False,No,Manthan Dhawan,Toilets locked,SCH0534,,True,True,True,False,False,0.2857142857142857
INSP00055,2025-07-22,SCH-0392,True,False,False,haan,Nahi,Indira Amble,Good condition,SCH0392,,True,False,False,True,False,0.42857142857142855
INSP01921,2026-02-28,SCH0395,N,True,True,Hai,,Rachana Ganesh,No remarks,SCH0395,,False,True,True,True,,0.14285714285714285
INSP02719,2026/03/10,SCH0233,haan,True,True,True,True,,No remarks,SCH0233,2026-03-10,True,True,True,True,True,0.0
INSP02273,25.05.2025,SCH0483,True,,Available,True,False,Wishi Sachdeva,No remarks,SCH0483,,True,,,True,False,0.14285714285714285
INSP01702,12-27-2025,SCH-0030,False,True,Nahi,Haan,Kharab,Tanvi Mital,,SCH0030,,False,True,False,True,False,0.42857142857142855
INSP02949,2025-11-12,S0573,True,True,True,True,True,Viraj Sule,Needs repair,SCH0573,,True,True,True,True,True,0.0
INSP00988,02-20-2026,SCH0279,True,True,True,True,False,Zaitra Batra,,SCH0279,,True,True,True,True,False,0.14285714285714285
INSP02271,28-Mar-2026,SCH0513,Y,0,0,True,True,Ekta Pillai,,SCH0513,,True,False,False,True,True,0.2857142857142857
INSP01395,11.04.2025,SCH0118,True,True,Y,False,False,Tanay Shenoy,Average,SCH0118,,True,True,True,False,False,0.2857142857142857
INSP00769,2025-07-11,SCH-0569,True,True,,False,False,Mahika Bedi,Good condition,SCH0569,,True,True,,False,False,0.2857142857142857
INSP02790,01.12.2025,sch0578,,True,True,Yes,,Radha Ratta,No remarks,SCH0578,,,True,True,True,,0.0
INSP00286,28.03.2026,SCH0503,Nahi hai,1,True,na,True,Ubika Chanda,No remarks,SCH0503,,,True,True,,True,0.0
INSP02775,2025-10-06,SCH-0534,1,Available,False,Y,False,Chaitaly Halder,Average,SCH0534,,True,,False,True,False,0.2857142857142857
INSP00429,2025/11/21,S0064,Haan,False,True,Yes,Nahi,Zayyan Sura,No remarks,SCH0064,2025-11-21,True,False,True,True,False,0.2857142857142857
INSP02080,11-Mar-2026,SCH0401,False,Nahi hai,True,Yes,False,Anmol Nayar,,SCH0401,,False,,True,True,False,0.2857142857142857
INSP00723,2025/05/23,sch_0551,haan,True,True,Nahi,N,,Average,SCH0551,2025-05-23,True,True,True,False,False,0.2857142857142857
INSP00952,26-May-2025,sch_0132,N,True,Y,True,Haan,Nicholas Kaul,Good condition,SCH0132,,False,True,True,True,True,0.14285714285714285
INSP00990,25/06/2025,SCH0386,H,True,False,False,False,Azaan Vyas,No remarks,SCH0386,,,True,False,False,False,0.42857142857142855
INSP02935,13/01/2026,SCH0455,True,haan,True,haan,True,Upasna Sama,Average,SCH0455,,True,True,True,True,True,0.0
INSP02882,07-20-2025,S0059,N,Haan,Nahi hai,True,1,Christopher Agarwal,Good condition,SCH0059,,False,True,,True,True,0.14285714285714285
INSP00327,03-Dec-2025,SCH0270,Available,True,True,Haan,True,Nimrat Acharya,Average,SCH0270,,,True,True,True,True,0.0
INSP01384,09/05/2025,SCH0360,Y,Y,Yes,False,,,Average,SCH0360,,True,True,True,False,,0.14285714285714285
INSP01725,12-07-2025,sch_0351,Y,Haan,True,haan,na,Amaira Butala,,SCH0351,,True,True,True,True,,0.0
INSP01087,05-30-2025,SCH0276,True,Not Available,Y,,Functional,Girish Sampath,Needs repair,SCH0276,,True,,True,,True,0.0
INSP00342,01-19-2026,SCH-0490,H,True,na,True,na,Rajata Bhardwaj,Average,SCH0490,,,True,,True,,0.0
INSP00148,11.10.2025,sch_0143,True,,True,True,False,Dhriti Ray,,SCH0143,,True,,True,True,False,0.14285714285714285
INSP02463,20-Apr-2025,S0258,N,,Available,,False,Manbir Varghese,Average,SCH0258,,False,,,,False,0.2857142857142857
INSP01108,25/11/2025,S0164,Y,True,Nahi,H,0,Imaran Gara,Needs repair,SCH0164,,True,True,False,,False,0.2857142857142857
INSP00849,26/05/2025,SCH0151,1,True,Yes,na,haan,Ayushman Ramachandran,No remarks,SCH0151,,True,True,True,,True,0.0
INSP00967,17.01.2026,SCH-0117,True,Working,na,True,False,,No remarks,SCH0117,,True,True,,True,False,0.14285714285714285
INSP02592,01-Jan-2026,SCH0450,Available,Nahi hai,True,Nahi,Hai,Sara Pandya,Good condition,SCH0450,,,,True,False,True,0.14285714285714285
INSP00662,2026-03-16,SCH0271,H,True,,,False,Chameli Bali,No remarks,SCH0271,,,True,,,False,0.14285714285714285
INSP01003,15/12/2025,sch_0260,Functional,Y,Functional,True,True,Saumya Toor,,SCH0260,,True,True,True,True,True,0.0
INSP02465,17-Jan-2026,0321,True,Working,True,True,Yes,Faraj Nazareth,Average,SCH0321,,True,True,True,True,True,0.0
INSP02648,14/05/2025,SCH-0023,Haan,True,Yes,,True,Falguni Barad,Needs repair,SCH0023,,True,True,True,,True,0.0
INSP02792,06-05-2025,SCH-0235,True,Yes,False,True,True,Vansha Chokshi,Toilets locked,SCH0235,,True,True,False,True,True,0.14285714285714285
INSP01880,2026-01-18,SCH0509,True,Working,True,False,,Abhiram Pall,Average,SCH0509,,True,True,True,False,,0.14285714285714285
INSP02960,19.06.2025,SCH-0423,H,True,Yes,True,True,Nirja Sankaran,Needs repair,SCH0423,,,True,True,True,True,0.0
INSP01204,06/08/2025,sch0543,1,,False,True,False,Jagat Sandal,Average,SCH0543,,True,,False,True,False,0.2857142857142857
INSP01991,07-27-2025,sch_0107,Working,True,,True,True,,Good condition,SCH0107,,True,True,,True,True,0.0
INSP00025,12-01-2025,SCH0038,True,Haan,Working,0,False,Saksham Ganesan,Needs repair,SCH0038,,True,True,True,False,False,0.2857142857142857
INSP02953,2026-03-04,sch0097,Yes,True,H,na,False,Darpan Natt,Good condition,SCH0097,,True,True,,,False,0.14285714285714285
INSP02207,24.01.2026,0226,Haan,False,True,False,True,Rayaan Parsa,Toilets locked,SCH0226,,True,False,True,False,True,0.2857142857142857
INSP02189,2025-09-26,SCH0370,True,False,False,True,False,Jeevika Krishnan,,SCH0370,,True,False,False,True,False,0.42857142857142855
INSP02423,16-Jan-2026,SCH0394,1,True,Y,Available,Working,Utkarsh Behl,Good condition,SCH0394,,True,True,True,,True,0.0
INSP00876,13/01/2026,SCH0218,Hai,Hai,Functional,True,True,Vasana Dyal,Average,SCH0218,,True,True,True,True,True,0.0
INSP02834,2025-05-19,SCH-0118,True,False,Y,Not Available,True,Mohammed Ramesh,Average,SCH0118,,True,False,True,,True,0.14285714285714285
INSP00939,16.10.2025,SCH0251,1,True,Available,Available,,Aadi Misra,Needs repair,SCH0251,,True,True,,,,0.0
INSP02638,15/06/2025,SCH-0174,True,False,True,False,False,Leela Nath,Toilets locked,SCH0174,,True,False,True,False,False,0.42857142857142855
INSP02968,2025/10/04,SCH0074,Hai,False,Nahi hai,False,haan,Kavya Shan,,SCH0074,2025-10-04,True,False,,False,True,0.2857142857142857
INSP00386,16-Apr-2025,SCH0114,True,True,False,N,True,Anthony Kamdar,Needs repair,SCH0114,,True,True,False,False,True,0.2857142857142857
INSP02418,2026/03/10,SCH0024,Y,H,H,na,False,Rohan Ratta,Good condition,SCH0024,2026-03-10,True,,,,False,0.14285714285714285
INSP02639,26.03.2026,SCH0071,Available,True,True,True,No,Rishi Mitter,Toilets locked,SCH0071,,,True,True,True,False,0.14285714285714285
INSP02316,2025-07-12,S0301,True,haan,Yes,False,True,Jagat Bassi,,SCH0301,,True,True,True,False,True,0.14285714285714285
INSP02855,16/11/2025,SCH-0108,,1,1,No,True,Zarna Kade,Needs repair,SCH0108,,,True,True,False,True,0.14285714285714285
INSP00937,27-Jun-2025,S0395,1,True,1,False,Haan,Harini Kale,Toilets locked,SCH0395,,True,True,True,False,True,0.14285714285714285
INSP02713,14-Oct-2025,sch_0427,True,True,Hai,,False,Upadhriti Mall,No remarks,SCH0427,,True,True,True,,False,0.14285714285714285
INSP00522,24/12/2025,S0509,1,True,Yes,Nahi,True,Jason Swamy,Needs repair,SCH0509,,True,True,True,False,True,0.14285714285714285
INSP01333,2025/06/28,SCH0210,False,True,True,True,False,Aarini Randhawa,Good condition,SCH0210,2025-06-28,False,True,True,True,False,0.2857142857142857
INSP01935,10/10/2025,0545,Haan,True,True,False,True,Vyanjana De,Good condition,SCH0545,,True,True,True,False,True,0.14285714285714285
INSP00936,02-20-2026,SCH-0215,True,Hai,Yes,haan,Nahi,Ethan Raval,,SCH0215,,True,True,True,True,False,0.14285714285714285
INSP00567,02.04.2025,SCH0526,True,True,True,Nahi hai,True,Nilima Jha,Needs repair,SCH0526,,True,True,True,,True,0.0
INSP01855,04/01/2026,SCH-0588,Nahi hai,Functional,True,,0,Chakradev Kalita,Needs repair,SCH0588,,,True,True,,False,0.14285714285714285
INSP02553,25.02.2026,sch_0402,True,True,True,False,False,Abhiram Ganesan,No remarks,SCH0402,,True,True,True,False,False,0.2857142857142857
INSP01646,09/07/2025,SCH-0206,False,,haan,0,False,Gopal Basu,No remarks,SCH0206,,False,,True,False,False,0.42857142857142855
INSP02234,24.03.2026,SCH0517,Working,Yes,haan,False,No,Samuel Dhawan,Needs repair,SCH0517,,True,True,True,False,False,0.2857142857142857
INSP01793,13/04/2025,SCH-0050,True,Hai,Broken,Hai,False,Eesha Sha,Needs repair,SCH0050,,True,True,False,True,False,0.2857142857142857
INSP01431,13/06/2025,SCH0334,True,Yes,True,True,True,,No remarks,SCH0334,,True,True,True,True,True,0.0
INSP02647,2025-10-18,SCH-0563,True,N,N,True,Yes,Veda Khurana,Toilets locked,SCH0563,,True,False,False,True,True,0.2857142857142857
INSP01014,28/11/2025,SCH0497,No,H,Functional,True,Broken,Faqid Mishra,No remarks,SCH0497,,False,,True,True,False,0.2857142857142857
INSP01929,09-10-2025,0502,Functional,Yes,False,True,True,Meghana Barad,Needs repair,SCH0502,,True,True,False,True,True,0.14285714285714285
INSP02371,2025-12-02,sch0586,True,Y,False,H,False,Neel Sachdev,,SCH0586,,True,True,False,,False,0.2857142857142857
INSP00127,2026-01-09,SCH0495,haan,No,True,True,True,Triveni Tripathi,Toilets locked,SCH0495,,True,False,True,True,True,0.14285714285714285
INSP02811,2026/02/12,SCH0197,True,True,True,True,True,Nimrat Gupta,Average,SCH0197,2026-02-12,True,True,True,True,True,0.0
INSP01348,04-13-2025,sch_0037,True,True,Working,1,False,Bhavika Prakash,No remarks,SCH0037,,True,True,True,True,False,0.14285714285714285
INSP00356,2026/01/14,SCH0053,1,True,True,,False,,Toilets locked,SCH0053,2026-01-14,True,True,True,,False,0.14285714285714285
INSP00828,2025-07-04,SCH0493,1,True,True,False,True,Ishaan Parikh,Good condition,SCH0493,,True,True,True,False,True,0.14285714285714285
INSP01640,2026-03-24,SCH0033,True,True,Available,1,Haan,,Toilets locked,SCH0033,,True,True,,True,True,0.0
INSP00985,2025-04-05,SCH0481,Y,True,Yes,haan,True,Baljiwan Balakrishnan,No remarks,SCH0481,,True,True,True,True,True,0.0
INSP00363,2025-09-20,SCH-0521,H,Nahi hai,1,True,No,Raagini Wason,,SCH0521,,,,True,True,False,0.14285714285714285
INSP00346,08-28-2025,SCH0307,Working,True,Working,Nahi hai,False,Chameli Gulati,Good condition,SCH0307,,True,True,True,,False,0.14285714285714285
INSP02780,12-Dec-2025,SCH0072,True,Available,,Nahi hai,False,Charita Mangat,No remarks,SCH0072,,True,,,,False,0.14285714285714285
INSP02674,03-Jul-2025,sch0539,Haan,Yes,Yes,Working,,Inaya Salvi,Good condition,SCH0539,,True,True,True,True,,0.0
INSP00712,04/10/2025,SCH0318,False,1,True,H,False,Deepa Rai,Average,SCH0318,,False,True,True,,False,0.2857142857142857
INSP02173,2025/09/23,sch0050,True,1,True,Kharab,False,Kashish D’Alia,Toilets locked,SCH0050,2025-09-23,True,True,True,False,False,0.2857142857142857
INSP00011,04-04-2025,SCH0336,Available,True,True,True,Y,Sudiksha Johal,,SCH0336,,,True,True,True,True,0.0
INSP02542,12.08.2025,SCH0534,1,0,Available,True,Nahi hai,,Good condition,SCH0534,,True,False,,True,,0.14285714285714285
INSP02117,02-01-2026,SCH0097,True,1,True,Hai,False,Anmol Bhakta,Toilets locked,SCH0097,,True,True,True,True,False,0.14285714285714285
INSP01835,05/12/2025,SCH0081,True,Yes,Haan,True,False,Garima Rana,Toilets locked,SCH0081,,True,True,True,True,False,0.14285714285714285
INSP00794,17/08/2025,S0278,True,haan,Nahi,False,False,Benjamin Pai,Average,SCH0278,,True,True,False,False,False,0.42857142857142855
INSP02906,2025-07-05,SCH-0385,0,H,True,False,False,Siya Dewan,Needs repair,SCH0385,,False,,True,False,False,0.42857142857142855
INSP00095,07/01/2026,SCH0222,Haan,Functional,1,Functional,na,Chanakya Sodhi,No remarks,SCH0222,,True,True,True,True,,0.0
INSP00130,2025/04/28,sch_0329,True,H,True,True,N,Wishi Vasa,,SCH0329,2025-04-28,True,,True,True,False,0.14285714285714285
INSP02361,22.04.2025,sch_0489,Hai,True,haan,Yes,na,Xalak Hans,Average,SCH0489,,True,True,True,True,,0.0
INSP01601,07-21-2025,0468,False,False,Haan,1,Nahi hai,Harinakshi Suri,,SCH0468,,False,False,True,True,,0.2857142857142857
INSP01901,2025/08/06,sch0439,Functional,H,Y,Broken,True,Kala Nadig,Needs repair,SCH0439,2025-08-06,True,,True,False,True,0.14285714285714285
INSP02757,29/11/2025,SCH0372,True,True,True,True,True,Wakeeta Bawa,No remarks,SCH0372,,True,True,True,True,True,0.0
INSP01933,06-10-2025,sch_0347,True,True,haan,Yes,True,Nihal Salvi,Needs repair,SCH0347,,True,True,True,True,True,0.0
INSP02264,05/10/2025,sch_0370,True,Functional,False,H,True,Manthan Pandey,Needs repair,SCH0370,,True,True,False,,True,0.14285714285714285
INSP01866,09/10/2025,SCH0500,haan,True,Y,H,True,,Toilets locked,SCH0500,,True,True,True,,True,0.0
INSP01659,11-27-2025,sch0107,,H,Nahi,Broken,False,,,SCH0107,,,,False,False,False,0.42857142857142855
INSP00517,06/10/2025,SCH-0051,True,Haan,Available,Y,0,Zayyan Loyal,Average,SCH0051,,True,True,,True,False,0.14285714285714285
INSP01858,18/02/2026,SCH0395,True,1,Y,False,0,Eshana Manda,Average,SCH0395,,True,True,True,False,False,0.2857142857142857
INSP01278,2026-01-07,SCH0561,No,Hai,N,haan,False,Waida Shankar,Needs repair,SCH0561,,False,True,False,True,False,0.42857142857142855
INSP00951,07/09/2025,SCH0323,False,True,True,True,No,Bina Shankar,Good condition,SCH0323,,False,True,True,True,False,0.2857142857142857
INSP01121,01/11/2025,SCH0225,True,Working,True,False,True,,Toilets locked,SCH0225,,True,True,True,False,True,0.14285714285714285
INSP00420,2025-10-15,SCH0148,Yes,H,Yes,True,True,Januja Magar,Needs repair,SCH0148,,True,,True,True,True,0.0
INSP00923,12-03-2025,SCH0242,,1,H,Haan,Yes,Omkaar Das,Good condition,SCH0242,,,True,,True,True,0.0
INSP02319,19/04/2025,SCH0024,Working,Functional,True,Haan,Haan,Azad Chokshi,Toilets locked,SCH0024,,True,True,True,True,True,0.0
INSP00478,08-08-2025,sch0410,1,Haan,Working,False,False,,,SCH0410,,True,True,True,False,False,0.2857142857142857
INSP02036,12/06/2025,S0171,Y,False,True,No,na,Manan Mohan,No remarks,SCH0171,,True,False,True,False,,0.2857142857142857
INSP02296,18/10/2025,SCH-0564,True,True,True,No,Under Repair,Garima Gera,Good condition,SCH0564,,True,True,True,False,,0.14285714285714285
INSP01693,20-Sep-2025,S0243,1,Working,Y,False,Broken,Anjali Sandhu,Needs repair,SCH0243,,True,True,True,False,False,0.2857142857142857
INSP02821,11-22-2025,sch0080,True,True,True,True,Kharab,Vamakshi Guha,No remarks,SCH0080,,True,True,True,True,False,0.14285714285714285
INSP01472,03/03/2026,SCH0257,True,True,True,Haan,False,Tanvi Kala,Average,SCH0257,,True,True,True,True,False,0.14285714285714285
INSP01203,09-17-2025,SCH0208,Haan,Available,Yes,False,True,Krish Agarwal,,SCH0208,,True,,True,False,True,0.14285714285714285
INSP01670,01/09/2025,SCH0573,Y,True,True,haan,Working,Eesha More,No remarks,SCH0573,,True,True,True,True,True,0.0
INSP02917,01-24-2026,SCH0282,True,True,1,,True,Kashvi Mahajan,Toilets locked,SCH0282,,True,True,True,,True,0.0
INSP01971,05-07-2025,0008,1,Available,Working,False,Nahi hai,,Toilets locked,SCH0008,,True,,True,False,,0.14285714285714285
INSP02152,16.12.2025,SCH0226,Haan,False,Hai,Haan,1,Samarth Subramaniam,Average,SCH0226,,True,False,True,True,True,0.14285714285714285
INSP00821,06-20-2025,SCH-0303,,True,Available,Nahi hai,0,Dayamai Kashyap,,SCH0303,,,True,,,False,0.14285714285714285
INSP01998,23.05.2025,S0187,1,True,True,True,False,Imaran Sawhney,Average,SCH0187,,True,True,True,True,False,0.14285714285714285
INSP00053,2025-04-05,SCH0112,True,True,Yes,Haan,False,Lipika Agarwal,Needs repair,SCH0112,,True,True,True,True,False,0.14285714285714285
INSP01249,08-25-2025,SCH0201,haan,Hai,Working,,True,,Good condition,SCH0201,,True,True,True,,True,0.0
INSP02315,13-Jan-2026,SCH0303,haan,True,False,False,False,Gagan Karan,Toilets locked,SCH0303,,True,True,False,False,False,0.42857142857142855
INSP02831,19-May-2025,SCH0183,,Under Repair,Yes,Y,False,Samar Sane,Needs repair,SCH0183,,,,True,True,False,0.14285714285714285
INSP02191,2026-01-02,S0514,True,True,Haan,Yes,False,Oliver Balay,,SCH0514,,True,True,True,True,False,0.14285714285714285
INSP02749,2025-10-18,SCH0209,True,,True,Available,True,Devansh Oak,Toilets locked,SCH0209,,True,,True,,True,0.0
INSP01047,30/09/2025,SCH0226,1,1,True,True,,Chandran Ramanathan,,SCH0226,,True,True,True,True,,0.0
INSP01889,2025/06/24,SCH0071,Yes,True,na,,False,Harrison Dara,Average,SCH0071,2025-06-24,True,True,,,False,0.14285714285714285
INSP00616,2025/11/09,sch_0103,Working,1,True,Working,True,Chanakya Agate,Good condition,SCH0103,2025-11-09,True,True,True,True,True,0.0
INSP01319,15-May-2025,SCH0281,1,Hai,,,True,Kala Kumer,No remarks,SCH0281,,True,True,,,True,0.0
INSP00297,2026-01-26,SCH0018,True,Available,Working,False,1,Ayush Anne,No remarks,SCH0018,,True,,True,False,True,0.14285714285714285
INSP02137,2026-03-16,SCH0123,Functional,Yes,1,Under Repair,1,Faris Barman,Needs repair,SCH0123,,True,True,True,,True,0.0
INSP02588,06-Mar-2026,SCH0215,True,Working,True,N,Nahi,,Average,SCH0215,,True,True,True,False,False,0.2857142857142857
INSP01773,04-Aug-2025,SCH0101,Functional,True,Working,Not Available,True,Rachit Virk,No remarks,SCH0101,,True,True,True,,True,0.0
INSP00175,18/04/2025,sch_0427,1,Hai,Working,N,Not Available,Abdul Ratti,Average,SCH0427,,True,True,True,False,,0.14285714285714285
INSP00132,2026/02/15,SCH-0114,haan,H,Available,True,haan,Benjamin Kari,Good condition,SCH0114,2026-02-15,True,,,True,True,0.0
INSP00078,26/04/2025,sch_0434,True,True,Yes,True,False,Tarak Chokshi,No remarks,SCH0434,,True,True,True,True,False,0.14285714285714285
INSP02053,2026/01/10,S0449,H,H,Working,True,False,Ekbal Kalita,No remarks,SCH0449,2026-01-10,,,True,True,False,0.14285714285714285
INSP00725,05-01-2025,sch_0209,0,haan,Y,False,True,Tanay Kumer,Average,SCH0209,,False,True,True,False,True,0.2857142857142857
INSP01315,2025/10/07,SCH0375,,True,True,True,Nahi hai,Jagat Thaker,No remarks,SCH0375,2025-10-07,,True,True,True,,0.0
INSP01852,30.05.2025,SCH-0465,H,Yes,True,True,No,Falak Gade,Average,SCH0465,,,True,True,True,False,0.14285714285714285
INSP02420,27-Jan-2026,sch_0229,True,True,False,Yes,haan,Samarth Chandran,No remarks,SCH0229,,True,True,False,True,True,0.14285714285714285
INSP02616,01-16-2026,SCH0470,True,True,False,False,Available,Ayaan Bora,Good condition,SCH0470,,True,True,False,False,,0.2857142857142857
INSP01373,12-May-2025,SCH0239,True,True,H,True,False,Upkaar Morar,Average,SCH0239,,True,True,,True,False,0.14285714285714285
INSP01856,08-25-2025,SCH-0473,True,,True,Yes,na,Janaki Oza,Needs repair,SCH0473,,True,,True,True,,0.0
INSP01320,04-20-2025,sch_0125,N,False,Nahi,True,False,Isaac Yogi,,SCH0125,,False,False,False,True,False,0.5714285714285714
INSP00473,14/08/2025,SCH-0183,1,Haan,True,na,na,Henry Hayre,Needs repair,SCH0183,,True,True,True,,,0.0
INSP02290,10-04-2025,SCH0521,True,Available,True,True,True,Matthew Batta,Good condition,SCH0521,,True,,True,True,True,0.0
INSP00376,08/05/2025,sch_0132,Y,,H,,1,Harish Khosla,Good condition,SCH0132,,True,,,,True,0.0
INSP01909,2025-09-29,SCH-0093,False,False,Nahi,True,Hai,Udarsh Shere,No remarks,SCH0093,,False,False,False,True,True,0.42857142857142855
INSP00334,12.09.2025,sch0456,Available,False,False,True,False,Aachal Barad,Good condition,SCH0456,,,False,False,True,False,0.42857142857142855
INSP02375,12/03/2026,SCH-0288,0,H,True,Nahi hai,Available,Umang Ray,,SCH0288,,False,,True,,,0.14285714285714285
INSP02425,2026/01/11,SCH0560,True,haan,N,Available,False,Thomas Khurana,Toilets locked,SCH0560,2026-01-11,True,True,False,,False,0.2857142857142857
INSP01605,20-Dec-2025,sch_0130,,True,Hai,False,False,Aishani Chokshi,Needs repair,SCH0130,,,True,True,False,False,0.2857142857142857
INSP01119,03-Oct-2025,SCH0547,na,True,,False,False,Upadhriti Mallick,Good condition,SCH0547,,,True,,False,False,0.2857142857142857
INSP02971,16-Oct-2025,SCH0249,Nahi,haan,True,True,Nahi,Aadi Shetty,Needs repair,SCH0249,,False,True,True,True,False,0.2857142857142857
INSP01944,2025/10/24,SCH-0466,True,,Working,True,False,Tejas Bajaj,Average,SCH0466,2025-10-24,True,,True,True,False,0.14285714285714285
INSP02385,2025-10-09,SCH-0112,,,True,True,0,Widisha Lad,No remarks,SCH0112,,,,True,True,False,0.14285714285714285
INSP02653,17/09/2025,SCH0591,Haan,0,True,haan,True,Ekaraj Pillay,Average,SCH0591,,True,False,True,True,True,0.14285714285714285
INSP01343,05-13-2025,sch0565,Functional,Hai,True,,0,,Needs repair,SCH0565,,True,True,True,,False,0.14285714285714285
INSP00321,10-20-2025,sch0407,na,True,Nahi hai,na,True,Tamanna Om,,SCH0407,,,True,,,True,0.0
INSP01620,31/08/2025,SCH0170,True,0,No,True,False,Harsh Shankar,Toilets locked,SCH0170,,True,False,False,True,False,0.42857142857142855
INSP02574,14.09.2025,S0237,False,False,Y,False,Haan,Brijesh Pandey,Average,SCH0237,,False,False,True,False,True,0.42857142857142855
INSP02061,2025-12-06,SCH0494,,na,True,1,False,,Good condition,SCH0494,,,,True,True,False,0.14285714285714285
INSP02220,18.03.2026,SCH0477,True,1,True,False,No,Nihal Merchant,Toilets locked,SCH0477,,True,True,True,False,False,0.2857142857142857
INSP01674,2025/07/07,SCH0260,False,,Yes,False,True,Charles Kala,Toilets locked,SCH0260,2025-07-07,False,,True,False,True,0.2857142857142857
INSP01943,05/01/2026,SCH0457,True,True,Yes,N,False,Riya Ravi,Average,SCH0457,,True,True,True,False,False,0.2857142857142857
INSP00261,09-07-2025,SCH0508,Yes,H,1,False,True,Jai Rai,Toilets locked,SCH0508,,True,,True,False,True,0.14285714285714285
INSP02478,15/02/2026,sch0452,False,Available,True,na,False,Arjun Andra,Average,SCH0452,,False,,True,,False,0.2857142857142857
INSP02040,12/11/2025,SCH0045,True,0,haan,Hai,Working,Noah Parmar,No remarks,SCH0045,,True,False,True,True,True,0.14285714285714285
INSP00690,2025-09-23,SCH0218,Available,Working,Available,True,Haan,Anusha Kadakia,Average,SCH0218,,,True,,True,True,0.0
INSP00902,09-29-2025,SCH0592,True,0,True,True,Yes,Manbir Sagar,No remarks,SCH0592,,True,False,True,True,True,0.14285714285714285
INSP02027,2025/06/06,SCH0355,N,True,Haan,False,Hai,Eiravati Bava,Good condition,SCH0355,2025-06-06,False,True,True,False,True,0.2857142857142857
INSP00139,27.03.2026,SCH0517,Y,Hai,H,True,False,Brinda Krishna,Good condition,SCH0517,,True,True,,True,False,0.14285714285714285
INSP01918,2025-07-27,SCH0025,False,Yes,Kharab,True,True,Chatura Palla,Average,SCH0025,,False,True,False,True,True,0.2857142857142857
INSP01829,2025-12-28,SCH0558,Hai,False,Yes,True,Y,,Good condition,SCH0558,,True,False,True,True,True,0.14285714285714285
INSP01574,29.12.2025,SCH0125,Y,Y,Working,False,False,Hritik Tella,No remarks,SCH0125,,True,True,True,False,False,0.2857142857142857
INSP00320,23-Jun-2025,0452,True,N,Haan,True,False,,,SCH0452,,True,False,True,True,False,0.2857142857142857
INSP00654,28/11/2025,SCH0506,1,True,N,True,0,Peter Jhaveri,,SCH0506,,True,True,False,True,False,0.2857142857142857
INSP02138,04-18-2025,sch_0461,haan,Yes,Functional,True,True,Leela Basak,Average,SCH0461,,True,True,True,True,True,0.0
INSP02586,30/07/2025,SCH-0193,Working,True,Nahi,True,True,,No remarks,SCH0193,,True,True,False,True,True,0.14285714285714285
INSP00559,2025/10/26,SCH0133,,,True,haan,True,Dayamai Andra,No remarks,SCH0133,2025-10-26,,,True,True,True,0.0
INSP02188,2026-03-10,sch0555,Yes,Functional,,True,N,Rushil Chakrabarti,Average,SCH0555,,True,True,,True,False,0.14285714285714285
INSP00113,2026-02-09,SCH0441,,True,False,Haan,haan,Neelima Ganguly,Good condition,SCH0441,,,True,False,True,True,0.14285714285714285
INSP00532,08.05.2025,sch_0322,Nahi,Haan,True,False,Haan,Chanakya Kala,Good condition,SCH0322,,False,True,True,False,True,0.2857142857142857
INSP00225,06/03/2026,SCH0440,N,True,1,True,H,,Needs repair,SCH0440,,False,True,True,True,,0.14285714285714285
INSP00724,2025-09-08,sch_0237,Broken,False,True,Working,True,Gaurav Seshadri,Good condition,SCH0237,,False,False,True,True,True,0.2857142857142857
INSP02555,2025/10/27,sch_0254,Y,True,Working,Nahi hai,True,Amruta Nayar,Toilets locked,SCH0254,2025-10-27,True,True,True,,True,0.0
INSP02703,09-14-2025,SCH0179,Functional,haan,Y,Working,haan,Isaac Kibe,Good condition,SCH0179,,True,True,True,True,True,0.0
INSP01434,15/12/2025,SCH0010,True,True,False,Kharab,True,Abhimanyu Bhalla,Good condition,SCH0010,,True,True,False,False,True,0.2857142857142857
INSP02453,03.06.2025,S0291,True,True,False,Kharab,False,,Good condition,SCH0291,,True,True,False,False,False,0.42857142857142855
INSP02891,12-Nov-2025,sch0436,Hai,True,True,False,Haan,Gautam Hora,Good condition,SCH0436,,True,True,True,False,True,0.14285714285714285
INSP01459,2025-09-22,SCH0096,True,True,1,False,,Anya Khanna,Toilets locked,SCH0096,,True,True,True,False,,0.14285714285714285
INSP02841,21-Feb-2026,sch_0407,False,Y,True,True,False,Hemal Tak,Average,SCH0407,,False,True,True,True,False,0.2857142857142857
INSP00847,16/02/2026,SCH0485,Y,Yes,Working,True,False,Omisha Shenoy,Toilets locked,SCH0485,,True,True,True,True,False,0.14285714285714285
INSP00194,10-Sep-2025,SCH0297,True,Kharab,Haan,H,False,Anmol Raval,Good condition,SCH0297,,True,False,True,,False,0.2857142857142857
INSP01465,30.09.2025,sch_0550,True,True,False,,True,Tripti Kar,Good condition,SCH0550,,True,True,False,,True,0.14285714285714285
INSP00947,2025/06/03,SCH0440,Hai,Y,True,False,True,Anvi Dara,,SCH0440,2025-06-03,True,True,True,False,True,0.14285714285714285
INSP02022,27-Aug-2025,SCH-0257,True,True,Yes,True,Haan,,Average,SCH0257,,True,True,True,True,True,0.0
INSP01630,10.04.2025,0210,True,True,Y,1,Hai,Gavin Sekhon,Toilets locked,SCH0210,,True,True,True,True,True,0.0
INSP00118,14/07/2025,SCH0432,Working,H,True,Kharab,No,Anita Agarwal,,SCH0432,,True,,True,False,False,0.2857142857142857
INSP00646,01-06-2026,sch_0136,False,Yes,True,Functional,False,Tanish Dhingra,Average,SCH0136,,False,True,True,True,False,0.2857142857142857
INSP01871,24.12.2025,SCH0028,Y,True,Working,True,False,Madhavi Dutta,No remarks,SCH0028,,True,True,True,True,False,0.14285714285714285
INSP00004,11-20-2025,sch0322,True,Hai,True,False,1,Yachana Dyal,Needs repair,SCH0322,,True,True,True,False,True,0.14285714285714285
INSP00075,12-07-2025,sch_0493,True,1,False,,False,Farhan Nagi,Good condition,SCH0493,,True,True,False,,False,0.2857142857142857
INSP01756,12/02/2026,S0287,False,True,False,True,True,Anvi Ray,,SCH0287,,False,True,False,True,True,0.2857142857142857
INSP00468,26.09.2025,sch_0531,False,H,True,True,Under Repair,Jairaj Malhotra,No remarks,SCH0531,,False,,True,True,,0.14285714285714285
INSP00006,17-Jun-2025,SCH0315,Yes,haan,True,Functional,False,Chaitaly Yadav,,SCH0315,,True,True,True,True,False,0.14285714285714285
INSP01247,30/04/2025,sch0229,True,haan,True,True,False,Upkaar Gara,Toilets locked,SCH0229,,True,True,True,True,False,0.14285714285714285
INSP00920,29-Sep-2025,SCH-0324,Haan,True,,True,,Dayita Handa,Good condition,SCH0324,,True,True,,True,,0.0
INSP00229,19.06.2025,SCH0506,Nahi,Haan,True,na,0,Naksh Koshy,Toilets locked,SCH0506,,False,True,True,,False,0.2857142857142857
INSP01064,2025-11-02,SCH0558,True,Working,True,Yes,True,Benjamin Krishna,Toilets locked,SCH0558,,True,True,True,True,True,0.0
INSP00243,28/10/2025,sch_0581,True,Kharab,False,False,1,Jai Doctor,Needs repair,SCH0581,,True,False,False,False,True,0.42857142857142855
INSP02403,05-16-2025,SCH-0232,Broken,Hai,No,False,Working,Matthew Rastogi,Good condition,SCH0232,,False,True,False,False,True,0.42857142857142855
INSP01161,09.06.2025,SCH-0037,True,True,True,True,False,Varenya Viswanathan,,SCH0037,,True,True,True,True,False,0.14285714285714285
INSP02645,2026/01/11,sch_0397,Nahi,True,True,True,True,,No remarks,SCH0397,2026-01-11,False,True,True,True,True,0.14285714285714285
INSP01527,2025-04-26,SCH-0560,True,False,True,True,No,Pavani Banik,Toilets locked,SCH0560,,True,False,True,True,False,0.2857142857142857
INSP01606,05-03-2025,SCH0002,Not Available,haan,H,True,No,Charita Halder,,SCH0002,,,True,,True,False,0.14285714285714285
INSP02927,01-May-2025,SCH0209,Yes,Working,True,True,False,Zashil Shetty,Average,SCH0209,,True,True,True,True,False,0.14285714285714285
INSP01317,14.07.2025,SCH0315,1,True,1,Working,True,Harita Chatterjee,,SCH0315,,True,True,True,True,True,0.0
INSP02677,19-Jun-2025,SCH-0064,True,True,True,N,Nahi hai,Indira Johal,Toilets locked,SCH0064,,True,True,True,False,,0.14285714285714285
INSP01990,04/01/2026,SCH0287,,True,Available,True,Yes,Samesh Keer,Toilets locked,SCH0287,,,True,,True,True,0.0
INSP02476,2026/02/19,SCH0268,1,True,False,False,Yes,Ronith Doctor,Good condition,SCH0268,2026-02-19,True,True,False,False,True,0.2857142857142857
INSP01976,2025-10-12,SCH0209,False,Haan,True,,Haan,,Average,SCH0209,,False,True,True,,True,0.14285714285714285
INSP01762,2025/12/18,SCH0509,1,False,False,Functional,Hai,Patrick Cheema,Average,SCH0509,2025-12-18,True,False,False,True,True,0.2857142857142857
INSP01306,2026-03-01,S0462,True,,True,H,Available,Ojasvi Chahal,No remarks,SCH0462,,True,,True,,,0.0
INSP01542,2025/08/21,0062,False,True,Hai,True,False,Rehaan Saini,Good condition,SCH0062,2025-08-21,False,True,True,True,False,0.2857142857142857
INSP00623,28/11/2025,0047,True,True,,Nahi hai,True,Abdul Kar,Needs repair,SCH0047,,True,True,,,True,0.0
INSP02437,06/03/2026,SCH0017,Y,True,0,,0,Teerth Mandal,,SCH0017,,True,True,False,,False,0.2857142857142857
INSP01494,10.03.2026,SCH0014,Nahi,True,Haan,False,False,Pahal Batra,Average,SCH0014,,False,True,True,False,False,0.42857142857142855
INSP00111,06-07-2025,0060,True,Haan,True,H,No,Benjamin Varty,No remarks,SCH0060,,True,True,True,,False,0.14285714285714285
INSP02276,2025-07-25,SCH0405,Haan,True,True,False,False,,Toilets locked,SCH0405,,True,True,True,False,False,0.2857142857142857
INSP02388,09.12.2025,SCH0217,False,False,Haan,True,False,Edhitha Lall,Average,SCH0217,,False,False,True,True,False,0.42857142857142855
INSP01170,21-May-2025,SCH0571,True,True,Hai,False,Yes,Vidhi Dutta,Needs repair,SCH0571,,True,True,True,False,True,0.14285714285714285
INSP02589,2025/09/05,S0396,False,N,Functional,Nahi,True,Gagan Iyengar,Good condition,SCH0396,2025-09-05,False,False,True,False,True,0.42857142857142855
INSP00233,12-29-2025,SCH-0303,0,Functional,Hai,True,Functional,Yagnesh Wali,Toilets locked,SCH0303,,False,True,True,True,True,0.14285714285714285
INSP00067,29/12/2025,sch_0546,Nahi hai,Yes,True,No,True,Alexander Devan,,SCH0546,,,True,True,False,True,0.14285714285714285
INSP02847,31.03.2026,SCH0432,True,Available,True,True,Nahi,,,SCH0432,,True,,True,True,False,0.14285714285714285
INSP02073,02-05-2026,SCH0228,True,Haan,True,Functional,True,Irya Hayer,No remarks,SCH0228,,True,True,True,True,True,0.0
INSP02193,31/12/2025,SCH0479,Available,Functional,Y,haan,Nahi,Ojasvi Peri,No remarks,SCH0479,,,True,True,True,False,0.14285714285714285
INSP00537,05-31-2025,SCH0144,True,Hai,True,Haan,Nahi hai,Parth Rau,Average,SCH0144,,True,True,True,True,,0.0
INSP00126,19/01/2026,SCH0033,0,False,H,0,na,,Good condition,SCH0033,,False,False,,False,,0.42857142857142855
INSP02134,04-01-2025,S0213,False,1,1,True,False,Rehaan Chaudhuri,Needs repair,SCH0213,,False,True,True,True,False,0.2857142857142857
INSP01255,02.09.2025,SCH0568,Y,H,Yes,True,1,Amol Sidhu,Needs repair,SCH0568,,True,,True,True,True,0.0
INSP02787,2025-08-10,SCH0311,True,haan,False,True,True,Luke Ramakrishnan,Good condition,SCH0311,,True,True,False,True,True,0.14285714285714285
INSP01977,2025/11/10,SCH0194,True,True,H,haan,False,Advaith Chana,,SCH0194,2025-11-10,True,True,,True,False,0.14285714285714285
INSP02590,06-20-2025,sch_0005,1,True,1,False,Y,,Needs repair,SCH0005,,True,True,True,False,True,0.14285714285714285
INSP02483,2025-06-27,SCH0237,,H,1,True,True,Bhanumati Balay,Needs repair,SCH0237,,,,True,True,True,0.0
INSP02076,2026-02-03,sch_0183,True,True,Functional,True,1,Kashvi Agarwal,Good condition,SCH0183,,True,True,True,True,True,0.0
INSP00485,11-Jul-2025,SCH0435,False,True,True,N,H,Rachit Rattan,Toilets locked,SCH0435,,False,True,True,False,,0.2857142857142857
INSP01655,27.09.2025,sch0024,True,0,Hai,Kharab,False,Jai Aggarwal,No remarks,SCH0024,,True,False,True,False,False,0.42857142857142855
INSP02814,02-Oct-2025,SCH-0295,Yes,Nahi,True,haan,False,Reva Dasgupta,Toilets locked,SCH0295,,True,False,True,True,False,0.2857142857142857
INSP02680,20.02.2026,SCH-0119,True,Hai,Hai,Haan,Y,Rohan Ramesh,Average,SCH0119,,True,True,True,True,True,0.0
INSP02529,2025-07-19,SCH0041,Yes,Available,No,True,1,Advik Raja,Needs repair,SCH0041,,True,,False,True,True,0.14285714285714285
INSP01775,2025-12-06,SCH-0180,True,True,Functional,True,Haan,Logan Sachdeva,No remarks,SCH0180,,True,True,True,True,True,0.0
INSP00919,09-Mar-2026,SCH0222,Hai,True,True,Haan,Nahi hai,Nitesh Om,Toilets locked,SCH0222,,True,True,True,True,,0.0
INSP01647,02-08-2026,SCH-0445,True,Haan,False,,False,Baghyawati Dada,Average,SCH0445,,True,True,False,,False,0.2857142857142857
INSP01027,2025-04-11,sch0318,True,,0,1,True,,No remarks,SCH0318,,True,,False,True,True,0.14285714285714285
INSP01031,03-19-2026,sch_0423,True,haan,True,,na,Daniel Peri,No remarks,SCH0423,,True,True,True,,,0.0
INSP00883,16-Dec-2025,SCH-0191,Functional,True,True,True,False,Bhanumati Bhatnagar,Toilets locked,SCH0191,,True,True,True,True,False,0.14285714285714285
INSP01336,01-05-2026,SCH0263,Nahi hai,True,Yes,Yes,Nahi hai,Megha Samra,Needs repair,SCH0263,,,True,True,True,,0.0
INSP02342,13.09.2025,0121,Haan,N,Hai,H,False,Leela Brar,No remarks,SCH0121,,True,False,True,,False,0.2857142857142857
INSP00365,2025/05/07,SCH0482,Y,True,haan,True,False,Michael Narula,Toilets locked,SCH0482,2025-05-07,True,True,True,True,False,0.14285714285714285
INSP02126,22/06/2025,SCH0298,Functional,Yes,,True,False,Chanchal Palan,Average,SCH0298,,True,True,,True,False,0.14285714285714285
INSP00028,30-Mar-2026,SCH-0591,False,,True,Nahi,Nahi hai,Bhanumati Mallick,Needs repair,SCH0591,,False,,True,False,,0.2857142857142857
INSP00474,2025/09/04,SCH0496,Hai,H,False,True,False,Vihaan Barman,Good condition,SCH0496,2025-09-04,True,,False,True,False,0.2857142857142857
INSP00526,16.05.2025,S0587,True,H,True,Functional,Haan,Yuvraj Kannan,Good condition,SCH0587,,True,,True,True,True,0.0
INSP00726,20-Oct-2025,S0261,Working,0,True,True,False,Jason Majumdar,Toilets locked,SCH0261,,True,False,True,True,False,0.2857142857142857
INSP00056,11/08/2025,sch_0086,True,True,H,False,Nahi,Veer Sama,,SCH0086,,True,True,,False,False,0.2857142857142857
INSP00639,2025/11/27,SCH-0211,N,True,Hai,True,True,Vasudha Kurian,No remarks,SCH0211,2025-11-27,False,True,True,True,True,0.14285714285714285
INSP00303,31.07.2025,sch0172,N,True,True,Nahi hai,True,Chatresh Manne,,SCH0172,,False,True,True,,True,0.14285714285714285
INSP02743,27-Mar-2026,SCH0242,,True,True,False,False,,Good condition,SCH0242,,,True,True,False,False,0.2857142857142857
INSP01277,04-Nov-2025,sch0061,na,Y,False,True,False,Wridesh Yohannan,Toilets locked,SCH0061,,,True,False,True,False,0.2857142857142857
INSP02772,05-01-2025,S0518,Functional,False,1,True,False,Upadhriti Som,Average,SCH0518,,True,False,True,True,False,0.2857142857142857
INSP00625,2026-03-08,sch_0034,True,Haan,True,Kharab,Under Repair,Imaran Konda,Good condition,SCH0034,,True,True,True,False,,0.14285714285714285
INSP02056,21/01/2026,S0230,,Hai,Y,,Hai,Advika Kala,,SCH0230,,,True,True,,True,0.0
INSP01281,2026/01/20,SCH-0458,Nahi hai,True,0,False,,Ishaan Lal,Average,SCH0458,2026-01-20,,True,False,False,,0.2857142857142857
INSP01050,07/10/2025,SCH0587,,True,H,True,Haan,Finn Babu,No remarks,SCH0587,,,True,,True,True,0.0
INSP00337,2025-11-08,sch_0492,1,True,False,Functional,False,Ranbir Dayal,Good condition,SCH0492,,True,True,False,True,False,0.2857142857142857
INSP00048,07/03/2026,SCH0324,1,haan,Nahi hai,0,na,Charan Kala,Needs repair,SCH0324,,True,True,,False,,0.14285714285714285
INSP00107,29/05/2025,SCH0128,True,True,Y,False,Y,Mugdha Narula,Average,SCH0128,,True,True,True,False,True,0.14285714285714285
INSP01080,2025-12-04,SCH0150,True,True,No,True,True,Kashvi Bahl,Average,SCH0150,,True,True,False,True,True,0.14285714285714285
INSP02287,2026/02/14,sch_0322,Available,True,True,False,Y,,,SCH0322,2026-02-14,,True,True,False,True,0.14285714285714285
INSP02262,2026/02/05,S0176,True,Y,True,False,Nahi hai,Sanaya Goyal,Good condition,SCH0176,2026-02-05,True,True,True,False,,0.14285714285714285
INSP01145,2025-10-06,SCH0024,True,True,False,False,False,Rachana Walla,Average,SCH0024,,True,True,False,False,False,0.42857142857142855
INSP02510,16/07/2025,0427,H,True,True,True,True,Jackson Pradhan,Needs repair,SCH0427,,,True,True,True,True,0.0
INSP02297,20/09/2025,SCH0072,Hai,H,True,False,Working,Gayathri Sharaf,Toilets locked,SCH0072,,True,,True,False,True,0.14285714285714285
INSP01837,03.05.2025,SCH0193,Y,Haan,True,True,True,Widisha Sarma,Average,SCH0193,,True,True,True,True,True,0.0
INSP01754,11-Oct-2025,SCH0294,1,True,Functional,Nahi hai,na,Nitara Sampath,Good condition,SCH0294,,True,True,True,,,0.0
INSP01102,01.06.2025,sch_0039,,haan,N,na,na,Frado Kota,,SCH0039,,,True,False,,,0.14285714285714285
INSP01969,2025/12/30,sch_0297,Working,True,Available,True,Nahi,Ikshita Singh,Average,SCH0297,2025-12-30,True,True,,True,False,0.14285714285714285
INSP00524,27/12/2025,sch0567,True,True,haan,,,Triveni Pant,No remarks,SCH0567,,True,True,True,,,0.0
INSP02281,16/07/2025,SCH0259,True,Available,True,haan,False,Umang Chaudhry,No remarks,SCH0259,,True,,True,True,False,0.14285714285714285
INSP01429,09-01-2025,S0316,haan,True,True,False,False,Nathan Sahni,No remarks,SCH0316,,True,True,True,False,False,0.2857142857142857
INSP02742,2025/04/23,SCH0231,True,True,True,Kharab,na,Barkha Bala,Good condition,SCH0231,2025-04-23,True,True,True,False,,0.14285714285714285
INSP00604,03-Aug-2025,SCH0552,H,True,True,True,Functional,Bhavini Narang,Needs repair,SCH0552,,,True,True,True,True,0.0
INSP01490,05-Jul-2025,S0316,Kharab,na,haan,Hai,True,Ryan Bhargava,Toilets locked,SCH0316,,False,,True,True,True,0.14285714285714285
INSP02475,04-07-2025,SCH0496,True,Hai,True,True,No,Onkar Karan,,SCH0496,,True,True,True,True,False,0.14285714285714285
INSP00061,05.11.2025,SCH0518,False,Yes,True,No,N,Anamika Kapur,Good condition,SCH0518,,False,True,True,False,False,0.42857142857142855
INSP02890,2025/07/29,sch0008,Functional,N,Haan,Hai,True,Samaksh Aurora,Needs repair,SCH0008,2025-07-29,True,False,True,True,True,0.14285714285714285
INSP00672,2025-11-30,sch_0230,Y,False,True,Available,False,Victor Bhakta,Average,SCH0230,,True,False,True,,False,0.2857142857142857
INSP00093,21/07/2025,SCH-0366,False,True,0,N,Available,Yamini Maharaj,Average,SCH0366,,False,True,False,False,,0.42857142857142855
INSP00667,13-May-2025,SCH-0412,1,True,Working,True,,Suhani Nath,,SCH0412,,True,True,True,True,,0.0
INSP01888,11-Apr-2025,SCH-0417,Functional,Available,Hai,N,Kharab,Krisha Ravi,Good condition,SCH0417,,True,,True,False,False,0.2857142857142857
INSP00281,2026-03-02,sch0477,Kharab,False,True,False,Nahi hai,Hemani Chopra,Toilets locked,SCH0477,,False,False,True,False,,0.42857142857142855
INSP01720,2025/06/15,SCH0337,Yes,True,Hai,False,N,Radhika Kalla,Good condition,SCH0337,2025-06-15,True,True,True,False,False,0.2857142857142857
INSP00360,2025-10-20,SCH-0382,False,No,Haan,False,True,Aarna Sharma,No remarks,SCH0382,,False,False,True,False,True,0.42857142857142855
INSP00900,2025-11-22,SCH0036,Hai,True,H,Nahi,False,Nicholas Roy,Toilets locked,SCH0036,,True,True,,False,False,0.2857142857142857
INSP01936,23/09/2025,sch_0141,False,Hai,Available,Haan,Available,,Good condition,SCH0141,,False,True,,True,,0.14285714285714285
INSP01995,23/03/2026,SCH0223,Yes,Haan,Y,Yes,Nahi,Advaith Prabhakar,Good condition,SCH0223,,True,True,True,True,False,0.14285714285714285
INSP01726,2025/11/13,sch_0316,True,Nahi hai,Hai,True,True,Chakradhar Kapoor,Average,SCH0316,2025-11-13,True,,True,True,True,0.0
INSP00761,07-01-2025,SCH0520,False,H,haan,haan,H,Vasana Keer,Toilets locked,SCH0520,,False,,True,True,,0.14285714285714285
INSP02159,04-Apr-2025,SCH-0090,Y,,na,Yes,False,,Needs repair,SCH0090,,True,,,True,False,0.14285714285714285
INSP02758,2025-12-23,sch_0096,False,Functional,Nahi,Nahi hai,False,Ishanvi Ratti,Average,SCH0096,,False,True,False,,False,0.42857142857142855
INSP00043,15-Jul-2025,SCH0032,Nahi hai,H,,True,No,Unnati Shankar,,SCH0032,,,,,True,False,0.14285714285714285
INSP02174,30.04.2025,SCH0509,Broken,Haan,H,1,False,Rachana Sem,No remarks,SCH0509,,False,True,,True,False,0.2857142857142857
INSP00205,16/11/2025,SCH0411,,False,True,True,True,Brijesh Virk,Toilets locked,SCH0411,,,False,True,True,True,0.14285714285714285
INSP01474,2025/11/04,SCH-0548,True,0,,H,,Ekapad Keer,Average,SCH0548,2025-11-04,True,False,,,,0.14285714285714285
INSP02101,2025-10-07,SCH0004,Hai,Yes,Yes,No,False,,,SCH0004,,True,True,True,False,False,0.2857142857142857
INSP00069,2026-02-18,SCH0532,True,1,Haan,Broken,False,Anika Warrior,Needs repair,SCH0532,,True,True,True,False,False,0.2857142857142857
INSP01876,2025/10/01,SCH0587,H,Yes,Y,H,True,Finn Khurana,Needs repair,SCH0587,2025-10-01,,True,True,,True,0.0
INSP02600,10-Sep-2025,0414,Y,Nahi hai,Yes,H,Haan,Faraj Mishra,,SCH0414,,True,,True,,True,0.0
INSP02232,2025/07/17,SCH0375,Available,True,No,False,Working,Baghyawati Oak,No remarks,SCH0375,2025-07-17,,True,False,False,True,0.2857142857142857
INSP00138,22/08/2025,sch_0075,True,0,False,False,True,Ira Atwal,Toilets locked,SCH0075,,True,False,False,False,True,0.42857142857142855
INSP00797,2025-05-06,SCH-0319,Yes,True,Functional,No,True,Pranav Krishna,Needs repair,SCH0319,,True,True,True,False,True,0.14285714285714285
INSP02181,08/05/2025,SCH0033,True,Yes,Yes,Working,False,Fariq Lad,Toilets locked,SCH0033,,True,True,True,True,False,0.14285714285714285
INSP02129,2026/03/04,S0244,Nahi hai,Nahi,True,True,1,Pavani Pal,Average,SCH0244,2026-03-04,,False,True,True,True,0.14285714285714285
INSP00759,22.09.2025,SCH0246,0,,False,False,1,Jhalak Thaman,No remarks,SCH0246,,False,,False,False,True,0.42857142857142855
INSP00542,2026-02-22,SCH-0411,Working,Y,1,False,False,Bhavna Subramanian,Average,SCH0411,,True,True,True,False,False,0.2857142857142857
INSP01020,2025-05-13,SCH0178,Nahi hai,Functional,True,False,False,,Average,SCH0178,,,True,True,False,False,0.2857142857142857
INSP02412,24-Jul-2025,sch_0457,Broken,True,0,na,Nahi hai,Naksh Ghosh,Average,SCH0457,,False,True,False,,,0.2857142857142857
INSP00166,2025/07/05,S0309,False,True,True,,H,,,SCH0309,2025-07-05,False,True,True,,,0.14285714285714285
INSP00249,29-Oct-2025,SCH-0371,1,,Available,No,Yes,Onkar Dua,Toilets locked,SCH0371,,True,,,False,True,0.14285714285714285
INSP01332,2025-04-23,sch_0220,haan,True,True,False,No,Ekansh Nayak,Good condition,SCH0220,,True,True,True,False,False,0.2857142857142857
INSP02018,07/10/2025,S0471,False,1,Working,1,False,Eiravati Jani,No remarks,SCH0471,,False,True,True,True,False,0.2857142857142857
INSP00447,02-01-2026,S0143,True,Yes,True,True,False,Dalaja Rao,Needs repair,SCH0143,,True,True,True,True,False,0.14285714285714285
INSP01359,2025/05/20,SCH0446,No,True,True,Haan,True,Anmol Mand,Needs repair,SCH0446,2025-05-20,False,True,True,True,True,0.14285714285714285
INSP02146,25-Dec-2025,SCH0085,False,True,Yes,True,True,Gavin D’Alia,Toilets locked,SCH0085,,False,True,True,True,True,0.14285714285714285
INSP01330,04-01-2025,SCH0463,True,Yes,True,Yes,H,Champak Warrior,No remarks,SCH0463,,True,True,True,True,,0.0
INSP00153,15.10.2025,sch0540,True,H,Y,Yes,True,Geetika Kulkarni,,SCH0540,,True,,True,True,True,0.0
INSP02151,14-Jan-2026,SCH0371,True,True,True,Hai,Hai,Indali Walla,Good condition,SCH0371,,True,True,True,True,True,0.0
INSP00435,11-19-2025,S0189,True,Working,True,,True,,Needs repair,SCH0189,,True,True,True,,True,0.0
INSP02123,2026-01-23,0226,Working,N,haan,True,na,Warjas Mall,Good condition,SCH0226,,True,False,True,True,,0.14285714285714285
INSP00578,2025-12-24,SCH0109,haan,True,True,False,False,Andrew Ahuja,Toilets locked,SCH0109,,True,True,True,False,False,0.2857142857142857
INSP02515,01-Jun-2025,SCH0135,False,True,Yes,1,True,Ijaya Karpe,No remarks,SCH0135,,False,True,True,True,True,0.14285714285714285
INSP02882,07-20-2025,S0059,N,Haan,Nahi hai,True,1,Christopher Agarwal,Good condition,SCH0059,,False,True,,True,True,0.14285714285714285
INSP01849,2025-05-14,S0345,haan,Haan,na,Functional,True,Qasim Kanda,,SCH0345,,True,True,,True,True,0.0
INSP00763,18-May-2025,sch_0092,True,Yes,Available,True,H,Isha Kohli,,SCH0092,,True,True,,True,,0.0
INSP00389,16/08/2025,sch_0238,Available,haan,Functional,Hai,False,Aradhana Bumb,Average,SCH0238,,,True,True,True,False,0.14285714285714285
INSP00236,09/11/2025,0329,True,True,True,False,Functional,Fariq Sen,Average,SCH0329,,True,True,True,False,True,0.14285714285714285
INSP02740,29.05.2025,SCH0543,Nahi hai,Hai,True,haan,False,Tanmayi Puri,Average,SCH0543,,,True,True,True,False,0.14285714285714285
INSP01985,12/11/2025,SCH-0531,Under Repair,Available,True,True,Nahi,Tanvi Padmanabhan,Good condition,SCH0531,,,,True,True,False,0.14285714285714285
INSP00268,30.12.2025,SCH0206,,True,Hai,Yes,Y,Irya Mody,Needs repair,SCH0206,,,True,True,True,True,0.0
INSP00771,05-09-2025,SCH0309,1,,Haan,Nahi hai,Kharab,Om Shenoy,,SCH0309,,True,,True,,False,0.14285714285714285
INSP02166,12/12/2025,SCH0471,,,True,,Yes,Harshil Bhargava,Good condition,SCH0471,,,,True,,True,0.0
INSP00438,28/04/2025,S0417,True,0,True,False,False,Mitali Nair,Needs repair,SCH0417,,True,False,True,False,False,0.42857142857142855
INSP00674,2025/04/15,SCH-0059,False,True,1,Working,,Chaman Naik,No remarks,SCH0059,2025-04-15,False,True,True,True,,0.14285714285714285
INSP00250,06.03.2026,sch_0098,True,1,True,Yes,False,Ojas Doshi,Average,SCH0098,,True,True,True,True,False,0.14285714285714285
INSP02202,05/03/2026,S0312,Y,True,H,0,,Lakshmi Sami,Good condition,SCH0312,,True,True,,False,,0.14285714285714285
INSP01575,17.09.2025,sch_0311,True,haan,Working,Y,Nahi,Irya Narasimhan,Good condition,SCH0311,,True,True,True,True,False,0.14285714285714285
INSP02143,13.02.2026,sch_0452,Hai,Y,Kharab,No,False,Lila Taneja,Average,SCH0452,,True,True,False,False,False,0.42857142857142855
INSP02082,2025/04/13,SCH0181,haan,Yes,,1,False,Krisha Bal,No remarks,SCH0181,2025-04-13,True,True,,True,False,0.14285714285714285
INSP02753,2025-09-28,S0270,haan,1,True,,Functional,Raagini Wason,No remarks,SCH0270,,True,True,True,,True,0.0
INSP02701,2025-09-07,0025,Haan,True,haan,No,Not Available,Krishna Korpal,Toilets locked,SCH0025,,True,True,True,False,,0.14285714285714285
INSP01966,2026-03-13,0281,Y,Y,False,False,True,Vihaan Varma,Good condition,SCH0281,,True,True,False,False,True,0.2857142857142857
INSP00449,2025-08-15,SCH-0310,,Y,True,False,True,Anay Ben,No remarks,SCH0310,,,True,True,False,True,0.14285714285714285
INSP01470,03-07-2026,SCH0268,0,1,haan,True,Hai,Anika Sahota,Toilets locked,SCH0268,,False,True,True,True,True,0.14285714285714285
INSP00717,16/02/2026,SCH0242,True,1,Working,haan,na,Bachittar Talwar,Toilets locked,SCH0242,,True,True,True,True,,0.0
INSP02682,2025-09-23,SCH0574,Working,True,haan,False,True,Raagini Dube,No remarks,SCH0574,,True,True,True,False,True,0.14285714285714285
INSP02750,02.10.2025,SCH0187,True,True,True,False,True,Sara Chandra,Good condition,SCH0187,,True,True,True,False,True,0.14285714285714285
INSP02049,2025-06-16,SCH0259,True,True,Haan,Yes,0,,Average,SCH0259,,True,True,True,True,False,0.14285714285714285
INSP01902,2026-02-24,SCH0417,False,haan,True,Yes,True,Ekanta Ganguly,Good condition,SCH0417,,False,True,True,True,True,0.14285714285714285
INSP01169,01-Jun-2025,SCH0435,Hai,1,No,Yes,na,Nikita Borah,,SCH0435,,True,True,False,True,,0.14285714285714285
INSP00083,30.12.2025,S0130,Working,True,True,True,Nahi hai,Jai Sheth,,SCH0130,,True,True,True,True,,0.0
INSP02550,01/03/2026,sch_0330,haan,No,,Working,False,Eesha Banerjee,Needs repair,SCH0330,,True,False,,True,False,0.2857142857142857
INSP01461,2025-07-23,SCH0590,1,True,True,True,True,Qarin Wali,Needs repair,SCH0590,,True,True,True,True,True,0.0
INSP01894,2025/12/18,SCH0238,Working,True,True,False,Nahi,Kai Oak,Average,SCH0238,2025-12-18,True,True,True,False,False,0.2857142857142857
INSP01669,07.04.2025,SCH0080,False,True,Working,Under Repair,Functional,Charan Sura,Needs repair,SCH0080,,False,True,True,,True,0.14285714285714285
INSP02001,20-Apr-2025,SCH0425,True,1,Functional,No,haan,Jagvi Gour,,SCH0425,,True,True,True,False,True,0.14285714285714285
INSP00476,25-Oct-2025,SCH0241,Yes,True,,1,N,Leela Palla,Toilets locked,SCH0241,,True,True,,True,False,0.14285714285714285
INSP00518,31.08.2025,SCH-0272,1,1,Y,Haan,N,Alka Shere,No remarks,SCH0272,,True,True,True,True,False,0.14285714285714285
INSP00405,2025-09-03,sch0290,True,True,False,False,True,,Good condition,SCH0290,,True,True,False,False,True,0.2857142857142857
INSP00385,05.03.2026,SCH0387,True,Yes,True,H,Hai,Kritika Setty,Toilets locked,SCH0387,,True,True,True,,True,0.0
INSP02762,09-Apr-2025,SCH-0238,No,0,True,,na,Faraj Sagar,No remarks,SCH0238,,False,False,True,,,0.2857142857142857
INSP02153,2025-11-04,SCH0354,Yes,True,True,Available,False,Vasatika Suresh,Needs repair,SCH0354,,True,True,True,,False,0.14285714285714285
INSP01634,16/01/2026,sch0469,,Functional,True,No,Nahi,Chaman Chhabra,No remarks,SCH0469,,,True,True,False,False,0.2857142857142857
INSP01191,20.09.2025,SCH-0272,haan,True,Broken,Yes,Haan,Vihaan Ramaswamy,Toilets locked,SCH0272,,True,True,False,True,True,0.14285714285714285
INSP00689,2025/11/07,S0017,False,False,True,Under Repair,True,,,SCH0017,2025-11-07,False,False,True,,True,0.2857142857142857
INSP01241,18/07/2025,SCH0170,Nahi,True,Yes,,No,Jai Mandal,Toilets locked,SCH0170,,False,True,True,,False,0.2857142857142857
INSP00063,2025/07/20,S0464,1,Working,Working,Working,No,Harsh Nagy,Average,SCH0464,2025-07-20,True,True,True,True,False,0.14285714285714285
INSP00853,23/04/2025,SCH0329,True,True,Hai,True,,Atharv Balakrishnan,Good condition,SCH0329,,True,True,True,True,,0.0
INSP02892,02/03/2026,SCH0225,Not Available,True,True,No,True,Sai Ram,Toilets locked,SCH0225,,,True,True,False,True,0.14285714285714285
INSP02606,24.07.2025,sch_0429,False,1,haan,True,Not Available,Ria Bedi,Needs repair,SCH0429,,False,True,True,True,,0.14285714285714285
INSP01263,07.12.2025,SCH0540,False,False,True,,Haan,Gabriel Jaggi,No remarks,SCH0540,,False,False,True,,True,0.2857142857142857
INSP00224,2025-12-13,sch0562,True,Y,False,False,True,Manan Patla,No remarks,SCH0562,,True,True,False,False,True,0.2857142857142857
INSP02194,2025/08/22,SCH0263,False,na,True,0,Y,Qarin Suri,Average,SCH0263,2025-08-22,False,,True,False,True,0.2857142857142857
INSP00374,2025/04/07,sch_0017,True,Y,True,True,Available,Fitan Yogi,Needs repair,SCH0017,2025-04-07,True,True,True,True,,0.0
INSP01825,21-Apr-2025,SCH0214,True,True,1,H,Under Repair,Lekha Chaudhari,Good condition,SCH0214,,True,True,True,,,0.0
INSP02668,16.08.2025,sch0580,False,Functional,haan,Hai,True,Upkaar Khurana,No remarks,SCH0580,,False,True,True,True,True,0.14285714285714285
INSP00645,2025-10-18,SCH-0589,Available,True,Nahi,Functional,False,Amaira Padmanabhan,Average,SCH0589,,,True,False,True,False,0.2857142857142857
INSP02731,2026-01-11,SCH0585,True,Yes,True,True,True,Wakeeta Merchant,Needs repair,SCH0585,,True,True,True,True,True,0.0
INSP02822,2026-01-13,SCH0432,,Yes,True,True,Hai,Zayyan Oza,Good condition,SCH0432,,,True,True,True,True,0.0
INSP00010,10-11-2025,SCH-0020,Broken,haan,No,Hai,Available,Wriddhish Golla,Needs repair,SCH0020,,False,True,False,True,,0.2857142857142857
INSP01945,17-Mar-2026,SCH0235,Y,,True,Not Available,True,Garima Devi,Good condition,SCH0235,,True,,True,,True,0.0
INSP01839,11-18-2025,SCH-0497,Y,True,Hai,Nahi,,Mugdha Lad,Toilets locked,SCH0497,,True,True,True,False,,0.14285714285714285
INSP00709,02-13-2026,SCH-0377,haan,Y,,True,True,Pooja D’Alia,No remarks,SCH0377,,True,True,,True,True,0.0
INSP00256,07.03.2026,SCH0478,,haan,True,True,H,Yashasvi Gade,No remarks,SCH0478,,,True,True,True,,0.0
INSP01618,2025-11-22,SCH0116,False,,True,True,False,Upma Savant,No remarks,SCH0116,,False,,True,True,False,0.2857142857142857
INSP00390,09-24-2025,sch0042,True,True,True,Y,Yes,Xavier Keer,Needs repair,SCH0042,,True,True,True,True,True,0.0
INSP01582,2025/12/01,S0279,Hai,Functional,True,False,False,Ojasvi Bassi,Needs repair,SCH0279,2025-12-01,True,True,True,False,False,0.2857142857142857
INSP00925,2025-12-11,SCH0488,0,,haan,False,Y,Dalaja Nath,Good condition,SCH0488,,False,,True,False,True,0.2857142857142857
INSP02037,09-03-2025,sch_0410,True,True,Working,Haan,True,Sarthak Bhatti,Toilets locked,SCH0410,,True,True,True,True,True,0.0
INSP02527,2025-12-27,S0430,Nahi hai,True,Y,True,Under Repair,Chatresh Mohan,Good condition,SCH0430,,,True,True,True,,0.0
INSP01225,21.06.2025,SCH0596,N,1,,Y,Nahi,Janani Mitter,Needs repair,SCH0596,,False,True,,True,False,0.2857142857142857
INSP01947,06-29-2025,sch_0514,True,True,True,Nahi hai,False,Nirja Toor,Average,SCH0514,,True,True,True,,False,0.14285714285714285
INSP00740,10-06-2025,SCH0008,True,True,True,False,Yes,Praneel Chahal,Toilets locked,SCH0008,,True,True,True,False,True,0.14285714285714285
INSP00041,22.09.2025,sch0116,True,Available,Haan,True,,Tanveer Garde,Needs repair,SCH0116,,True,,True,True,,0.0
INSP00869,2026-02-21,SCH0441,haan,Y,True,Nahi,True,Warinder Bhardwaj,Average,SCH0441,,True,True,True,False,True,0.14285714285714285
INSP00540,01.10.2025,SCH-0067,True,H,N,1,Available,Osha Kara,No remarks,SCH0067,,True,,False,True,,0.14285714285714285
INSP01299,2025/11/01,S0075,True,,True,Haan,Haan,Warjas Jani,Toilets locked,SCH0075,2025-11-01,True,,True,True,True,0.0
INSP01372,08-Jan-2026,0206,No,True,False,1,0,Upma Guha,No remarks,SCH0206,,False,True,False,True,False,0.42857142857142855
INSP01146,2025/04/22,SCH0341,True,Y,Available,True,Nahi hai,Reyansh Yogi,Needs repair,SCH0341,2025-04-22,True,True,,True,,0.0
INSP01032,16-Jan-2026,sch_0195,True,True,Nahi hai,0,True,Aarnav Mittal,Average,SCH0195,,True,True,,False,True,0.14285714285714285
INSP00373,26.04.2025,S0524,1,False,False,haan,H,Benjamin Modi,,SCH0524,,True,False,False,True,,0.2857142857142857
INSP00668,06.07.2025,sch_0127,,Y,Hai,True,False,Qabil Desai,Needs repair,SCH0127,,,True,True,True,False,0.14285714285714285
INSP00358,02-25-2026,SCH0051,Functional,Yes,True,False,H,Ekapad Bava,Toilets locked,SCH0051,,True,True,True,False,,0.14285714285714285
INSP00968,02-23-2026,S0203,True,haan,True,Hai,True,Gavin Bera,Needs repair,SCH0203,,True,True,True,True,True,0.0
INSP01354,20/04/2025,SCH0506,Haan,True,Y,Y,False,Irya Amble,Average,SCH0506,,True,True,True,True,False,0.14285714285714285
INSP01036,2026-01-24,SCH0586,Working,Yes,H,Hai,haan,Jack Rai,,SCH0586,,True,True,,True,True,0.0
INSP00471,06-12-2025,SCH-0042,Working,Functional,haan,True,,,No remarks,SCH0042,,True,True,True,True,,0.0
INSP01397,13.02.2026,SCH-0596,False,True,Hai,Kharab,False,Hamsini Sekhon,Good condition,SCH0596,,False,True,True,False,False,0.42857142857142855
INSP02756,2025-05-21,sch0252,True,No,True,,True,Saksham Hora,,SCH0252,,True,False,True,,True,0.14285714285714285
INSP01550,08/11/2025,SCH0403,False,,0,True,H,Teerth Narain,No remarks,SCH0403,,False,,False,True,,0.2857142857142857
INSP01257,18-Sep-2025,sch_0192,haan,Hai,Nahi hai,Nahi,Broken,,Needs repair,SCH0192,,True,True,,False,False,0.2857142857142857
INSP02095,07.06.2025,sch_0258,True,1,Hai,Kharab,True,Bakhshi Bali,Good condition,SCH0258,,True,True,True,False,True,0.14285714285714285
INSP01556,18-Mar-2026,SCH0331,True,True,True,True,1,,Needs repair,SCH0331,,True,True,True,True,True,0.0
INSP02722,12-01-2025,sch_0084,Working,1,True,False,False,Madhav Dhawan,Good condition,SCH0084,,True,True,True,False,False,0.2857142857142857
INSP01251,10-24-2025,SCH0232,True,1,Working,False,False,Ekanta Kuruvilla,Good condition,SCH0232,,True,True,True,False,False,0.2857142857142857
INSP01700,07.12.2025,SCH-0208,Nahi hai,True,True,False,False,Kamala Murty,Average,SCH0208,,,True,True,False,False,0.2857142857142857
INSP01253,04/05/2025,SCH-0421,haan,Yes,,True,,,,SCH0421,,True,True,,True,,0.0
INSP02923,28/08/2025,S0344,True,True,Functional,False,False,Darpan Dhaliwal,No remarks,SCH0344,,True,True,True,False,False,0.2857142857142857
INSP00080,01.10.2025,SCH0526,False,Nahi hai,False,True,Nahi,Jasmit Sampath,Average,SCH0526,,False,,False,True,False,0.42857142857142855
INSP01173,01-11-2026,sch0398,False,1,Yes,True,True,,Good condition,SCH0398,,False,True,True,True,True,0.14285714285714285
INSP00815,2025/09/22,sch0419,True,True,True,True,True,Ayaan Din,Toilets locked,SCH0419,2025-09-22,True,True,True,True,True,0.0
INSP01853,16/08/2025,sch_0132,True,,True,False,True,Advik Korpal,Good condition,SCH0132,,True,,True,False,True,0.14285714285714285
INSP02221,26.03.2026,sch_0499,False,Functional,,haan,0,,Good condition,SCH0499,,False,True,,True,False,0.2857142857142857
INSP02765,2025/09/11,SCH0103,na,1,True,False,No,Pratyush Khosla,No remarks,SCH0103,2025-09-11,,True,True,False,False,0.2857142857142857
INSP02106,04-07-2025,SCH-0466,Y,True,True,True,Y,Elijah Dugar,Good condition,SCH0466,,True,True,True,True,True,0.0
INSP00134,2025/04/24,sch_0266,True,True,True,Haan,False,Hredhaan Shere,Needs repair,SCH0266,2025-04-24,True,True,True,True,False,0.14285714285714285
INSP01141,09-23-2025,SCH-0018,True,H,True,N,Nahi,,,SCH0018,,True,,True,False,False,0.2857142857142857
INSP00934,2026/01/24,SCH0156,H,Working,Hai,True,False,Nitesh Varughese,Toilets locked,SCH0156,2026-01-24,,True,True,True,False,0.14285714285714285
INSP00929,2025/04/01,sch_0534,Hai,0,,,N,Noah Deol,No remarks,SCH0534,2025-04-01,True,False,,,False,0.2857142857142857
INSP00824,2025-11-17,SCH0427,True,Functional,Haan,,,Harsh Konda,Average,SCH0427,,True,True,True,,,0.0
INSP01532,2025-12-05,SCH-0003,True,Yes,H,True,Working,Bakhshi Butala,Toilets locked,SCH0003,,True,True,,True,True,0.0
INSP01215,28/06/2025,SCH0143,False,Functional,N,True,N,Jason Gill,Average,SCH0143,,False,True,False,True,False,0.42857142857142855
INSP00505,25-Feb-2026,SCH0109,False,True,True,Working,Nahi hai,Ekavir Tara,,SCH0109,,False,True,True,True,,0.14285714285714285
INSP02046,12.04.2025,sch_0228,Under Repair,No,1,True,Yes,Warda Mander,Needs repair,SCH0228,,,False,True,True,True,0.14285714285714285
INSP02396,12/09/2025,SCH-0579,False,1,True,False,False,Alka Dua,Needs repair,SCH0579,,False,True,True,False,False,0.42857142857142855
INSP01997,14/06/2025,sch0142,H,True,Functional,True,,,Needs repair,SCH0142,,,True,True,True,,0.0
INSP02435,17-Apr-2025,0249,Available,na,True,False,True,,Average,SCH0249,,,,True,False,True,0.14285714285714285
INSP01959,22.05.2025,SCH0567,Not Available,False,True,1,Haan,Hredhaan Madan,Good condition,SCH0567,,,False,True,True,True,0.14285714285714285
INSP01385,2025/11/18,S0212,True,Available,True,Yes,Nahi,Shravya Aggarwal,No remarks,SCH0212,2025-11-18,True,,True,True,False,0.14285714285714285
INSP00895,2026-01-17,SCH-0204,True,True,1,False,False,Vasana Chaudhuri,No remarks,SCH0204,,True,True,True,False,False,0.2857142857142857
INSP00829,14.11.2025,SCH0086,True,Haan,No,True,Yes,Amara Choudhry,Good condition,SCH0086,,True,True,False,True,True,0.14285714285714285
INSP00052,2025-12-07,SCH-0320,False,True,Yes,Nahi,Kharab,Daksha Kapadia,Good condition,SCH0320,,False,True,True,False,False,0.42857142857142855
INSP02524,2025-04-23,SCH0558,True,Functional,True,1,No,Harrison Bhatnagar,Good condition,SCH0558,,True,True,True,True,False,0.14285714285714285
INSP01684,2025-09-19,SCH0248,Haan,True,True,False,True,Ekalinga Sachdeva,,SCH0248,,True,True,True,False,True,0.14285714285714285
INSP02707,12-03-2025,SCH0472,True,True,Hai,True,,Aarush Agate,Toilets locked,SCH0472,,True,True,True,True,,0.0
INSP01764,2026-01-31,sch_0019,Yes,True,haan,,Yes,,Good condition,SCH0019,,True,True,True,,True,0.0
INSP02643,07-31-2025,SCH0183,Haan,Hai,Haan,haan,True,Samuel Dugar,Needs repair,SCH0183,,True,True,True,True,True,0.0
INSP00653,2026-02-07,SCH0572,Yes,True,Nahi,N,False,Aarini Narasimhan,,SCH0572,,True,True,False,False,False,0.42857142857142855
INSP00173,06.07.2025,S0151,H,Y,Working,True,,,Good condition,SCH0151,,,True,True,True,,0.0
INSP00039,2025-09-18,SCH0246,No,Y,na,Y,H,Ikshita Lanka,Needs repair,SCH0246,,False,True,,True,,0.14285714285714285
INSP01331,10.12.2025,SCH0498,1,Yes,False,Available,Yes,Nitesh Baria,No remarks,SCH0498,,True,True,False,,True,0.14285714285714285
INSP00714,24/01/2026,SCH0147,True,Yes,haan,,True,Anamika Borde,No remarks,SCH0147,,True,True,True,,True,0.0
INSP00091,06-Jan-2026,SCH0496,haan,True,False,True,True,Triveni Rao,Average,SCH0496,,True,True,False,True,True,0.14285714285714285
INSP00046,14-Nov-2025,S0280,True,H,True,Y,No,Naksh Ray,Good condition,SCH0280,,True,,True,True,False,0.14285714285714285
INSP01206,17.07.2025,sch_0278,H,Hai,True,Haan,False,,No remarks,SCH0278,,,True,True,True,False,0.14285714285714285
INSP02603,2025/09/15,sch0203,True,False,haan,1,True,Qushi Merchant,Needs repair,SCH0203,2025-09-15,True,False,True,True,True,0.14285714285714285
INSP02718,20/02/2026,SCH-0318,H,True,,True,False,Manan Joshi,Good condition,SCH0318,,,True,,True,False,0.14285714285714285
INSP01828,2026-01-25,SCH0586,True,True,haan,True,N,,Average,SCH0586,,True,True,True,True,False,0.14285714285714285
INSP01156,03/08/2025,SCH0214,True,True,Broken,False,False,Logan Kuruvilla,Needs repair,SCH0214,,True,True,False,False,False,0.42857142857142855
INSP01325,2026-03-13,SCH0278,True,Haan,Y,Hai,False,Isaac Prabhakar,Average,SCH0278,,True,True,True,True,False,0.14285714285714285
INSP00217,2026/02/18,sch_0082,Functional,haan,Yes,True,False,Ekani Sahni,No remarks,SCH0082,2026-02-18,True,True,True,True,False,0.14285714285714285
INSP00511,2026-01-20,SCH0265,False,True,False,Nahi hai,No,Turvi Sundaram,Toilets locked,SCH0265,,False,True,False,,False,0.42857142857142855
INSP01681,10-Jul-2025,sch0037,Yes,Hai,Kharab,True,0,Anjali Dua,Good condition,SCH0037,,True,True,False,True,False,0.2857142857142857
INSP00500,2025/08/23,SCH-0062,na,True,Broken,Functional,H,Ekta Pandey,,SCH0062,2025-08-23,,True,False,True,,0.14285714285714285
INSP02609,10.09.2025,SCH-0057,True,,0,True,0,Manbir Sood,No remarks,SCH0057,,True,,False,True,False,0.2857142857142857
INSP01857,04-11-2025,SCH0436,False,True,True,False,haan,Amol Dutta,Needs repair,SCH0436,,False,True,True,False,True,0.2857142857142857
INSP01389,2025-05-26,S0306,Yes,haan,True,na,Y,Omaja Bal,No remarks,SCH0306,,True,True,True,,True,0.0
INSP01520,23-Apr-2025,SCH0498,Nahi hai,True,H,False,False,,Toilets locked,SCH0498,,,True,,False,False,0.2857142857142857
INSP02387,11.07.2025,sch0062,H,1,False,Y,False,Unni Chauhan,Needs repair,SCH0062,,,True,False,True,False,0.2857142857142857
INSP02861,16/08/2025,sch0016,Functional,True,Nahi hai,Haan,True,Vrishti Goel,Toilets locked,SCH0016,,True,True,,True,True,0.0
INSP02077,07-17-2025,sch0077,,False,True,True,False,David Patel,Average,SCH0077,,,False,True,True,False,0.2857142857142857
INSP01541,23.01.2026,SCH0123,False,na,True,True,True,Yagnesh Buch,Average,SCH0123,,False,,True,True,True,0.14285714285714285
INSP01218,12-Dec-2025,SCH0433,True,True,True,True,False,Priya Sen,,SCH0433,,True,True,True,True,False,0.14285714285714285
INSP01417,07-19-2025,SCH0094,haan,True,Yes,True,,Reyansh Tara,Needs repair,SCH0094,,True,True,True,True,,0.0
INSP02218,2026-01-26,SCH0013,True,Hai,True,True,True,Yashodhara Gopal,Average,SCH0013,,True,True,True,True,True,0.0
INSP02650,04-Nov-2025,SCH0582,1,True,Functional,,No,Nicholas Garg,Toilets locked,SCH0582,,True,True,True,,False,0.14285714285714285
INSP01677,2025-10-19,sch_0599,True,1,Yes,False,True,Tanvi Kannan,Average,SCH0599,,True,True,True,False,True,0.14285714285714285
INSP01198,28.04.2025,SCH0322,True,haan,na,False,No,Panini Narang,Needs repair,SCH0322,,True,True,,False,False,0.2857142857142857
INSP01543,2025/04/23,SCH-0365,1,,True,False,False,Vritti Bassi,Average,SCH0365,2025-04-23,True,,True,False,False,0.2857142857142857
INSP02540,06-22-2025,SCH0230,Yes,H,True,True,True,Hemal Jain,Good condition,SCH0230,,True,,True,True,True,0.0
INSP00954,30/10/2025,sch_0158,1,True,Haan,False,,Vritti Tara,Average,SCH0158,,True,True,True,False,,0.14285714285714285
INSP00751,2025-08-23,SCH0538,Not Available,Yes,Yes,na,True,Lohit Karpe,Needs repair,SCH0538,,,True,True,,True,0.0
INSP00235,10/04/2025,sch_0222,na,Haan,,na,,Isha Devan,Toilets locked,SCH0222,,,True,,,,0.0
INSP00733,2025/04/04,0235,True,Haan,Y,N,False,Anamika Srivastava,No remarks,SCH0235,2025-04-04,True,True,True,False,False,0.2857142857142857
INSP01269,2025/10/04,sch0488,haan,True,True,na,,Ojasvi Rattan,,SCH0488,2025-10-04,True,True,True,,,0.0
INSP01157,11.08.2025,SCH0361,Y,True,Nahi hai,Yes,haan,Wishi Bhardwaj,Good condition,SCH0361,,True,True,,True,True,0.0
INSP02706,2026/02/28,SCH0450,False,True,haan,0,1,Yoshita Jani,Good condition,SCH0450,2026-02-28,False,True,True,False,True,0.2857142857142857
INSP02446,01.05.2025,sch_0338,Haan,False,True,1,Haan,Urmi Thakur,Toilets locked,SCH0338,,True,False,True,True,True,0.14285714285714285
INSP01210,02-04-2026,S0287,False,Yes,Y,True,H,,Good condition,SCH0287,,False,True,True,True,,0.14285714285714285
INSP01066,16.10.2025,sch0334,Available,Yes,True,False,False,Zarna Oommen,Needs repair,SCH0334,,,True,True,False,False,0.2857142857142857
INSP02157,25/01/2026,SCH0488,True,Y,Nahi hai,Y,No,Samaksh Pant,Toilets locked,SCH0488,,True,True,,True,False,0.14285714285714285
INSP01063,2025-05-30,0554,True,Kharab,True,na,Y,Siddharth Divan,No remarks,SCH0554,,True,False,True,,True,0.14285714285714285
INSP01168,2025-10-11,SCH-0442,False,True,1,Hai,True,Ranveer Yohannan,Average,SCH0442,,False,True,True,True,True,0.14285714285714285
INSP01493,04/12/2025,SCH-0330,True,Yes,True,True,Y,Chaitanya Chand,Average,SCH0330,,True,True,True,True,True,0.0
INSP02604,14.04.2025,SCH-0411,True,True,Functional,Yes,Yes,Anay Karan,,SCH0411,,True,True,True,True,True,0.0
INSP00885,2025-11-12,SCH0531,,True,Haan,False,False,,Good condition,SCH0531,,,True,True,False,False,0.2857142857142857
INSP00144,22.05.2025,SCH0229,Hai,Y,Nahi hai,No,True,Brijesh Yadav,Toilets locked,SCH0229,,True,True,,False,True,0.14285714285714285
INSP02478,15/02/2026,sch0452,False,Available,True,na,False,Arjun Andra,Average,SCH0452,,False,,True,,False,0.2857142857142857
INSP00851,17/01/2026,0412,,True,True,na,Yes,Devansh Sanghvi,,SCH0412,,,True,True,,True,0.0
INSP00718,09.09.2025,sch0555,Y,H,Haan,True,na,,No remarks,SCH0555,,True,,True,True,,0.0
INSP02985,04.12.2025,sch_0271,True,True,H,False,Nahi,Adya Vasa,Average,SCH0271,,True,True,,False,False,0.2857142857142857
INSP02503,08/06/2025,SCH0196,False,Yes,Yes,True,Y,Lavanya Talwar,No remarks,SCH0196,,False,True,True,True,True,0.14285714285714285
INSP00265,13-Jun-2025,sch_0321,Functional,,,True,Under Repair,Chavvi Upadhyay,No remarks,SCH0321,,True,,,True,,0.0
INSP00076,2026/01/22,S0330,True,True,Yes,Yes,No,Girik Venkatesh,,SCH0330,2026-01-22,True,True,True,True,False,0.14285714285714285
INSP02493,16.11.2025,S0339,True,Kharab,True,Hai,Functional,Meghana Sehgal,No remarks,SCH0339,,True,False,True,True,True,0.14285714285714285
INSP00396,2025/10/19,S0593,True,Yes,False,No,True,Chandran Solanki,,SCH0593,2025-10-19,True,True,False,False,True,0.2857142857142857
INSP02678,11-19-2025,SCH0451,True,True,True,False,True,Fariq Dixit,No remarks,SCH0451,,True,True,True,False,True,0.14285714285714285
INSP02225,2025-10-18,sch_0263,False,Haan,True,False,False,Falguni Ramanathan,Toilets locked,SCH0263,,False,True,True,False,False,0.42857142857142855
INSP02942,2025-07-02,SCH0254,False,False,True,,False,Yash Bhakta,Average,SCH0254,,False,False,True,,False,0.42857142857142855
INSP00397,28.08.2025,sch_0572,True,Hai,,False,False,Gaurang Soni,Toilets locked,SCH0572,,True,True,,False,False,0.2857142857142857
INSP01366,14.07.2025,sch_0012,1,False,Under Repair,Nahi hai,,,Needs repair,SCH0012,,True,False,,,,0.14285714285714285
INSP02631,2026/03/04,sch0527,False,True,H,Hai,,Ayushman Apte,Toilets locked,SCH0527,2026-03-04,False,True,,True,,0.14285714285714285
INSP01904,14-Feb-2026,SCH-0289,Nahi hai,True,na,haan,False,Chaman Hans,Needs repair,SCH0289,,,True,,True,False,0.14285714285714285
INSP00596,12-14-2025,0055,Hai,0,1,True,False,Sanya Bhargava,No remarks,SCH0055,,True,False,True,True,False,0.2857142857142857
INSP02110,10/07/2025,SCH0565,Working,Working,Yes,0,Kharab,Jagdish Kothari,Good condition,SCH0565,,True,True,True,False,False,0.2857142857142857
INSP01297,08-02-2025,SCH0020,Hai,Available,True,1,N,Krish Chaudry,Toilets locked,SCH0020,,True,,True,True,False,0.14285714285714285
INSP01822,05.05.2025,SCH0073,N,Haan,Hai,No,Yes,Tanmayi Sridhar,Toilets locked,SCH0073,,False,True,True,False,True,0.2857142857142857
INSP00873,09.09.2025,sch_0507,Hai,haan,True,True,N,Vrinda Halder,No remarks,SCH0507,,True,True,True,True,False,0.14285714285714285
INSP02902,19.04.2025,SCH0217,1,True,H,Y,True,Chasmum Sheth,,SCH0217,,True,True,,True,True,0.0
INSP02327,2025-11-04,sch0273,True,,Working,True,True,,Good condition,SCH0273,,True,,True,True,True,0.0
INSP01549,06/09/2025,SCH-0328,True,True,True,No,Nahi,Pranav Tata,Needs repair,SCH0328,,True,True,True,False,False,0.2857142857142857
INSP00037,27.06.2025,S0369,False,False,True,H,Yes,Forum Tata,No remarks,SCH0369,,False,False,True,,True,0.2857142857142857
INSP02658,2026-03-13,sch_0515,Functional,True,haan,True,False,Nathan Jain,Good condition,SCH0515,,True,True,True,True,False,0.14285714285714285
INSP02144,10-Jun-2025,sch0315,Available,Y,Y,True,0,Krishna Munshi,Needs repair,SCH0315,,,True,True,True,False,0.14285714285714285
INSP02689,11-Feb-2026,SCH0028,Working,True,Nahi,True,Available,,,SCH0028,,True,True,False,True,,0.14285714285714285
INSP00978,2026-03-10,SCH0041,True,True,Haan,True,True,Sai Prasad,No remarks,SCH0041,,True,True,True,True,True,0.0
INSP01572,2025/05/31,SCH-0442,False,1,True,False,False,Lucky Khurana,No remarks,SCH0442,2025-05-31,False,True,True,False,False,0.42857142857142855
INSP01123,04-16-2025,SCH0003,True,True,1,False,True,Omaja Shanker,Average,SCH0003,,True,True,True,False,True,0.14285714285714285
INSP02240,28-Apr-2025,SCH0160,1,haan,1,H,Nahi,Prisha Raghavan,Good condition,SCH0160,,True,True,True,,False,0.14285714285714285
INSP02505,2025/12/16,SCH0461,False,True,Haan,Working,True,Oliver Goda,Good condition,SCH0461,2025-12-16,False,True,True,True,True,0.14285714285714285
INSP01893,28.02.2026,SCH0560,Haan,Hai,Hai,na,,Yash Singh,Average,SCH0560,,True,True,True,,,0.0
INSP00676,09-11-2025,SCH-0514,,True,False,H,False,Sudiksha Thaker,Average,SCH0514,,,True,False,,False,0.2857142857142857
INSP00729,02-09-2026,S0555,1,True,Y,haan,True,Yashasvi Parsa,No remarks,SCH0555,,True,True,True,True,True,0.0
INSP00413,21-Apr-2025,sch_0468,Not Available,haan,Yes,True,False,,Average,SCH0468,,,True,True,True,False,0.14285714285714285
INSP01517,10-11-2025,SCH0208,True,True,False,False,True,Lohit Shenoy,Needs repair,SCH0208,,True,True,False,False,True,0.2857142857142857
INSP01650,19/07/2025,S0566,True,True,False,Nahi,Y,Ria Dyal,Toilets locked,SCH0566,,True,True,False,False,True,0.2857142857142857
INSP00826,2026-02-10,SCH0062,na,H,True,Nahi hai,H,Upasna Badal,Average,SCH0062,,,,True,,,0.0
INSP00617,08-29-2025,sch_0474,False,Available,1,True,N,Peter Gulati,No remarks,SCH0474,,False,,True,True,False,0.2857142857142857
INSP00115,19-Jan-2026,SCH-0070,Not Available,Y,Hai,Y,1,Wriddhish Shere,Toilets locked,SCH0070,,,True,True,True,True,0.0
INSP00418,17.02.2026,SCH0265,True,haan,True,Functional,True,,,SCH0265,,True,True,True,True,True,0.0
INSP01626,16.05.2025,sch_0196,True,H,,True,True,Harish Pathak,Good condition,SCH0196,,True,,,True,True,0.0
INSP02002,17/03/2026,SCH-0175,Nahi hai,1,True,1,False,Yutika Dugar,Good condition,SCH0175,,,True,True,True,False,0.14285714285714285
INSP00090,2026-02-13,SCH0175,Haan,False,True,False,Yes,Nidra Goswami,Toilets locked,SCH0175,,True,False,True,False,True,0.2857142857142857
INSP02083,2025/06/11,sch0441,True,Working,Nahi,Under Repair,False,Januja Rajagopal,Toilets locked,SCH0441,2025-06-11,True,True,False,,False,0.2857142857142857
INSP00754,11-17-2025,SCH0437,0,,H,False,False,,,SCH0437,,False,,,False,False,0.42857142857142855
INSP02547,25.09.2025,sch_0331,True,Haan,True,No,False,Anjali Handa,Toilets locked,SCH0331,,True,True,True,False,False,0.2857142857142857
INSP01631,16/06/2025,SCH-0016,Y,Kharab,1,na,False,Abeer Vora,Good condition,SCH0016,,True,False,True,,False,0.2857142857142857
INSP00012,2025-10-18,SCH0202,True,False,True,Y,No,Pavani Nair,Toilets locked,SCH0202,,True,False,True,True,False,0.2857142857142857
INSP02445,16/04/2025,SCH0533,True,True,haan,False,Yes,Omisha Konda,Good condition,SCH0533,,True,True,True,False,True,0.14285714285714285
INSP00285,20.09.2025,sch_0327,N,Hai,True,haan,H,Gauri Gill,Good condition,SCH0327,,False,True,True,True,,0.14285714285714285
INSP01067,26.02.2026,SCH-0080,True,True,False,True,False,Bhavna Modi,Needs repair,SCH0080,,True,True,False,True,False,0.2857142857142857
INSP01192,16-Jun-2025,SCH0600,True,True,Haan,True,False,,No remarks,SCH0600,,True,True,True,True,False,0.14285714285714285
INSP01441,2025-06-06,sch0133,True,Y,True,,,Harsh Vohra,Needs repair,SCH0133,,True,True,True,,,0.0
INSP02944,2025-12-26,SCH0334,True,True,Available,True,Haan,Chanakya Wagle,Needs repair,SCH0334,,True,True,,True,True,0.0
INSP02943,2026-02-15,sch_0206,True,True,True,False,Yes,Ranveer Mani,Toilets locked,SCH0206,,True,True,True,False,True,0.14285714285714285
INSP02850,2025-10-13,0204,haan,True,haan,True,,Jeremiah Buch,Average,SCH0204,,True,True,True,True,,0.0
INSP01569,20/10/2025,SCH0189,True,haan,False,True,False,,,SCH0189,,True,True,False,True,False,0.2857142857142857
INSP02428,10/01/2026,SCH0254,Nahi,Yes,1,Hai,N,Dayamai Yadav,Needs repair,SCH0254,,False,True,True,True,False,0.2857142857142857
INSP02710,09/10/2025,sch_0447,False,Y,H,N,Hai,Alka Mani,Toilets locked,SCH0447,,False,True,,False,True,0.2857142857142857
INSP01688,2025-07-29,sch0466,Y,False,Hai,False,True,Mason Bahl,Average,SCH0466,,True,False,True,False,True,0.2857142857142857
INSP00852,2025-09-05,sch0435,False,True,haan,Available,False,Triveni Bhagat,Toilets locked,SCH0435,,False,True,True,,False,0.2857142857142857
INSP02208,2025/04/05,SCH0390,False,True,True,False,True,Dev Char,Needs repair,SCH0390,2025-04-05,False,True,True,False,True,0.2857142857142857
INSP00896,22/06/2025,S0132,True,Yes,Y,True,0,Advaith Grewal,Needs repair,SCH0132,,True,True,True,True,False,0.14285714285714285
INSP00497,22.12.2025,SCH-0510,Nahi hai,True,True,Haan,False,,Needs repair,SCH0510,,,True,True,True,False,0.14285714285714285
INSP02306,17-Dec-2025,SCH0100,Hai,Hai,False,False,False,Mason Lal,Average,SCH0100,,True,True,False,False,False,0.42857142857142855
INSP01783,20-May-2025,S0474,Available,True,False,Haan,False,Bishakha Narain,No remarks,SCH0474,,,True,False,True,False,0.2857142857142857
INSP00336,24/08/2025,sch_0132,Haan,haan,True,Nahi,False,Dayita Sibal,Toilets locked,SCH0132,,True,True,True,False,False,0.2857142857142857
INSP00516,2025/05/10,SCH0197,True,1,Haan,True,0,Nimrat Chada,,SCH0197,2025-05-10,True,True,True,True,False,0.14285714285714285
INSP01349,30/06/2025,SCH0249,Yes,False,True,N,N,Abhiram Radhakrishnan,No remarks,SCH0249,,True,False,True,False,False,0.42857142857142855
INSP01016,2025/07/20,SCH0029,True,True,True,True,False,Joshua Bali,Good condition,SCH0029,2025-07-20,True,True,True,True,False,0.14285714285714285
INSP02951,2025/05/04,SCH0061,Working,haan,False,False,False,Abhimanyu Srivastava,Good condition,SCH0061,2025-05-04,True,True,False,False,False,0.42857142857142855
INSP01262,22/07/2025,sch0195,Hai,Y,False,Hai,Haan,Joshua Sastry,Toilets locked,SCH0195,,True,True,False,True,True,0.14285714285714285
INSP01782,10-04-2025,sch_0100,True,True,Functional,True,Working,Siddharth Sarin,,SCH0100,,True,True,True,True,True,0.0
INSP02570,2026/03/22,S0028,Y,False,Yes,Nahi,True,Kalpit Bava,Needs repair,SCH0028,2026-03-22,True,False,True,False,True,0.2857142857142857
INSP01786,2025-11-27,SCH0166,1,,Yes,Functional,Working,Pahal Venkataraman,Average,SCH0166,,True,,True,True,True,0.0
INSP02071,30.10.2025,sch_0396,True,True,Yes,1,True,Vrinda Parmar,Toilets locked,SCH0396,,True,True,True,True,True,0.0
INSP00357,16/05/2025,SCH0010,Haan,Working,True,False,Kharab,Yashvi Bhat,No remarks,SCH0010,,True,True,True,False,False,0.2857142857142857
INSP02995,2025/06/21,0598,1,True,Hai,Y,False,Zilmil Contractor,,SCH0598,2025-06-21,True,True,True,True,False,0.14285714285714285
INSP01313,24/09/2025,SCH0600,Under Repair,False,True,Haan,Nahi hai,William Pall,Toilets locked,SCH0600,,,False,True,True,,0.14285714285714285
INSP01636,02-27-2026,0187,,Y,True,True,Working,Reva Venkatesh,Toilets locked,SCH0187,,,True,True,True,True,0.0
INSP00551,2025/04/09,SCH0036,False,haan,True,1,Nahi hai,Vinaya Shukla,Good condition,SCH0036,2025-04-09,False,True,True,True,,0.14285714285714285
INSP02389,2025-07-06,sch0273,1,na,Yes,True,H,Wishi Baral,No remarks,SCH0273,,True,,True,True,,0.0
INSP02480,2025-12-18,SCH0055,H,Y,Haan,Kharab,Nahi,Kamya Swamy,Average,SCH0055,,,True,True,False,False,0.2857142857142857
INSP02522,18/04/2025,S0393,Nahi hai,True,True,Nahi,Y,Keya Karnik,,SCH0393,,,True,True,False,True,0.14285714285714285
INSP02266,21/12/2025,SCH-0089,H,1,Y,True,True,,No remarks,SCH0089,,,True,True,True,True,0.0
INSP01228,2025-11-05,SCH0142,False,na,True,False,True,,Average,SCH0142,,False,,True,False,True,0.2857142857142857
INSP02818,2026-03-25,SCH0585,True,True,Haan,Yes,True,Rayaan Nori,Average,SCH0585,,True,True,True,True,True,0.0
INSP00958,02-28-2026,SCH-0125,Haan,Y,0,True,No,Veer Andra,Good condition,SCH0125,,True,True,False,True,False,0.2857142857142857
INSP01774,26/01/2026,0004,Nahi,Kharab,Yes,Y,False,Irya Devan,No remarks,SCH0004,,False,False,True,True,False,0.42857142857142855
INSP02142,25/05/2025,sch0089,True,Y,True,Nahi,N,Gauri Sangha,No remarks,SCH0089,,True,True,True,False,False,0.2857142857142857
INSP01009,10-13-2025,sch_0106,Nahi hai,H,Y,True,True,,Needs repair,SCH0106,,,,True,True,True,0.0
INSP01093,02-27-2026,SCH0073,H,True,H,Haan,True,,Good condition,SCH0073,,,True,,True,True,0.0
INSP02907,07-Sep-2025,0288,True,False,,True,Nahi hai,Dominic Dua,Average,SCH0288,,True,False,,True,,0.14285714285714285
INSP00997,14/06/2025,sch_0599,True,True,Available,True,Nahi,Wriddhish Jaggi,Toilets locked,SCH0599,,True,True,,True,False,0.14285714285714285
INSP01680,07-06-2025,SCH-0107,True,True,Yes,False,No,Mohini Choudhury,Good condition,SCH0107,,True,True,True,False,False,0.2857142857142857
INSP00154,01.06.2025,SCH0260,,No,haan,0,False,Ladli Dora,Toilets locked,SCH0260,,,False,True,False,False,0.42857142857142855
INSP02925,06/04/2025,0296,0,Hai,Broken,1,False,Aarav Chad,Good condition,SCH0296,,False,True,False,True,False,0.42857142857142855
INSP00581,2025/10/31,0326,na,True,Haan,Available,haan,Patrick Ramakrishnan,Toilets locked,SCH0326,2025-10-31,,True,True,,True,0.0
INSP01471,04-13-2025,SCH-0539,True,True,haan,True,1,Dayamai Swamy,Good condition,SCH0539,,True,True,True,True,True,0.0
INSP00704,29/08/2025,SCH-0056,False,Haan,H,False,False,Akshay Choudhry,Needs repair,SCH0056,,False,True,,False,False,0.42857142857142855
INSP01213,13/07/2025,0464,True,Hai,True,,Yes,Jhalak Chawla,Needs repair,SCH0464,,True,True,True,,True,0.0
INSP00897,27-Jan-2026,SCH-0202,True,True,H,True,Nahi hai,,,SCH0202,,True,True,,True,,0.0
INSP00488,2025-07-28,S0254,Haan,True,Hai,na,True,,Toilets locked,SCH0254,,True,True,True,,True,0.0
INSP00560,2025-04-05,SCH0005,False,True,Y,True,False,Atharv Krish,Toilets locked,SCH0005,,False,True,True,True,False,0.2857142857142857
INSP01142,01.08.2025,S0523,True,True,Hai,True,Haan,Samesh Korpal,Good condition,SCH0523,,True,True,True,True,True,0.0
INSP01120,30-Nov-2025,SCH0371,True,Available,True,False,False,Eesha Sarkar,Needs repair,SCH0371,,True,,True,False,False,0.2857142857142857
INSP00513,30.05.2025,S0317,Haan,Yes,Hai,Nahi,Not Available,Faqid Mittal,,SCH0317,,True,True,True,False,,0.14285714285714285
INSP00634,23.05.2025,SCH0551,True,Broken,Y,False,,Rushil Datta,Toilets locked,SCH0551,,True,False,True,False,,0.2857142857142857
INSP02717,2025-05-11,SCH-0132,Haan,False,Y,Nahi hai,Working,Jagrati Sarna,Average,SCH0132,,True,False,True,,True,0.14285714285714285
INSP01665,2025/12/05,SCH0010,Yes,Y,True,Yes,Working,Owen Lall,Needs repair,SCH0010,2025-12-05,True,True,True,True,True,0.0
INSP01013,09-15-2025,sch_0091,,Yes,Yes,0,na,Chakrika Gole,Good condition,SCH0091,,,True,True,False,,0.14285714285714285
INSP01932,23-Nov-2025,SCH-0076,True,True,True,True,Yes,Amruta Sankar,Average,SCH0076,,True,True,True,True,True,0.0
INSP01151,17-Jan-2026,SCH0539,H,haan,haan,Y,,Zansi Sarin,Toilets locked,SCH0539,,,True,True,True,,0.0
INSP02948,03.09.2025,SCH0021,0,True,True,N,,Isaiah Bava,Toilets locked,SCH0021,,False,True,True,False,,0.2857142857142857
INSP00117,19-Feb-2026,SCH-0532,Nahi hai,True,,Nahi hai,N,Vritti Bahri,Needs repair,SCH0532,,,True,,,False,0.14285714285714285
INSP00741,29/06/2025,SCH-0568,True,True,True,False,True,Zinal Majumdar,Toilets locked,SCH0568,,True,True,True,False,True,0.14285714285714285
INSP02904,04-21-2025,sch_0451,True,haan,True,No,haan,Caleb Sha,Toilets locked,SCH0451,,True,True,True,False,True,0.14285714285714285
INSP01975,2025/10/01,sch_0497,Haan,True,Y,False,False,Advik De,Average,SCH0497,2025-10-01,True,True,True,False,False,0.2857142857142857
INSP01082,27/11/2025,SCH0108,haan,haan,N,True,True,George Bandi,Needs repair,SCH0108,,True,True,False,True,True,0.14285714285714285
INSP01811,30-Jan-2026,S0260,False,Functional,False,False,True,Elijah Kapoor,No remarks,SCH0260,,False,True,False,False,True,0.42857142857142855
INSP00831,23/06/2025,SCH0206,,True,True,Y,No,Zaid Gour,,SCH0206,,,True,True,True,False,0.14285714285714285
INSP00120,23-Jun-2025,SCH0416,Y,True,,Kharab,1,Triveni Kara,Good condition,SCH0416,,True,True,,False,True,0.14285714285714285
INSP00657,2026-02-21,SCH-0022,H,N,Y,True,Y,Parth Dewan,Average,SCH0022,,,False,True,True,True,0.14285714285714285
INSP02873,01-12-2026,SCH0360,True,H,True,False,False,Anay Boase,Good condition,SCH0360,,True,,True,False,False,0.2857142857142857
INSP02830,07.02.2026,SCH0494,N,False,True,False,True,Vidhi Madan,Average,SCH0494,,False,False,True,False,True,0.42857142857142855
INSP02333,2026/01/25,SCH0590,True,True,Broken,No,True,Yuvraj Butala,No remarks,SCH0590,2026-01-25,True,True,False,False,True,0.2857142857142857
INSP00636,20.01.2026,SCH0086,True,Under Repair,Hai,,Nahi hai,Adweta Jaggi,Good condition,SCH0086,,True,,True,,,0.0
INSP00370,09-18-2025,SCH0403,False,No,True,N,True,Vasatika Rana,Average,SCH0403,,False,False,True,False,True,0.42857142857142855
INSP00269,23/08/2025,S0481,Yes,True,Working,True,False,Zashil Rout,Toilets locked,SCH0481,,True,True,True,True,False,0.14285714285714285
INSP02704,04-06-2025,SCH0466,Yes,True,True,True,,Manthan Peri,,SCH0466,,True,True,True,True,,0.0
INSP00047,2025/10/07,sch0354,False,Working,True,False,na,Vritti More,Good condition,SCH0354,2025-10-07,False,True,True,False,,0.2857142857142857
INSP00992,07-18-2025,SCH0593,True,False,True,Hai,Working,Vasana Shanker,,SCH0593,,True,False,True,True,True,0.14285714285714285
INSP00877,2025/04/05,SCH0114,Haan,Not Available,1,False,False,Nirja Mutti,Toilets locked,SCH0114,2025-04-05,True,,True,False,False,0.2857142857142857
INSP00774,2025/10/05,SCH0077,haan,Broken,1,Nahi,True,Chaaya Bose,Needs repair,SCH0077,2025-10-05,True,False,True,False,True,0.2857142857142857
INSP01220,15/03/2026,SCH0068,H,True,Hai,False,Haan,Fiyaz Brar,Average,SCH0068,,,True,True,False,True,0.14285714285714285
INSP01127,26.01.2026,SCH0283,False,Kharab,True,0,True,,Good condition,SCH0283,,False,False,True,False,True,0.42857142857142855
INSP00005,06-17-2025,sch_0123,True,True,Y,,False,Darpan Dani,Average,SCH0123,,True,True,True,,False,0.14285714285714285
INSP01596,28.01.2026,SCH0199,True,True,Under Repair,Hai,False,Tanmayi Toor,Needs repair,SCH0199,,True,True,,True,False,0.14285714285714285
INSP02312,31/07/2025,SCH0431,True,Hai,H,False,H,Tanvi Dass,No remarks,SCH0431,,True,True,,False,,0.14285714285714285
INSP00901,10/12/2025,0096,haan,True,No,Hai,Available,Neel Roy,,SCH0096,,True,True,False,True,,0.14285714285714285
INSP02492,07/06/2025,SCH-0495,0,Yes,N,False,False,Quincy Goel,Average,SCH0495,,False,True,False,False,False,0.5714285714285714
INSP01078,2025-12-10,SCH0135,True,Haan,,False,Hai,,Average,SCH0135,,True,True,,False,True,0.14285714285714285
INSP00838,03/11/2025,SCH0233,False,True,No,Yes,False,Eesha Boase,Average,SCH0233,,False,True,False,True,False,0.42857142857142855
INSP00682,06-22-2025,SCH0445,haan,True,H,False,True,Samuel Bassi,Needs repair,SCH0445,,True,True,,False,True,0.14285714285714285
INSP01716,04-24-2025,SCH-0429,Available,True,Functional,Y,Working,Urishilla Chandran,Average,SCH0429,,,True,True,True,True,0.0
INSP02353,10/05/2025,sch_0329,True,haan,Hai,Haan,False,Amrita Walla,Average,SCH0329,,True,True,True,True,False,0.14285714285714285
INSP02618,12-14-2025,SCH-0063,N,True,False,True,haan,Vedant Sandhu,Good condition,SCH0063,,False,True,False,True,True,0.2857142857142857
INSP02362,2025-08-11,SCH-0366,True,True,1,True,na,Harshil Tella,Average,SCH0366,,True,True,True,True,,0.0
INSP02198,2026/01/22,sch_0586,True,haan,True,No,False,Tarak Palla,,SCH0586,2026-01-22,True,True,True,False,False,0.2857142857142857
INSP01149,16/10/2025,S0501,,haan,True,Working,Hai,Yachana Nagy,Good condition,SCH0501,,,True,True,True,True,0.0
INSP00575,03/08/2025,SCH0077,True,True,False,Not Available,True,Tanay Misra,,SCH0077,,True,True,False,,True,0.14285714285714285
INSP00051,11-01-2025,sch0243,Functional,True,Haan,Hai,Nahi hai,Noah Behl,Average,SCH0243,,True,True,True,True,,0.0
INSP00854,12-Jan-2026,SCH0525,True,True,Working,True,Nahi hai,Varenya Raghavan,Average,SCH0525,,True,True,True,True,,0.0
INSP01983,2025/10/15,0101,False,,Functional,True,Working,Ganga Boase,Needs repair,SCH0101,2025-10-15,False,,True,True,True,0.14285714285714285
INSP01824,03/05/2025,SCH0203,H,H,True,H,False,Vivaan Raghavan,Needs repair,SCH0203,,,,True,,False,0.14285714285714285
INSP00834,2026-02-23,SCH0566,Nahi,1,Yes,False,Hai,,Needs repair,SCH0566,,False,True,True,False,True,0.2857142857142857
INSP01116,2025/09/27,sch0090,Yes,1,Haan,True,False,Advika Mitra,No remarks,SCH0090,2025-09-27,True,True,True,True,False,0.14285714285714285
INSP01167,10.08.2025,SCH0305,1,True,Under Repair,True,False,Neha Singhal,Good condition,SCH0305,,True,True,,True,False,0.14285714285714285
INSP02519,03.04.2025,SCH-0379,True,Y,True,1,H,,Average,SCH0379,,True,True,True,True,,0.0
INSP01907,17.09.2025,SCH0131,Haan,,Y,na,na,Alka Natt,Needs repair,SCH0131,,True,,True,,,0.0
INSP00972,09-29-2025,SCH0581,Not Available,Hai,True,1,Y,Yashica Char,Toilets locked,SCH0581,,,True,True,True,True,0.0
INSP02702,2025-11-07,SCH0024,Available,True,True,Hai,1,Owen Korpal,Needs repair,SCH0024,,,True,True,True,True,0.0
INSP00400,2025/05/15,SCH0141,True,True,haan,False,,Saumya Sangha,Average,SCH0141,2025-05-15,True,True,True,False,,0.14285714285714285
INSP02560,24/08/2025,SCH0570,0,True,True,True,False,,Needs repair,SCH0570,,False,True,True,True,False,0.2857142857142857
INSP02369,14.10.2025,SCH-0401,True,True,Working,,Hai,Zaid Mann,Toilets locked,SCH0401,,True,True,True,,True,0.0
INSP00020,2025/05/04,sch0025,True,True,False,True,True,Kashvi Sathe,,SCH0025,2025-05-04,True,True,False,True,True,0.14285714285714285
INSP00685,07.03.2026,SCH-0389,True,N,Haan,True,False,Shravya Sami,Good condition,SCH0389,,True,False,True,True,False,0.2857142857142857
INSP00036,24.12.2025,SCH-0125,False,Hai,1,True,Y,Dev Deshmukh,Good condition,SCH0125,,False,True,True,True,True,0.14285714285714285
INSP02972,22-Nov-2025,sch0321,,Y,Working,,Not Available,,,SCH0321,,,True,True,,,0.0
INSP00525,02/06/2025,SCH0203,True,True,Working,False,False,Chatura Sur,Needs repair,SCH0203,,True,True,True,False,False,0.2857142857142857
INSP02456,03-14-2026,S0051,1,True,True,True,Hai,Nicholas Sachar,No remarks,SCH0051,,True,True,True,True,True,0.0
INSP00921,2025/09/23,SCH0037,Haan,True,1,False,Haan,Anthony Sangha,No remarks,SCH0037,2025-09-23,True,True,True,False,True,0.14285714285714285
INSP01842,2026-03-12,sch_0371,Functional,Hai,H,True,N,Forum Dugar,Good condition,SCH0371,,True,True,,True,False,0.14285714285714285
INSP01891,11/01/2026,SCH0184,,True,Y,True,True,Om Chaudhuri,No remarks,SCH0184,,,True,True,True,True,0.0
INSP00538,2026-03-18,sch_0343,True,True,False,N,True,Rushil Rajagopal,Good condition,SCH0343,,True,True,False,False,True,0.2857142857142857
INSP01706,2025/10/06,SCH0593,False,0,True,Available,True,Nirja Dugar,No remarks,SCH0593,2025-10-06,False,False,True,,True,0.2857142857142857
INSP00696,27/06/2025,SCH0441,False,Hai,True,Y,True,Krishna Kale,Average,SCH0441,,False,True,True,True,True,0.14285714285714285
INSP00246,2026-03-10,sch_0196,True,False,Yes,True,1,George Kadakia,,SCH0196,,True,False,True,True,True,0.14285714285714285
INSP00785,02-Mar-2026,SCH-0276,True,True,H,True,False,Ekalinga Chauhan,Toilets locked,SCH0276,,True,True,,True,False,0.14285714285714285
INSP01410,19-Sep-2025,SCH0076,Y,True,haan,False,na,Xiti Naik,Average,SCH0076,,True,True,True,False,,0.14285714285714285
INSP02538,04-Aug-2025,SCH-0308,1,True,True,True,Hai,Yasti Dhawan,Good condition,SCH0308,,True,True,True,True,True,0.0
INSP00155,12/05/2025,SCH0096,True,True,True,False,,Vincent Toor,No remarks,SCH0096,,True,True,True,False,,0.14285714285714285
INSP01687,18-Jun-2025,SCH0444,False,1,Nahi hai,Yes,No,Lajita Sandal,Good condition,SCH0444,,False,True,,True,False,0.2857142857142857
INSP00626,09.09.2025,sch0456,True,False,Yes,True,Y,Jhalak Kibe,Toilets locked,SCH0456,,True,False,True,True,True,0.14285714285714285
INSP02734,2025/11/14,SCH-0320,True,True,,False,Broken,Theodore Sarkar,,SCH0320,2025-11-14,True,True,,False,False,0.2857142857142857
INSP02547,25.09.2025,sch_0331,True,Haan,True,No,False,Anjali Handa,Toilets locked,SCH0331,,True,True,True,False,False,0.2857142857142857
INSP01347,2025-09-29,sch0505,True,True,True,Nahi,True,Jack Dutt,Needs repair,SCH0505,,True,True,True,False,True,0.14285714285714285
INSP00570,13.03.2026,SCH0043,Haan,False,True,True,,Yadavi Krishnamurthy,Average,SCH0043,,True,False,True,True,,0.14285714285714285
INSP02725,23-Mar-2026,SCH0281,True,True,True,True,Working,,Needs repair,SCH0281,,True,True,True,True,True,0.0
INSP01759,2025/10/05,SCH-0416,False,True,Yes,Hai,True,,Good condition,SCH0416,2025-10-05,False,True,True,True,True,0.14285714285714285
INSP01817,2025/06/23,S0368,True,True,True,Haan,False,Daksh Narasimhan,Toilets locked,SCH0368,2025-06-23,True,True,True,True,False,0.14285714285714285
INSP02066,2025-10-16,SCH0151,False,False,True,No,True,Triya Bedi,Good condition,SCH0151,,False,False,True,False,True,0.42857142857142855
INSP00128,2025-05-27,SCH0312,Y,False,True,False,Yes,Yashasvi Manda,Average,SCH0312,,True,False,True,False,True,0.2857142857142857
INSP01992,09/06/2025,SCH-0382,H,Available,True,True,0,Indali Gandhi,No remarks,SCH0382,,,,True,True,False,0.14285714285714285
INSP02007,20-Dec-2025,SCH0217,Working,True,True,,True,Darika Atwal,Toilets locked,SCH0217,,True,True,True,,True,0.0
INSP00981,26.01.2026,SCH0476,Haan,Hai,Available,H,True,,Good condition,SCH0476,,True,True,,,True,0.0
INSP01771,2025-08-11,SCH0085,Haan,Not Available,,True,N,Azaan Ramanathan,Toilets locked,SCH0085,,True,,,True,False,0.14285714285714285
INSP00191,03-09-2026,sch_0213,Y,haan,True,,False,Maanav Pai,Toilets locked,SCH0213,,True,True,True,,False,0.14285714285714285
INSP01140,07.08.2025,SCH0159,False,True,Haan,H,,Theodore Krishnan,Needs repair,SCH0159,,False,True,True,,,0.14285714285714285
INSP00993,29/10/2025,sch0165,Kharab,False,haan,False,False,Ria Sandhu,No remarks,SCH0165,,False,False,True,False,False,0.5714285714285714
INSP00700,08/01/2026,SCH0596,True,Hai,Yes,True,True,Hiral Issac,Good condition,SCH0596,,True,True,True,True,True,0.0
INSP00607,06/07/2025,S0321,haan,True,haan,na,Nahi hai,Chandran Balay,Good condition,SCH0321,,True,True,True,,,0.0
INSP00181,05-02-2025,SCH0560,True,H,Functional,True,False,Chameli Kadakia,,SCH0560,,True,,True,True,False,0.14285714285714285
INSP00302,24/12/2025,SCH0187,False,Functional,Functional,False,True,Girik Kumer,Toilets locked,SCH0187,,False,True,True,False,True,0.2857142857142857
INSP02545,09/11/2025,SCH0290,False,True,Hai,True,Kharab,,,SCH0290,,False,True,True,True,False,0.2857142857142857
INSP02918,07.01.2026,SCH0132,True,True,Hai,,Y,Omkaar Mody,Toilets locked,SCH0132,,True,True,True,,True,0.0
INSP01061,21-Jan-2026,SCH-0078,Available,1,Functional,H,Nahi hai,Vyanjana Gera,Average,SCH0078,,,True,True,,,0.0
INSP02962,13-Jul-2025,sch_0082,True,True,No,True,False,,,SCH0082,,True,True,False,True,False,0.2857142857142857
INSP00290,12-28-2025,S0416,,True,,1,True,Warjas Vala,,SCH0416,,,True,,True,True,0.0
INSP02566,27/10/2025,SCH-0535,True,True,Nahi hai,True,1,Sai Ratti,Toilets locked,SCH0535,,True,True,,True,True,0.0
INSP01070,2025-05-19,sch_0265,False,True,False,Available,Yes,Hemal Padmanabhan,,SCH0265,,False,True,False,,True,0.2857142857142857
INSP02525,10/02/2026,SCH0124,True,True,True,0,Nahi hai,,Needs repair,SCH0124,,True,True,True,False,,0.14285714285714285
INSP02206,08-Jul-2025,SCH0541,Kharab,False,True,False,Y,Amruta Sankaran,Toilets locked,SCH0541,,False,False,True,False,True,0.42857142857142855
INSP01244,16.03.2026,S0382,No,1,Functional,True,,Janani Arora,Good condition,SCH0382,,False,True,True,True,,0.14285714285714285
INSP00017,13/07/2025,0453,True,True,Hai,,1,Aadhya Bajwa,,SCH0453,,True,True,True,,True,0.0
INSP00928,07/03/2026,SCH0085,Kharab,H,True,Not Available,True,Yashoda Halder,No remarks,SCH0085,,False,,True,,True,0.14285714285714285
INSP00547,2025-12-06,0279,,True,Yes,True,H,Gagan Shankar,Good condition,SCH0279,,,True,True,True,,0.0
INSP00659,04/01/2026,SCH0286,False,Yes,Y,N,Yes,,Good condition,SCH0286,,False,True,True,False,True,0.2857142857142857
INSP02844,26.02.2026,SCH0022,na,Y,Hai,na,Nahi hai,Jairaj Bora,Average,SCH0022,,,True,True,,,0.0
INSP02876,2025/09/04,sch_0195,True,,,Hai,False,Qushi Bal,,SCH0195,2025-09-04,True,,,True,False,0.14285714285714285
INSP01505,09-May-2025,SCH0430,Available,True,H,True,True,Zayan Bhavsar,,SCH0430,,,True,,True,True,0.0
INSP00960,2025-07-14,S0185,True,True,Working,False,,Teerth Gole,Needs repair,SCH0185,,True,True,True,False,,0.14285714285714285
INSP02332,2025/12/24,SCH-0287,Haan,Y,True,N,Haan,,No remarks,SCH0287,2025-12-24,True,True,True,False,True,0.14285714285714285
INSP00798,01-14-2026,sch0593,True,True,1,False,True,Harinakshi Modi,Toilets locked,SCH0593,,True,True,True,False,True,0.14285714285714285
INSP00226,2025-08-08,sch_0064,True,False,0,Y,False,,Toilets locked,SCH0064,,True,False,False,True,False,0.42857142857142855
INSP02075,04-16-2025,sch_0567,False,H,H,False,0,,Good condition,SCH0567,,False,,,False,False,0.42857142857142855
INSP01800,13-Aug-2025,SCH-0404,True,Haan,Available,1,Y,Lavanya Varty,No remarks,SCH0404,,True,True,,True,True,0.0
INSP02486,20-Aug-2025,SCH0425,True,False,True,Nahi hai,0,Ayaan Sabharwal,Average,SCH0425,,True,False,True,,False,0.2857142857142857
INSP01642,26.11.2025,SCH0239,True,True,True,,True,Vasudha Jayaraman,Average,SCH0239,,True,True,True,,True,0.0
INSP02278,22.12.2025,SCH0502,,H,Haan,True,Nahi hai,,Needs repair,SCH0502,,,,True,True,,0.0
INSP02086,11.10.2025,sch_0161,True,Y,True,Haan,0,Fariq Sekhon,Average,SCH0161,,True,True,True,True,False,0.14285714285714285
INSP01694,03/02/2026,SCH0220,False,False,True,Broken,False,Ekansh Naik,Good condition,SCH0220,,False,False,True,False,False,0.5714285714285714
INSP02798,2025-09-12,S0037,Hai,1,Functional,Y,False,Samaksh Munshi,,SCH0037,,True,True,True,True,False,0.14285714285714285
INSP01046,03-04-2026,S0052,True,True,Nahi hai,Available,False,Kalpit Gandhi,Average,SCH0052,,True,True,,,False,0.14285714285714285
INSP00470,05/08/2025,sch_0462,True,True,No,1,na,Alka Sule,Good condition,SCH0462,,True,True,False,True,,0.14285714285714285
INSP00955,2025-12-12,SCH0116,False,Working,True,False,haan,Ati Behl,No remarks,SCH0116,,False,True,True,False,True,0.2857142857142857
INSP02175,01-Nov-2025,S0020,H,True,haan,False,Y,Triya Sibal,No remarks,SCH0020,,,True,True,False,True,0.14285714285714285
INSP02736,09/11/2025,sch0228,True,Yes,True,No,No,Avni Grewal,,SCH0228,,True,True,True,False,False,0.2857142857142857
INSP00640,17.10.2025,S0424,True,1,True,True,na,Qabil Balasubramanian,Good condition,SCH0424,,True,True,True,True,,0.0
INSP02921,10-26-2025,sch_0287,Hai,0,,0,,Gopal Sibal,Average,SCH0287,,True,False,,False,,0.2857142857142857
INSP01219,01/11/2025,SCH0302,Available,Yes,True,True,N,Sachi Raju,Toilets locked,SCH0302,,,True,True,True,False,0.14285714285714285
INSP01159,16.02.2026,sch_0338,True,,True,False,Yes,Naveen Sabharwal,Average,SCH0338,,True,,True,False,True,0.14285714285714285
INSP01416,2025/05/01,SCH0252,1,True,H,True,0,,No remarks,SCH0252,2025-05-01,True,True,,True,False,0.14285714285714285
INSP02853,13/06/2025,0544,True,True,H,True,Hai,Zehaan More,Toilets locked,SCH0544,,True,True,,True,True,0.0
INSP01528,22-Nov-2025,SCH-0047,False,True,True,Hai,Y,Megha Saini,,SCH0047,,False,True,True,True,True,0.14285714285714285
INSP01196,2025-07-27,sch0553,Not Available,True,No,0,True,Gaurika Narasimhan,Average,SCH0553,,,True,False,False,True,0.2857142857142857
INSP01301,09-24-2025,SCH0118,Y,True,True,True,True,,Needs repair,SCH0118,,True,True,True,True,True,0.0
INSP02580,2025/07/01,sch0546,True,,True,Y,1,Ayushman Sahota,No remarks,SCH0546,2025-07-01,True,,True,True,True,0.0
INSP01604,2025-08-12,sch0477,Haan,True,No,Y,Nahi hai,Ikbal Guha,Toilets locked,SCH0477,,True,True,False,True,,0.14285714285714285
INSP00161,2026-03-14,SCH0060,False,False,True,True,1,Advaith Kapur,Toilets locked,SCH0060,,False,False,True,True,True,0.2857142857142857
INSP01705,06.04.2025,SCH-0380,Yes,Functional,No,False,True,,,SCH0380,,True,True,False,False,True,0.2857142857142857
INSP00957,27.08.2025,sch0319,False,True,True,Y,Available,Isha Patel,Needs repair,SCH0319,,False,True,True,True,,0.14285714285714285
INSP01002,27.10.2025,SCH0208,True,Y,True,True,Under Repair,Harsh Jani,Toilets locked,SCH0208,,True,True,True,True,,0.0
INSP00878,20/07/2025,SCH0534,True,Available,na,Functional,N,Bhavani Sodhi,,SCH0534,,True,,,True,False,0.14285714285714285
INSP01920,04.04.2025,SCH0293,True,1,Yes,1,False,Veda Singh,Average,SCH0293,,True,True,True,True,False,0.14285714285714285
INSP01885,12/03/2026,sch_0199,False,True,True,,Kharab,Om Dewan,Toilets locked,SCH0199,,False,True,True,,False,0.2857142857142857
INSP02201,08-24-2025,sch0059,True,True,Y,False,0,Frederick Kohli,,SCH0059,,True,True,True,False,False,0.2857142857142857
INSP00099,03-06-2026,sch_0123,Working,True,True,True,N,Chandran Savant,Average,SCH0123,,True,True,True,True,False,0.14285714285714285
INSP02970,10-23-2025,sch0522,True,Yes,Yes,Nahi,False,Amruta Hari,Good condition,SCH0522,,True,True,True,False,False,0.2857142857142857
INSP02558,21-Oct-2025,SCH-0111,Not Available,True,0,haan,False,,Toilets locked,SCH0111,,,True,False,True,False,0.2857142857142857
INSP00254,02/09/2025,sch0406,Haan,Yes,True,Yes,False,Jonathan Pillai,No remarks,SCH0406,,True,True,True,True,False,0.14285714285714285
INSP00104,2025-07-17,sch_0205,True,True,Yes,,Available,Advaith Bhavsar,,SCH0205,,True,True,True,,,0.0
INSP01446,25/03/2026,sch0539,True,True,True,True,,Harsh Mall,Good condition,SCH0539,,True,True,True,True,,0.0
INSP01444,2025-04-22,SCH0521,True,True,True,False,Nahi hai,Nakul Saxena,No remarks,SCH0521,,True,True,True,False,,0.14285714285714285
INSP01649,14/11/2025,SCH0082,True,Available,Available,False,na,Anya Sankaran,Toilets locked,SCH0082,,True,,,False,,0.14285714285714285
INSP00587,05-May-2025,SCH0268,Haan,Y,Haan,True,No,Jagat Patla,Good condition,SCH0268,,True,True,True,True,False,0.14285714285714285
INSP00628,2025-06-30,sch_0081,True,1,Haan,Haan,na,,Average,SCH0081,,True,True,True,True,,0.0
INSP01697,2025-07-27,sch_0449,True,Haan,0,Working,Y,Ansh Rout,No remarks,SCH0449,,True,True,False,True,True,0.14285714285714285
INSP02102,03-03-2026,sch_0422,True,H,True,No,False,Amruta Patel,Needs repair,SCH0422,,True,,True,False,False,0.2857142857142857
INSP02200,2025-10-28,SCH0476,True,,True,True,Working,Nidra Radhakrishnan,Average,SCH0476,,True,,True,True,True,0.0
INSP00404,2025/07/22,S0015,True,True,Haan,na,haan,Rayaan Gill,Good condition,SCH0015,2025-07-22,True,True,True,,True,0.0
INSP01155,10-03-2025,SCH0458,H,Available,Nahi hai,False,0,Aashi Bajaj,No remarks,SCH0458,,,,,False,False,0.2857142857142857
INSP02256,23/05/2025,sch_0597,True,,True,False,True,,,SCH0597,,True,,True,False,True,0.14285714285714285
INSP02864,11-10-2025,SCH-0473,True,Available,True,False,No,Zehaan Krishnan,Toilets locked,SCH0473,,True,,True,False,False,0.2857142857142857
INSP01683,2026/02/20,SCH0152,Not Available,True,False,True,True,Daniel Balay,Average,SCH0152,2026-02-20,,True,False,True,True,0.14285714285714285
INSP02057,29.11.2025,sch_0369,Haan,True,True,Haan,False,Baljiwan Saxena,Good condition,SCH0369,,True,True,True,True,False,0.14285714285714285
INSP02987,24/06/2025,SCH-0131,,1,Y,0,Functional,Kevin Gade,Needs repair,SCH0131,,,True,True,False,True,0.14285714285714285
INSP00453,2025-10-07,sch_0026,,True,Functional,Hai,Nahi,Bishakha Nagar,No remarks,SCH0026,,,True,True,True,False,0.14285714285714285
INSP02302,2026-02-15,sch_0536,haan,False,True,True,True,Amara Mahal,No remarks,SCH0536,,True,False,True,True,True,0.14285714285714285
INSP01328,2025-04-18,SCH0081,Haan,,haan,Nahi hai,False,Dayita Menon,Toilets locked,SCH0081,,True,,True,,False,0.14285714285714285
INSP02050,07-Jan-2026,SCH0280,Functional,True,H,Hai,na,Aashi Prashad,Toilets locked,SCH0280,,True,True,,True,,0.0
INSP00881,05-17-2025,SCH-0184,True,1,Nahi,Available,0,Nandini Tella,Average,SCH0184,,True,True,False,,False,0.2857142857142857
INSP00843,2026/02/10,SCH0229,No,,True,Yes,False,Vaishnavi Salvi,No remarks,SCH0229,2026-02-10,False,,True,True,False,0.2857142857142857
INSP00624,01/09/2025,SCH0256,False,False,,False,True,Darsh Datta,Average,SCH0256,,False,False,,False,True,0.42857142857142855
INSP02394,2025-08-27,SCH0377,True,Haan,False,na,na,Laban Luthra,No remarks,SCH0377,,True,True,False,,,0.14285714285714285
INSP02914,07-09-2025,SCH0543,1,Y,Hai,True,Y,Unni Varma,Needs repair,SCH0543,,True,True,True,True,True,0.0
INSP01788,2025-11-12,S0495,na,True,True,True,True,Kai Sankar,No remarks,SCH0495,,,True,True,True,True,0.0
INSP00263,2025-10-18,S0444,Not Available,Y,1,Nahi,False,Keya Randhawa,Needs repair,SCH0444,,,True,True,False,False,0.2857142857142857
INSP01635,15.12.2025,SCH-0393,True,False,,True,N,Vasudha Venkatesh,Average,SCH0393,,True,False,,True,False,0.2857142857142857
INSP01439,29/11/2025,SCH0577,Y,Yes,Hai,Haan,Haan,Ekiya Nayak,,SCH0577,,True,True,True,True,True,0.0
INSP02199,2025-08-13,SCH0383,True,True,True,True,Working,Orinder Dutta,Average,SCH0383,,True,True,True,True,True,0.0
INSP01970,08-08-2025,SCH0164,,True,Functional,False,False,Pavani Gola,Average,SCH0164,,,True,True,False,False,0.2857142857142857
INSP02521,12/09/2025,SCH0443,Available,True,haan,Nahi hai,Y,,Good condition,SCH0443,,,True,True,,True,0.0
INSP01803,22.02.2026,SCH0314,Functional,True,True,True,True,Triveni Goel,Needs repair,SCH0314,,True,True,True,True,True,0.0
INSP00641,07/04/2025,SCH-0079,True,haan,Yes,,H,Devika Kumar,No remarks,SCH0079,,True,True,True,,,0.0
INSP02386,2025-12-31,S0357,True,False,1,True,False,,,SCH0357,,True,False,True,True,False,0.2857142857142857
INSP02599,20-Feb-2026,SCH0191,,True,,Hai,Nahi hai,,,SCH0191,,,True,,True,,0.0
INSP02973,03/03/2026,SCH-0028,True,True,True,True,Nahi,Faqid Parmer,Needs repair,SCH0028,,True,True,True,True,False,0.14285714285714285
INSP01960,28/02/2026,SCH0240,True,0,True,False,True,,Good condition,SCH0240,,True,False,True,False,True,0.2857142857142857
INSP00489,19/02/2026,SCH0195,Yes,Available,True,H,Nahi,Kavya Gade,Good condition,SCH0195,,True,,True,,False,0.14285714285714285
INSP01844,12-21-2025,SCH0048,True,,True,,True,Harinakshi Gole,Average,SCH0048,,True,,True,,True,0.0
INSP01735,19.06.2025,SCH0107,Y,True,True,True,Hai,Eshana Bhatia,Needs repair,SCH0107,,True,True,True,True,True,0.0
INSP00147,2025/07/09,SCH0201,Available,True,Hai,True,True,Tejas Hora,Average,SCH0201,2025-07-09,,True,True,True,True,0.0
INSP01535,09.06.2025,SCH0247,True,True,Functional,Nahi,,Yutika Dugal,Toilets locked,SCH0247,,True,True,True,False,,0.14285714285714285
INSP01987,05/12/2025,SCH-0274,True,Available,Available,False,False,Jai Sarkar,Needs repair,SCH0274,,True,,,False,False,0.2857142857142857
INSP01370,31-Jan-2026,sch_0165,False,False,Yes,Y,Yes,Manan Ravel,No remarks,SCH0165,,False,False,True,True,True,0.2857142857142857
INSP02451,07-11-2025,SCH0371,Y,Nahi hai,N,Nahi,na,Maanas Patla,,SCH0371,,True,,False,False,,0.2857142857142857
INSP01831,12-10-2025,S0181,,Yes,True,True,False,Vrinda Comar,Good condition,SCH0181,,,True,True,True,False,0.14285714285714285
INSP02812,14-Nov-2025,SCH0371,False,,Y,False,1,,,SCH0371,,False,,True,False,True,0.2857142857142857
INSP00660,01-Sep-2025,SCH0055,H,Nahi,False,True,na,Ranbir Mitra,No remarks,SCH0055,,,False,False,True,,0.2857142857142857
INSP01795,2025-04-23,S0197,True,True,Nahi,Y,Haan,Jacob Gaba,Good condition,SCH0197,,True,True,False,True,True,0.14285714285714285
INSP02512,2025-04-03,SCH0096,False,True,Nahi hai,1,True,,Average,SCH0096,,False,True,,True,True,0.14285714285714285
INSP00187,22.10.2025,sch0527,H,True,True,True,True,Ganga Murty,No remarks,SCH0527,,,True,True,True,True,0.0
INSP01148,2025/09/06,SCH-0363,True,Y,True,True,1,Darika Sarna,Good condition,SCH0363,2025-09-06,True,True,True,True,True,0.0
INSP00609,12-05-2025,SCH0593,False,True,True,Working,haan,Falak Kamdar,,SCH0593,,False,True,True,True,True,0.14285714285714285
INSP02192,2026-02-27,sch_0231,True,1,True,False,False,,No remarks,SCH0231,,True,True,True,False,False,0.2857142857142857
INSP02800,20/05/2025,SCH0019,True,True,Functional,Nahi hai,Yes,Rajata Salvi,Good condition,SCH0019,,True,True,True,,True,0.0
INSP01931,23.07.2025,sch0045,,True,True,True,False,Veer Naik,,SCH0045,,,True,True,True,False,0.14285714285714285
INSP00198,27/12/2025,SCH0403,Y,False,True,Y,True,Gaurika Kaur,Needs repair,SCH0403,,True,False,True,True,True,0.14285714285714285
INSP02328,2026/03/27,sch_0161,Working,True,Yes,True,H,Charvi Parmer,Needs repair,SCH0161,2026-03-27,True,True,True,True,,0.0
INSP00294,18/03/2026,sch_0064,True,Nahi hai,True,,0,Michael Badami,,SCH0064,,True,,True,,False,0.14285714285714285
INSP00767,2025-08-23,SCH0248,True,True,True,True,Nahi hai,Devansh Ganesh,Average,SCH0248,,True,True,True,True,,0.0
INSP00401,14/07/2025,SCH0040,Yes,Working,False,Working,True,Gunbir Sekhon,Average,SCH0040,,True,True,False,True,True,0.14285714285714285
INSP00123,09/11/2025,SCH0312,Yes,True,True,,False,Pahal Parmar,,SCH0312,,True,True,True,,False,0.14285714285714285
INSP00203,18.07.2025,SCH0274,False,1,haan,False,Kharab,Aadhya Sarna,Good condition,SCH0274,,False,True,True,False,False,0.42857142857142855
INSP00836,13.02.2026,SCH-0504,Functional,Yes,Y,1,False,Brinda Joshi,Good condition,SCH0504,,True,True,True,True,False,0.14285714285714285
INSP02295,2025/09/05,SCH-0446,Nahi hai,True,True,,False,Yochana Mahal,,SCH0446,2025-09-05,,True,True,,False,0.14285714285714285
INSP01440,11.12.2025,0352,0,True,H,Yes,True,Damini Comar,Good condition,SCH0352,,False,True,,True,True,0.14285714285714285
INSP01734,27-Jun-2025,sch0372,Available,na,True,True,True,Christopher Sharaf,,SCH0372,,,,True,True,True,0.0
INSP01696,11-Oct-2025,sch0578,Yes,,Not Available,Working,,Pavani Vyas,Toilets locked,SCH0578,,True,,,True,,0.0
INSP02749,2025-10-18,SCH0209,True,,True,Available,True,Devansh Oak,Toilets locked,SCH0209,,True,,True,,True,0.0
INSP01708,04-16-2025,SCH0037,True,na,False,Nahi,Working,Amol Keer,Average,SCH0037,,True,,False,False,True,0.2857142857142857
INSP00773,2025-09-09,SCH0413,True,True,True,False,1,Vidhi Karpe,Toilets locked,SCH0413,,True,True,True,False,True,0.14285714285714285
INSP01154,09-12-2025,0503,False,1,True,haan,False,Vincent Modi,Toilets locked,SCH0503,,False,True,True,True,False,0.2857142857142857
INSP01662,13/09/2025,SCH0219,Kharab,False,True,haan,Yes,Upma Mammen,Good condition,SCH0219,,False,False,True,True,True,0.2857142857142857
INSP02433,2025-08-15,sch0237,False,True,Hai,True,Hai,Harini Dhar,No remarks,SCH0237,,False,True,True,True,True,0.14285714285714285
INSP01760,02.09.2025,SCH0413,True,True,True,1,Not Available,Chaaya Garg,Average,SCH0413,,True,True,True,True,,0.0
INSP00855,01-26-2026,SCH0431,H,1,True,Yes,Functional,Sanya Ganesan,Average,SCH0431,,,True,True,True,True,0.0
INSP01590,2025-12-23,sch0340,H,H,True,Y,True,Hardik Mistry,Good condition,SCH0340,,,,True,True,True,0.0
INSP02268,09.11.2025,0542,True,True,Haan,False,N,Nitesh Bhavsar,No remarks,SCH0542,,True,True,True,False,False,0.2857142857142857
INSP00642,07-11-2025,SCH0387,True,True,True,True,True,Kamya Sahota,Average,SCH0387,,True,True,True,True,True,0.0
INSP00002,02-26-2026,sch0529,Hai,Haan,False,na,True,Charita Rout,Toilets locked,SCH0529,,True,True,False,,True,0.14285714285714285
INSP02161,21-Apr-2025,sch_0299,True,No,False,Haan,False,Isha Rattan,Good condition,SCH0299,,True,False,False,True,False,0.42857142857142855
INSP00699,2025-07-09,sch_0148,H,1,True,True,True,Mitali Kakar,Average,SCH0148,,,True,True,True,True,0.0
INSP01637,2025-07-04,S0445,True,True,False,,False,Chandani Bedi,,SCH0445,,True,True,False,,False,0.2857142857142857
INSP01292,2026-03-14,SCH-0203,,na,True,haan,False,Xavier Banerjee,Toilets locked,SCH0203,,,,True,True,False,0.14285714285714285
INSP02999,2025-12-07,SCH0514,False,H,na,Functional,False,Harita Deep,Needs repair,SCH0514,,False,,,True,False,0.2857142857142857
INSP02490,10-06-2025,S0527,True,True,0,True,False,Yatin Nayak,,SCH0527,,True,True,False,True,False,0.2857142857142857
INSP01521,02-Jul-2025,SCH0515,na,True,0,Broken,False,Dalaja Comar,Needs repair,SCH0515,,,True,False,False,False,0.42857142857142855
INSP01854,31/01/2026,sch_0201,Working,True,False,Y,True,Yasti Savant,Toilets locked,SCH0201,,True,True,False,True,True,0.14285714285714285
INSP01137,2025/11/05,SCH0358,True,Y,True,True,True,,Toilets locked,SCH0358,2025-11-05,True,True,True,True,True,0.0
INSP00394,2025-10-05,sch0114,1,True,True,True,True,Dhruv Jain,Needs repair,SCH0114,,True,True,True,True,True,0.0
INSP01632,07-31-2025,SCH0269,False,True,True,Nahi,No,Baghyawati Dash,,SCH0269,,False,True,True,False,False,0.42857142857142855
INSP01999,2025-10-11,SCH-0558,True,True,False,True,Kharab,Oscar Bir,Needs repair,SCH0558,,True,True,False,True,False,0.2857142857142857
INSP00664,09.10.2025,SCH0235,True,False,True,haan,Nahi hai,,,SCH0235,,True,False,True,True,,0.14285714285714285
INSP00684,24-Aug-2025,sch0586,True,True,H,True,True,Edhitha Palla,Average,SCH0586,,True,True,,True,True,0.0
INSP01258,05-May-2025,SCH0388,Available,True,Yes,False,Yes,Chandani Comar,,SCH0388,,,True,True,False,True,0.14285714285714285
INSP00318,21.08.2025,SCH0387,H,True,Functional,Yes,False,Triveni Walla,Needs repair,SCH0387,,,True,True,True,False,0.14285714285714285
INSP00649,12/10/2025,SCH-0223,Yes,True,1,haan,,Kamala Parikh,Needs repair,SCH0223,,True,True,True,True,,0.0
INSP01435,05/05/2025,S0545,Functional,True,haan,True,Not Available,Harish Shroff,Average,SCH0545,,True,True,True,True,,0.0
INSP01480,2025/10/16,SCH0004,False,True,True,Yes,haan,Meghana Sahota,,SCH0004,2025-10-16,False,True,True,True,True,0.14285714285714285
INSP00710,2025/12/13,S0336,Available,True,Y,Haan,True,Chanakya Nayak,Good condition,SCH0336,2025-12-13,,True,True,True,True,0.0
INSP01283,2025-07-12,SCH-0021,Nahi hai,H,False,True,False,,Good condition,SCH0021,,,,False,True,False,0.2857142857142857
INSP01769,2025/07/13,S0186,True,True,True,na,Broken,Yauvani Gulati,Needs repair,SCH0186,2025-07-13,True,True,True,,False,0.14285714285714285
INSP00973,22.03.2026,SCH0534,False,Y,1,H,1,Dipta Lad,Toilets locked,SCH0534,,False,True,True,,True,0.14285714285714285
INSP02676,05/11/2025,SCH0385,Hai,False,False,,,Thomas Munshi,Good condition,SCH0385,,True,False,False,,,0.2857142857142857
INSP02681,19-Oct-2025,SCH0557,True,True,True,Working,,Qasim Dugar,Good condition,SCH0557,,True,True,True,True,,0.0
INSP01307,2025/10/12,SCH0534,False,True,False,haan,,Gauri Chaudhari,Toilets locked,SCH0534,2025-10-12,False,True,False,True,,0.2857142857142857
INSP01401,18.06.2025,SCH0519,Yes,0,True,False,Y,Liam Sandhu,Average,SCH0519,,True,False,True,False,True,0.2857142857142857
INSP01409,07-Aug-2025,sch_0110,Hai,True,Working,True,True,Pahal Pillay,Average,SCH0110,,True,True,True,True,True,0.0
INSP02238,07/12/2025,sch_0140,Yes,True,1,H,Nahi,Kamya Tripathi,Toilets locked,SCH0140,,True,True,True,,False,0.14285714285714285
INSP01497,31.07.2025,SCH-0535,False,,True,False,True,Chaaya Lalla,Average,SCH0535,,False,,True,False,True,0.2857142857142857
INSP02039,27.12.2025,SCH0024,True,Yes,No,True,Hai,Luke Mann,Good condition,SCH0024,,True,True,False,True,True,0.14285714285714285
INSP01530,05-Jun-2025,SCH0182,N,True,Nahi,True,True,Janya Swaminathan,No remarks,SCH0182,,False,True,False,True,True,0.2857142857142857
INSP01664,30.11.2025,sch0076,False,Haan,True,Nahi,True,,Good condition,SCH0076,,False,True,True,False,True,0.2857142857142857
INSP01355,28/02/2026,SCH0254,,True,False,True,,Abhimanyu Gera,Good condition,SCH0254,,,True,False,True,,0.14285714285714285
INSP01583,2025-12-01,sch0590,Working,False,True,N,False,Guneet Pai,Average,SCH0590,,True,False,True,False,False,0.42857142857142855
INSP00322,25-Aug-2025,SCH-0408,True,Nahi,Y,False,True,Harrison Sharaf,Toilets locked,SCH0408,,True,False,True,False,True,0.2857142857142857
INSP01644,08/01/2026,sch_0229,Yes,True,True,Yes,False,Ekapad Butala,Average,SCH0229,,True,True,True,True,False,0.14285714285714285
INSP01052,02.08.2025,sch_0263,True,True,Working,False,,Avi Borra,Good condition,SCH0263,,True,True,True,False,,0.14285714285714285
INSP00796,25/03/2026,SCH0552,True,True,True,,True,Harita Prabhu,Good condition,SCH0552,,True,True,True,,True,0.0
INSP02694,2026-02-19,sch0590,Working,No,True,True,Nahi hai,,Needs repair,SCH0590,,True,False,True,True,,0.14285714285714285
INSP01598,2025-05-01,S0028,H,Functional,,True,True,Tanveer Doctor,Good condition,SCH0028,,,True,,True,True,0.0
INSP02605,08-31-2025,SCH0052,N,1,Nahi hai,Functional,Kharab,Zashil Khurana,Toilets locked,SCH0052,,False,True,,True,False,0.2857142857142857
INSP02730,17-Mar-2026,SCH-0524,False,Available,N,True,Kharab,Ishanvi Gokhale,No remarks,SCH0524,,False,,False,True,False,0.42857142857142855
INSP02626,18/06/2025,sch0050,Yes,haan,Nahi hai,na,False,,,SCH0050,,True,True,,,False,0.14285714285714285
INSP01820,01-Jul-2025,S0195,haan,False,Kharab,False,False,Ekiya Golla,Good condition,SCH0195,,True,False,False,False,False,0.5714285714285714
INSP01723,02.02.2026,SCH0304,No,True,Nahi,Nahi,False,Advika Babu,,SCH0304,,False,True,False,False,False,0.5714285714285714
INSP01184,04-08-2025,0073,H,True,Working,True,Haan,Aarnav Karan,No remarks,SCH0073,,,True,True,True,True,0.0
INSP02573,15-Oct-2025,S0264,True,True,True,True,False,Netra Mahal,Average,SCH0264,,True,True,True,True,False,0.14285714285714285
INSP01060,2026/02/15,SCH0598,True,Hai,False,True,True,Urvashi Mitter,Average,SCH0598,2026-02-15,True,True,False,True,True,0.14285714285714285
INSP00541,25/07/2025,SCH-0485,True,True,H,True,Working,Vasana Hegde,,SCH0485,,True,True,,True,True,0.0
INSP01679,2025/08/10,SCH0325,Functional,na,True,True,False,Mitali Deshmukh,Toilets locked,SCH0325,2025-08-10,True,,True,True,False,0.14285714285714285
INSP02797,13.06.2025,SCH0594,True,True,Hai,,,Vinaya Oommen,No remarks,SCH0594,,True,True,True,,,0.0
INSP00747,27-Nov-2025,sch0027,True,True,True,True,1,Darsh Raja,No remarks,SCH0027,,True,True,True,True,True,0.0
INSP02533,12-28-2025,SCH0182,Hai,Hai,True,True,Haan,Ekanta Bhandari,No remarks,SCH0182,,True,True,True,True,True,0.0
INSP01758,27-Jul-2025,sch_0427,True,Haan,Y,Yes,True,Anjali Sani,,SCH0427,,True,True,True,True,True,0.0
INSP01924,12-Oct-2025,SCH0438,Functional,True,Y,True,False,Rayaan Lala,No remarks,SCH0438,,True,True,True,True,False,0.14285714285714285
INSP00096,06-13-2025,S0244,True,True,True,False,False,Vrinda Karnik,,SCH0244,,True,True,True,False,False,0.2857142857142857
INSP01021,01-Jun-2025,0103,1,haan,H,False,Yes,Yoshita Borah,,SCH0103,,True,True,,False,True,0.14285714285714285
INSP00564,2026-03-12,SCH0182,N,True,False,,False,Jonathan Kanda,Toilets locked,SCH0182,,False,True,False,,False,0.42857142857142855
INSP02791,02-Jul-2025,sch0056,True,,,na,Hai,Max Agate,Average,SCH0056,,True,,,,True,0.0
INSP00864,2025/05/26,SCH-0212,Y,Working,False,Haan,Broken,Zashil Srivastava,,SCH0212,2025-05-26,True,True,False,True,False,0.2857142857142857
INSP01485,09/07/2025,SCH0107,Hai,1,Nahi,True,False,,No remarks,SCH0107,,True,True,False,True,False,0.2857142857142857
INSP02940,2025-08-02,S0356,False,False,True,True,Y,Falguni Ganesan,No remarks,SCH0356,,False,False,True,True,True,0.2857142857142857
INSP01882,23-Mar-2026,S0223,,Y,0,Yes,False,Chatresh Muni,Toilets locked,SCH0223,,,True,False,True,False,0.2857142857142857
INSP01039,2026-01-26,SCH-0254,Working,False,True,True,No,,Toilets locked,SCH0254,,True,False,True,True,False,0.2857142857142857
INSP00207,2025/06/10,SCH0297,True,Haan,True,True,haan,Qadim Taneja,No remarks,SCH0297,2025-06-10,True,True,True,True,True,0.0
INSP00393,30/12/2025,SCH0098,True,,True,True,,Abdul Mitter,Needs repair,SCH0098,,True,,True,True,,0.0
INSP02843,2025-04-21,SCH0269,False,Functional,Available,True,True,Chaaya Pall,,SCH0269,,False,True,,True,True,0.14285714285714285
INSP00871,26/10/2025,sch0510,True,No,,False,na,Upadhriti Dhar,Average,SCH0510,,True,False,,False,,0.2857142857142857
INSP00398,14/11/2025,SCH0292,Y,False,True,na,True,Ekansh Magar,,SCH0292,,True,False,True,,True,0.14285714285714285
INSP02815,15/05/2025,sch_0173,False,False,True,False,True,Azaan Pingle,Toilets locked,SCH0173,,False,False,True,False,True,0.42857142857142855
INSP02896,09/06/2025,SCH-0075,Not Available,No,False,,Available,Praneel Deo,,SCH0075,,,False,False,,,0.2857142857142857
INSP01029,05/10/2025,SCH0282,Yes,No,False,True,True,Mitali Sane,Needs repair,SCH0282,,True,False,False,True,True,0.2857142857142857
INSP02691,16.01.2026,SCH0084,Haan,True,1,True,True,Krishna Mukhopadhyay,,SCH0084,,True,True,True,True,True,0.0
INSP01486,2026-01-19,SCH-0210,Yes,Nahi,H,,Hai,Caleb Sha,Needs repair,SCH0210,,True,False,,,True,0.14285714285714285
INSP02661,06-Sep-2025,SCH0555,True,True,Functional,N,Hai,Netra Tiwari,Needs repair,SCH0555,,True,True,True,False,True,0.14285714285714285
INSP00961,2025/04/23,0355,Hai,Yes,Functional,Nahi,Under Repair,Aadi Kuruvilla,Toilets locked,SCH0355,2025-04-23,True,True,True,False,,0.14285714285714285
INSP01571,2026-02-15,SCH0236,Y,Yes,Haan,False,Nahi,Damini Iyengar,Needs repair,SCH0236,,True,True,True,False,False,0.2857142857142857
INSP02774,03-02-2026,S0534,True,False,False,Hai,True,,Good condition,SCH0534,,True,False,False,True,True,0.2857142857142857
INSP01896,07-22-2025,sch_0507,True,True,Working,False,True,Naveen Narain,Needs repair,SCH0507,,True,True,True,False,True,0.14285714285714285
INSP02732,2026-03-17,SCH0156,Not Available,False,True,True,True,Dayamai Goyal,Good condition,SCH0156,,,False,True,True,True,0.14285714285714285
INSP02147,05.11.2025,0367,Y,True,Haan,Haan,False,Ayushman Dixit,No remarks,SCH0367,,True,True,True,True,False,0.14285714285714285
INSP00805,11-25-2025,SCH0174,na,1,True,Haan,Haan,,Needs repair,SCH0174,,,True,True,True,True,0.0
INSP01752,31.01.2026,0229,,True,,True,0,Abha Thakur,,SCH0229,,,True,,True,False,0.14285714285714285
INSP02455,10-27-2025,SCH0439,Yes,True,True,Y,False,,Needs repair,SCH0439,,True,True,True,True,False,0.14285714285714285
INSP00503,2026/03/21,SCH0389,Nahi hai,Hai,True,Nahi,No,Krishna Dave,Toilets locked,SCH0389,2026-03-21,,True,True,False,False,0.2857142857142857
INSP02978,29-Jan-2026,SCH0039,,haan,True,Nahi,Under Repair,Kamya Goswami,Needs repair,SCH0039,,,True,True,False,,0.14285714285714285
INSP00780,06-Jun-2025,SCH-0295,Haan,0,True,,True,Balveer Sani,Toilets locked,SCH0295,,True,False,True,,True,0.14285714285714285
INSP01864,2025-05-16,sch_0221,Nahi hai,1,True,False,Kharab,Aditya Ganguly,,SCH0221,,,True,True,False,False,0.2857142857142857
INSP00201,17/05/2025,SCH0024,True,True,haan,False,Nahi hai,,Good condition,SCH0024,,True,True,True,False,,0.14285714285714285
INSP02183,20-May-2025,SCH-0267,True,haan,,Working,True,Niharika De,Average,SCH0267,,True,True,,True,True,0.0
INSP02089,2026/02/19,SCH0557,,True,False,Kharab,False,Eesha Minhas,,SCH0557,2026-02-19,,True,False,False,False,0.42857142857142855
INSP02279,2025-07-18,sch_0443,Y,True,True,haan,,Jonathan Bava,No remarks,SCH0443,,True,True,True,True,,0.0
INSP01797,19.08.2025,SCH0267,True,True,Y,,True,Anthony Mani,Good condition,SCH0267,,True,True,True,,True,0.0
INSP00379,09-17-2025,sch0024,True,False,True,,False,Aarini Nagy,Good condition,SCH0024,,True,False,True,,False,0.2857142857142857
INSP02337,2025-08-01,SCH0355,1,,Yes,False,True,Chatresh Datta,,SCH0355,,True,,True,False,True,0.14285714285714285
INSP00419,07-07-2025,SCH0522,Yes,True,Nahi hai,True,True,Tanveer Vala,Good condition,SCH0522,,True,True,,True,True,0.0
INSP01699,07-28-2025,sch0012,False,True,False,Hai,Nahi hai,,,SCH0012,,False,True,False,True,,0.2857142857142857
INSP00392,2025/09/25,sch0403,Functional,H,H,,1,Orinder Nanda,Needs repair,SCH0403,2025-09-25,True,,,,True,0.0
INSP02641,07/03/2026,0233,0,Y,Nahi,False,Haan,Baghyawati Johal,Toilets locked,SCH0233,,False,True,False,False,True,0.42857142857142855
INSP01523,10.06.2025,SCH0463,False,haan,Kharab,True,False,Frado Chandran,Needs repair,SCH0463,,False,True,False,True,False,0.42857142857142855
INSP01163,2025/10/12,SCH0377,True,Available,True,False,False,Xiti Chandra,Needs repair,SCH0377,2025-10-12,True,,True,False,False,0.2857142857142857
INSP01496,2025/04/20,sch_0300,True,Y,Yes,Under Repair,False,Umang Raman,,SCH0300,2025-04-20,True,True,True,,False,0.14285714285714285
INSP02696,2025/11/14,SCH-0159,True,Hai,True,0,False,Saumya Buch,Average,SCH0159,2025-11-14,True,True,True,False,False,0.2857142857142857
INSP02028,03-Sep-2025,0104,True,Y,True,Haan,Yes,Falak Patil,,SCH0104,,True,True,True,True,True,0.0
INSP01153,2025-10-21,sch_0049,1,Y,True,Hai,True,Bimala Hayer,Average,SCH0049,,True,True,True,True,True,0.0
INSP01368,05.12.2025,sch_0132,Functional,Not Available,H,False,False,Radha Tara,Good condition,SCH0132,,True,,,False,False,0.2857142857142857
INSP02569,25/03/2026,0148,N,False,Y,False,Available,Warinder Chatterjee,,SCH0148,,False,False,True,False,,0.42857142857142855
INSP00065,26/11/2025,sch0368,Available,Working,Hai,True,Under Repair,Aarna Kala,,SCH0368,,,True,True,True,,0.0
INSP02063,2026-02-06,SCH0136,False,Available,H,H,H,Brijesh Sule,Needs repair,SCH0136,,False,,,,,0.14285714285714285
INSP01181,2025-09-26,SCH0285,0,H,False,False,N,Waida Shan,Toilets locked,SCH0285,,False,,False,False,False,0.5714285714285714
INSP00493,05.03.2026,sch_0472,True,Hai,Nahi,Functional,,Daksh Thaker,Needs repair,SCH0472,,True,True,False,True,,0.14285714285714285
INSP00380,22/01/2026,SCH-0578,True,Yes,H,Yes,True,,Toilets locked,SCH0578,,True,True,,True,True,0.0
INSP02236,01-21-2026,SCH0526,Yes,True,True,Nahi,Nahi,Damyanti Pant,,SCH0526,,True,True,True,False,False,0.2857142857142857
INSP00764,04/09/2025,SCH0222,N,Y,1,1,True,Girik Sethi,,SCH0222,,False,True,True,True,True,0.14285714285714285
INSP02265,2026-02-06,SCH0420,Haan,Haan,True,1,True,Mekhala Pingle,,SCH0420,,True,True,True,True,True,0.0
INSP00792,2025-12-22,SCH0419,H,1,True,True,True,Girish Barad,Average,SCH0419,,,True,True,True,True,0.0
INSP01077,13/02/2026,sch_0302,True,1,True,True,True,Jatin Sarma,Toilets locked,SCH0302,,True,True,True,True,True,0.0
INSP00879,11.11.2025,SCH0588,True,True,Available,False,na,Yashodhara Chaudhuri,Good condition,SCH0588,,True,True,,False,,0.14285714285714285
INSP00338,13.03.2026,SCH0512,Y,Under Repair,Functional,haan,True,Hredhaan Bumb,Good condition,SCH0512,,True,,True,True,True,0.0
INSP02768,12/01/2026,sch0095,Yes,haan,True,True,Nahi hai,Alka Srinivasan,No remarks,SCH0095,,True,True,True,True,,0.0
INSP02344,2026-01-03,S0343,Hai,Hai,True,Y,0,Nathaniel Kata,Toilets locked,SCH0343,,True,True,True,True,False,0.14285714285714285
INSP01017,04/06/2025,SCH0331,False,False,haan,1,False,Kala Wason,Good condition,SCH0331,,False,False,True,True,False,0.42857142857142855
INSP01276,14/06/2025,sch_0343,True,H,No,N,False,,Good condition,SCH0343,,True,,False,False,False,0.42857142857142855
INSP00456,04-10-2025,sch_0302,Yes,True,Available,Available,True,Aahana Contractor,Good condition,SCH0302,,True,True,,,True,0.0
INSP00816,25/06/2025,sch0492,True,True,Yes,False,False,Amol Brahmbhatt,Average,SCH0492,,True,True,True,False,False,0.2857142857142857
INSP02318,03-08-2026,sch_0523,haan,Y,,Y,False,Brijesh Pai,Average,SCH0523,,True,True,,True,False,0.14285714285714285
INSP00996,2025/06/23,SCH0389,False,True,False,Broken,Yes,Sathvik Pillai,Needs repair,SCH0389,2025-06-23,False,True,False,False,True,0.42857142857142855
INSP01982,24-Aug-2025,S0100,Yes,Available,True,N,Working,Avi Ratta,No remarks,SCH0100,,True,,True,False,True,0.14285714285714285
INSP00202,27.05.2025,sch_0045,False,True,True,Nahi,True,Upadhriti Bandi,Average,SCH0045,,False,True,True,False,True,0.2857142857142857
INSP00162,2025/07/11,SCH0395,Working,Yes,Broken,Y,False,Anmol Nagy,,SCH0395,2025-07-11,True,True,False,True,False,0.2857142857142857
INSP01580,2025/11/04,0043,True,Working,No,Kharab,False,,Needs repair,SCH0043,2025-11-04,True,True,False,False,False,0.42857142857142855
INSP02778,2025-12-05,SCH0574,True,Haan,Hai,True,False,Adweta Deep,Toilets locked,SCH0574,,True,True,True,True,False,0.14285714285714285
INSP02450,16/10/2025,SCH-0375,Yes,True,H,Y,0,,,SCH0375,,True,True,,True,False,0.14285714285714285
INSP00703,31-Aug-2025,sch0463,haan,True,Working,Working,Broken,Indali Mann,Good condition,SCH0463,,True,True,True,True,False,0.14285714285714285
INSP01501,02-May-2025,SCH0596,True,Y,True,Under Repair,haan,Ekaja Chhabra,No remarks,SCH0596,,True,True,True,,True,0.0
INSP01130,2025-12-28,SCH-0411,False,Hai,1,Nahi hai,False,Omkaar Bora,Toilets locked,SCH0411,,False,True,True,,False,0.2857142857142857
INSP02614,07.08.2025,SCH-0263,Hai,Haan,,True,Haan,Charles Barad,,SCH0263,,True,True,,True,True,0.0
INSP01022,04.01.2026,SCH-0261,Working,na,H,True,0,Yashawini Mani,Needs repair,SCH0261,,True,,,True,False,0.14285714285714285
INSP01922,06-02-2025,sch_0228,True,1,True,True,Working,,Needs repair,SCH0228,,True,True,True,True,True,0.0
INSP01586,05.04.2025,S0182,Under Repair,Functional,True,True,na,Rudra Puri,Toilets locked,SCH0182,,,True,True,True,,0.0
INSP01956,15/07/2025,sch_0409,No,Y,True,True,False,Warhi Prasad,Good condition,SCH0409,,False,True,True,True,False,0.2857142857142857
INSP02254,2025-12-31,SCH-0528,True,True,No,True,N,Triya Oommen,Average,SCH0528,,True,True,False,True,False,0.2857142857142857
INSP00035,28.08.2025,SCH0336,Working,True,Working,True,Broken,Warhi Gulati,Toilets locked,SCH0336,,True,True,True,True,False,0.14285714285714285
INSP00776,04/07/2025,SCH0091,na,False,True,True,True,Jatin Ahluwalia,No remarks,SCH0091,,,False,True,True,True,0.14285714285714285
INSP02557,2026-02-06,SCH0078,False,haan,Nahi,No,Y,Laksh Khatri,Needs repair,SCH0078,,False,True,False,False,True,0.42857142857142855
INSP01479,01.12.2025,S0245,False,haan,Functional,True,True,Ekalinga Banerjee,Good condition,SCH0245,,False,True,True,True,True,0.14285714285714285
INSP00252,04/10/2025,SCH0111,Y,True,haan,1,False,Mohini Soni,,SCH0111,,True,True,True,True,False,0.14285714285714285
INSP01391,03/06/2025,sch0083,False,True,na,False,1,Riya Pandey,Average,SCH0083,,False,True,,False,True,0.2857142857142857
INSP02140,15/05/2025,sch_0450,True,Y,False,H,True,David Bhardwaj,Good condition,SCH0450,,True,True,False,,True,0.14285714285714285
INSP01364,02.08.2025,S0391,True,True,Functional,True,1,Kalpit Dixit,Needs repair,SCH0391,,True,True,True,True,True,0.0
INSP02946,2026-02-16,S0479,True,Hai,False,Broken,True,Ethan Balay,No remarks,SCH0479,,True,True,False,False,True,0.2857142857142857
INSP02613,2025/04/22,S0288,,Nahi hai,True,False,False,,No remarks,SCH0288,2025-04-22,,,True,False,False,0.2857142857142857
INSP02825,05-18-2025,sch_0563,True,Haan,Yes,False,Broken,Vidhi Borah,,SCH0563,,True,True,True,False,False,0.2857142857142857
INSP02042,23/08/2025,SCH-0255,False,Nahi,True,True,Hai,Omya Kurian,Toilets locked,SCH0255,,False,False,True,True,True,0.2857142857142857
INSP00242,23/05/2025,SCH-0160,True,True,,True,Y,Samaksh Kaul,Needs repair,SCH0160,,True,True,,True,True,0.0
INSP02062,2026-01-08,sch_0366,Yes,Haan,,True,True,Panini Mukhopadhyay,,SCH0366,,True,True,,True,True,0.0
INSP02364,2025-07-31,S0288,True,Functional,,,haan,Saumya Dyal,No remarks,SCH0288,,True,True,,,True,0.0
INSP00601,27/09/2025,S0260,True,True,False,Kharab,Nahi,Dominic Sehgal,Needs repair,SCH0260,,True,True,False,False,False,0.42857142857142855
INSP02436,11/11/2025,SCH0229,True,False,False,Available,Nahi,Indira Ganesan,,SCH0229,,True,False,False,,False,0.42857142857142855
INSP01298,07/11/2025,sch_0410,False,False,Haan,,True,Mitesh Gokhale,Toilets locked,SCH0410,,False,False,True,,True,0.2857142857142857
INSP02215,01-03-2026,SCH0108,Kharab,Haan,Available,Under Repair,Y,Vrinda Srinivasan,Toilets locked,SCH0108,,False,True,,,True,0.14285714285714285
INSP02889,2025/11/06,SCH0258,False,Haan,H,1,,Viraj Dua,Average,SCH0258,2025-11-06,False,True,,True,,0.14285714285714285
INSP02069,2026-03-27,sch_0164,,Y,H,False,Haan,,No remarks,SCH0164,,,True,,False,True,0.14285714285714285
INSP00647,2025/10/06,S0385,True,True,Not Available,False,0,Akshay Saha,Average,SCH0385,2025-10-06,True,True,,False,False,0.2857142857142857
INSP01529,20/11/2025,S0412,Nahi hai,True,Working,haan,False,Nikita Pandya,,SCH0412,,,True,True,True,False,0.14285714285714285
INSP02880,23/07/2025,sch_0151,Hai,True,True,False,Nahi hai,Anmol Saxena,Toilets locked,SCH0151,,True,True,True,False,,0.14285714285714285
INSP01268,31/05/2025,SCH-0550,haan,Y,False,Working,Functional,Oni Jaggi,Average,SCH0550,,True,True,False,True,True,0.14285714285714285
INSP01900,10-Aug-2025,SCH-0293,,False,True,Yes,False,Priya Sankar,Good condition,SCH0293,,,False,True,True,False,0.2857142857142857
INSP00563,2025/08/30,SCH0221,False,False,1,Nahi hai,Nahi hai,Lohit Uppal,Good condition,SCH0221,2025-08-30,False,False,True,,,0.2857142857142857
INSP02910,09/06/2025,sch_0070,Haan,Hai,No,True,True,Krisha Tailor,Toilets locked,SCH0070,,True,True,False,True,True,0.14285714285714285
INSP02735,2026-02-09,sch0373,Functional,False,haan,True,False,Hardik Ray,,SCH0373,,True,False,True,True,False,0.2857142857142857
INSP01118,07.08.2025,SCH-0382,Working,Yes,False,Nahi,Haan,Aishani Keer,Needs repair,SCH0382,,True,True,False,False,True,0.2857142857142857
INSP00190,17/12/2025,SCH-0053,Haan,False,True,False,False,Rayaan Hayer,Average,SCH0053,,True,False,True,False,False,0.42857142857142855
INSP01807,2026-03-10,sch_0300,True,haan,Yes,True,False,Jhalak Gopal,Needs repair,SCH0300,,True,True,True,True,False,0.14285714285714285
INSP00976,2025/04/02,SCH-0068,Yes,Working,Haan,Available,No,Umang Dora,Needs repair,SCH0068,2025-04-02,True,True,True,,False,0.14285714285714285
INSP02748,09.04.2025,sch0562,True,True,True,False,Y,Bhavika Balakrishnan,Needs repair,SCH0562,,True,True,True,False,True,0.14285714285714285
INSP02048,03-03-2026,SCH-0142,Y,Y,,Available,True,Dhruv Shanker,No remarks,SCH0142,,True,True,,,True,0.0
INSP02559,23-Feb-2026,sch_0007,No,haan,True,1,True,Patrick Tak,No remarks,SCH0007,,False,True,True,True,True,0.14285714285714285
INSP01083,12-16-2025,SCH0139,Yes,Hai,False,,False,Inaya Reddy,Toilets locked,SCH0139,,True,True,False,,False,0.2857142857142857
INSP00475,01-May-2025,SCH0196,0,True,True,N,Nahi,Yoshita Parmer,Average,SCH0196,,False,True,True,False,False,0.42857142857142855
INSP02905,10.11.2025,SCH-0086,True,Available,Yes,True,Nahi,Avi Keer,No remarks,SCH0086,,True,,True,True,False,0.14285714285714285
INSP00748,16/04/2025,SCH-0141,Y,True,True,0,Yes,,Needs repair,SCH0141,,True,True,True,False,True,0.14285714285714285
INSP02301,20-Aug-2025,SCH0509,False,Working,True,True,haan,,Good condition,SCH0509,,False,True,True,True,True,0.14285714285714285
INSP00022,20-Feb-2026,SCH-0268,True,Y,H,True,False,Aarini Baral,Good condition,SCH0268,,True,True,,True,False,0.14285714285714285
INSP00460,06-15-2025,sch0398,1,True,True,Nahi hai,False,Charita Agate,,SCH0398,,True,True,True,,False,0.14285714285714285
INSP01185,02-26-2026,SCH0279,,True,Yes,,Under Repair,Ekta Kamdar,Average,SCH0279,,,True,True,,,0.0
INSP02325,09-01-2025,sch_0008,Y,haan,Under Repair,True,Kharab,Qushi Loyal,Average,SCH0008,,True,True,,True,False,0.14285714285714285
INSP00956,2025/06/03,0367,False,True,H,0,0,Gauri Bali,Toilets locked,SCH0367,2025-06-03,False,True,,False,False,0.42857142857142855
INSP01216,08-13-2025,SCH0040,N,True,Yes,Yes,haan,Kalpit Varkey,Needs repair,SCH0040,,False,True,True,True,True,0.14285714285714285
INSP02434,05-10-2025,sch0105,False,Available,Haan,Broken,False,Pahal Shukla,Toilets locked,SCH0105,,False,,True,False,False,0.42857142857142855
INSP02854,2025/09/09,SCH0217,Hai,True,True,False,True,Tejas Aurora,Needs repair,SCH0217,2025-09-09,True,True,True,False,True,0.14285714285714285
INSP01516,27.05.2025,SCH0504,False,haan,H,Yes,Working,Dhruv Chander,Toilets locked,SCH0504,,False,True,,True,True,0.14285714285714285
INSP02392,2026-01-07,SCH0224,True,True,Yes,False,True,Gayathri Panchal,Average,SCH0224,,True,True,True,False,True,0.14285714285714285
INSP00770,2025-05-12,SCH0349,,,1,No,Nahi,Unnati Ram,Toilets locked,SCH0349,,,,True,False,False,0.2857142857142857
INSP01686,2025-08-24,sch_0452,True,1,H,True,False,,Average,SCH0452,,True,True,,True,False,0.14285714285714285
INSP00131,12-08-2025,SCH-0169,haan,Y,Hai,Y,na,Kala Dubey,Average,SCH0169,,True,True,True,True,,0.0
INSP02920,2026-01-31,SCH0315,True,True,True,False,True,Lakshmi Mangal,Toilets locked,SCH0315,,True,True,True,False,True,0.14285714285714285
INSP02136,22-Jan-2026,SCH-0114,False,True,Yes,H,Haan,Chaitaly Bhasin,,SCH0114,,False,True,True,,True,0.14285714285714285
INSP01483,24/07/2025,SCH0354,True,Functional,True,True,True,Yashoda Sehgal,Good condition,SCH0354,,True,True,True,True,True,0.0
INSP00331,2025-12-04,SCH0420,True,True,1,True,True,Balhaar Chatterjee,Average,SCH0420,,True,True,True,True,True,0.0
INSP01239,2025-07-22,SCH-0174,Y,,True,True,N,Qarin Mukhopadhyay,Needs repair,SCH0174,,True,,True,True,False,0.14285714285714285
INSP00467,2025-05-05,SCH-0438,Hai,Y,Y,haan,True,Leela Bumb,Average,SCH0438,,True,True,True,True,True,0.0
INSP02170,16/05/2025,0490,True,True,Y,Hai,False,Akshay Muni,,SCH0490,,True,True,True,True,False,0.14285714285714285
INSP01639,2025/09/09,SCH-0305,Yes,True,True,True,False,,,SCH0305,2025-09-09,True,True,True,True,False,0.14285714285714285
INSP02415,2025-10-23,SCH0259,Y,Yes,Yes,False,False,Akshay Bahri,No remarks,SCH0259,,True,True,True,False,False,0.2857142857142857
INSP01096,2025/07/10,SCH-0435,,Y,Yes,Yes,False,Caleb Bhakta,,SCH0435,2025-07-10,,True,True,True,False,0.14285714285714285
INSP01131,09/08/2025,SCH-0035,True,False,True,True,True,Chanchal Modi,Good condition,SCH0035,,True,False,True,True,True,0.14285714285714285
INSP01295,2025-09-29,SCH0549,No,H,,True,True,Gaurang Raman,Good condition,SCH0549,,False,,,True,True,0.14285714285714285
INSP00861,11-01-2025,SCH0301,True,True,,Available,False,,No remarks,SCH0301,,True,True,,,False,0.14285714285714285
